slug,district,old_label,new_label,old_coverage,new_coverage,old_1step_r2,new_1step_r2,old_1step_nrmse,new_1step_nrmse,old_multi_r2,new_multi_r2,old_multi_nrmse,new_multi_nrmse,old_r2_meaningful,new_r2_meaningful,gwl_span
390713- Jairampur PMS -Shallow_UPGW_dae67f3f,VARANASI,weak,directional,0.3755555555555555,1.0,0.9570139633390508,0.5233911061292651,0.0711117620853349,0.1836022874618795,-2.656272435151295,-1.1304341277905323,0.3786486254541402,0.2128762466566908,False,False,0.365
750128- PMS Sulemapur -Medium_UPGW_df2d1410,VARANASI,directional,directional,1.0,1.0,0.960628536919584,0.960628536919584,0.0584810902316981,0.0584810902316981,-1.0064644003869223,-1.0064644003869223,0.2513589874337498,0.2513589874337498,False,False,0.1099999999999994
750523- Kakalpur PMS -Medium_UPGW_0d39e8d9,VARANASI,weak,reliable,0.6755555555555556,0.9111111111111112,0.981700263070866,0.9782013018273232,0.0314602124755163,0.0423460876606019,-10.90555223118928,-4.598552191634401,0.4601915090946919,0.3802102757187233,True,True,1.2420000000000009
750718- Primary Sch Matuka -Medium_UPGW_48d03f9d,VARANASI,reliable,reliable,0.9947089947089948,0.8792929292929293,0.983916963875766,0.9936934330597694,0.0222785814677312,0.022189614934999,0.4534429997964528,-1.5469237746204407,0.070060251056528,0.2390478118363976,True,True,7.093
750825- Primary Sch Shivrampur -Medium_UPGW_c0672bcb,VARANASI,reliable,reliable,0.9842592592592592,0.9148148148148147,0.923111253584897,0.9546589784485036,0.0486712185563859,0.0488784695422068,-0.0532484775585162,-1.236441522494074,0.1001769039040106,0.1934576484280251,True,True,7.165000000000001
ASHADHA PRATHMIK VIDYALAYA_UPGW_5f5b3671,KAUSHAMBI,directional,weak,0.9477366255144032,0.5993464052287582,0.7559531555355575,0.8272321197501625,0.0658666263710232,0.0860702198008583,-12.040326244435542,-1.12495086515557,0.2524399842282276,0.1563531809268248,True,True,2.773000000000001
Aadarsh Kisaan Inter College Bhabhuwa_UPGW_7154da63,BANDA,weak,weak,0.5133333333333333,0.4488888888888889,0.977313477483826,0.9824210360916864,0.0443045127912568,0.043088263721554,-3.1938104278260804,-3.266947850837488,0.3944943567719084,0.4419082131414708,True,True,6.334
Aadarsh Prathmik Vidhyalaya Mahua_UPGW_eaeeb30a,SIDDHARTHNAGAR,reliable,directional,0.8646464646464647,0.9196078431372549,0.9700390456111057,0.985750936530279,0.0418904979692163,0.0343689696115122,-0.6658181437583457,-12.911008122367296,0.1786925321918557,0.5810934033619639,True,False,0.665
Aagan Waadi Kender Dwarkapur_UPGW_239fec31,FATEHPUR,directional,directional,0.9363636363636364,0.9381944444444444,0.988929264905454,0.99746399183033,0.0226719484818353,0.0140940671141069,-5.225163814609042,-33.82168620331752,0.3113346465047231,0.9129163854055642,True,True,1.974
Aagan Wadi Kendra Chandni_UPGW_7ceead1b,JALAUN,reliable,reliable,0.8323232323232324,0.9006172839506172,0.9902820688080268,0.9901075563418004,0.0305705985807242,0.0205717631653636,-1.4091474853694943,-2.825855926012652,0.2710790489024433,0.2211307822899823,True,True,7.1240000000000006
Aaganwadi Kender Kakrawali_UPGW_a060205f,ETAH,weak,directional,0.6839506172839506,1.0,0.9790928857627246,0.8520108417776939,0.0308674624826205,0.1091185220269869,-0.3904826029006925,-0.5020819581883535,0.1461421447564352,0.1967689243693188,True,True,2.693
Aaganwadi Kender Khanjarpur_UPGW_21679f87,GHAZIABAD,weak,weak,0.3838383838383838,0.4484848484848485,0.895196824598274,0.8338437510964167,0.0766513021922126,0.09533748674691,-1.4135695472914338,-0.7223705001929186,0.2097840975558068,0.1755996138439922,True,True,1.1209999999999989
Aaganwadi Kendra Pakri Bazaar_UPGW_e5c3ae90,DEORIA,reliable,reliable,0.89,0.8176470588235294,0.8639144492115205,0.9835994827513244,0.0710674165178976,0.0337250471502205,-1.0985298450045495,-1.7067988466292707,0.1600466897932733,0.2380822710702915,True,True,1.3620000000000003
Aanganwadi Kendra_UPGW_af5faaa7,BAGHPAT,directional,weak,0.87953216374269,0.7310185185185185,-9.893144474578254,0.9211120868310756,0.6817656051157523,0.0814097902260636,-17.3415963470356,-366.3949975076551,0.4783700356247339,2.945136926919543,True,False,0.2240000000000002
"Aanganwadi kendra, Barhara_UPGW_d575ae21",HAMIRPUR,weak,weak,0.6296296296296297,0.6865079365079365,0.959895105714574,-410.0180228069632,0.0700956461816796,6.211888242473644,-1.818143008192672,-639.0764400180456,0.3185076286863749,4.334828901069341,True,False,0.4719999999999995
Aanganwadi kendra_UPGW_5d843c8d,MEERUT,weak,directional,0.6607407407407407,0.7788359788359789,-2.422806253372148,0.934367318412507,0.4278378010362001,0.0854326760236551,-754.020056741219,-54.6758699306607,3.4889726073464447,1.331267016077456,True,True,1.0259999999999998
Aasao Pura_UPGW_38ff3f5d,LALITPUR,weak,weak,0.0,0.0,-1.4561076801778254,-1.3098864169871742,0.4724512182929833,0.5113086761583752,-1.0,-1.0,0.0,0.0,True,True,5.26
Abdullahpur Primary School -Medium_UPGW_ded94f81,MEERUT,reliable,directional,0.985858585858586,0.9388888888888888,0.9065767871199332,0.9291257644816824,0.0591633891007647,0.0711663796855178,-0.8918664358785373,-7.693227762805851,0.1539455999168122,0.4316997887454404,True,True,0.8160000000000025
Abhauli (UP-153)_UPGW_dc3fb35c,SANT RAVIDAS NAGAR,reliable,directional,0.878319783197832,0.926558265582656,0.9985780317733788,0.9966300809459686,0.0087404014297394,0.0134763663767372,-1.4791216666404314,-1.5034248833130317,0.1876925693422849,0.1904465063794286,True,True,2.7200000000000006
Adari_2_UPGW_2d068539,BANDA,weak,weak,0.0,0.0888888888888888,0.9530910132923126,0.9462202874039616,0.0580375394841305,0.0967568041892514,-1.0,-1.566191734593953,0.0,0.6503005214206151,True,True,51.39
"Adarsh Primary School, Dubar Kalan_UPGW_fdc21585",MIRZAPUR,directional,weak,0.9813492063492064,0.6303921568627451,0.9165251712368075,0.6332105137202885,0.0573796197310578,0.118498441794968,-2.366442859408503,-4.906620453992545,0.1910873193039562,0.2478069779863604,True,True,3.514
Agan Wadi Kendra Kuchendu_UPGW_1c2dd704,BANDA,directional,directional,1.0,0.9984126984126984,0.9948982212677362,0.9924349179001484,0.0228464293366552,0.0310768648086738,-1.233262312982438,-2.370420088109623,0.2683410363309439,0.39200659845968,True,True,15.992
Aganwadi Kendra Rupauli_UPGW_39b7f054,CHITRAKOOT,directional,directional,1.0,0.9266666666666666,-0.6226158175399656,0.7888605408915229,0.3580168336283404,0.136002858147494,-1.6598664932036966,-1328.4369407234924,0.2447182436473802,5.750047093486798,True,False,0.2200000000000006
Agra City (UP-017)_UPGW_cb3c78f2,AGRA,weak,reliable,0.6138888888888889,0.932748538011696,0.9952718041445158,0.9542860938052136,0.0170797624767222,0.050180409610656,-0.0371627124344897,-0.5507785383444748,0.1291559844452793,0.1489845792597631,True,True,1.5670000000000002
Ahmad Ganj_UPGW_19c70a1d,CHITRAKOOT,reliable,weak,0.8264367816091954,0.3383838383838384,0.9870935328203252,0.9793660615510476,0.0529618542599701,0.0519748315715475,-0.2783917395714139,-1.9596764878592308,0.2768454968034148,0.323065747654385,True,True,43.36
Ahmadpur Savant (UP-163)_UPGW_63ce1705,SAHARANPUR,reliable,reliable,0.9357723577235773,0.9070048309178744,0.9692632141898616,0.9859789161019894,0.0322742923533738,0.024660520975339,-0.6964570384901603,-1.1670793319698274,0.123628971684464,0.1572398524479856,True,True,5.439000000000001
Airayan  (UP-023)_UPGW_2afb4452,FATEHPUR,weak,reliable,0.7281323877068558,0.9211328976034858,0.9867743134153238,0.9687484230728696,0.0291736595349842,0.0311472378722687,-0.7428111024452595,-3.487533368221423,0.171243594622298,0.1902835722409523,True,True,5.807000000000002
Alakchandra Inter college Bhinga_UPGW_e3ab1600,SHRAWASTI,reliable,directional,0.8155555555555556,0.9648148148148148,0.9913685156209427,0.6372994533575496,0.0284823614130301,0.0955850054542136,-0.1852241173709183,-3.4637355869956945,0.1734264644944735,0.1739604939006382,True,True,2.5620000000000003
Aligarh Chandaus  Somana_UPGW_c3961686,AGRA,directional,reliable,1.0,0.8059259259259259,0.9615019810169996,0.9590873316986538,0.0384002859345285,0.0391350066495256,-1.0064889647530078,-2.231487384538958,0.1487550135893996,0.1820839724783504,True,True,4.161
Aligarh Chandaus Chuharpur_UPGW_d3881f9c,AGRA,directional,weak,1.0,0.5973180076628353,0.9851955297041612,0.966454279502702,0.0275005582191391,0.0456254798602703,0.1199968285557471,-2.066318190035564,0.1129070523576766,0.2292687543655136,True,True,2.1950000000000003
Aligarh Chandaus Lohput_UPGW_39619e20,AGRA,weak,weak,0.3666666666666666,0.3666666666666666,0.9167881530332848,0.9167881530332848,0.0721407377856953,0.0721407377856953,-2.132619900778224,-2.132619900778224,0.36290945452018,0.36290945452018,False,False,0.7070000000000007
Aligarh Chandaus Maharajpur_UPGW_cbcbe904,AGRA,directional,directional,1.0,0.8574074074074074,0.9621765201615052,0.957349935921303,0.0461011537774832,0.0488448821955651,-1.246343418426688,-6.815215813752995,0.1894483082793799,0.345447116602813,True,True,1.7910000000000004
Aligarh Gonda Chuhurpur Kinala_UPGW_eae773c6,AGRA,reliable,reliable,0.943939393939394,0.8097777777777778,0.9592054012376428,0.985318812841053,0.0514307040806045,0.0387688193476872,-1.2822457319279938,-0.0193512452838724,0.2065797738265226,0.1714815050515602,True,True,3.681
Aligarh Jawa Bahadurpur Kota_UPGW_8302d1d4,AGRA,directional,reliable,1.0,0.8602150537634409,0.934848039880286,0.9010941802137904,0.0275977279472508,0.0922658259655117,-3.752807082760402,0.008916333749727,0.1247485456198352,0.1522360864488345,True,True,2.4670000000000005
Aligarh Jawa Jamalpur Siya_UPGW_f9f0b692,AGRA,directional,weak,1.0,0.5434343434343434,0.9865418787712156,0.9828086096763148,0.0198811242404721,0.030961680506029,-0.6388515813716054,-3.048989811937507,0.1146831033193267,0.2481456412882102,True,True,2.116
Aligarh Jawa Sogera_UPGW_5e02ab57,AGRA,directional,reliable,1.0,0.774910394265233,0.9697608354952052,0.991222081037176,0.0240366297874455,0.0195063887246829,-0.4397376973486468,-1.0711806471126537,0.0874136225434688,0.1564877360402461,True,True,3.901
Aligarh Khair Arrana_UPGW_6bbb8ebf,AGRA,directional,reliable,1.0,0.7666666666666667,0.9823368268035196,0.963933563508319,0.0265969752398905,0.0353370715786489,-0.2020967053441289,-2.5652975870176205,0.1164718459419923,0.1832506897290529,True,True,3.628
Aligarh Khair Utwara_UPGW_26a8dfc7,AGRA,directional,reliable,0.994238683127572,0.825,0.9844811337943704,0.9708752720220788,0.0237112618095277,0.033095504510879,-0.0394244150054676,-2.933935947117797,0.1015909697685149,0.1994003634942533,True,True,2.405
Aligarh Lodha Aisi Kol_UPGW_6478a226,AGRA,reliable,reliable,0.7924603174603174,0.8041269841269841,0.7077253335396365,0.948820224852496,0.0914388059830062,0.0587461203630391,-5.57964463609371,-0.8652041061263995,0.2261940590275769,0.1843328290903445,True,True,2.0159999999999982
Aligarh Lodha Mahrawalpur Nagariya_UPGW_a3079d0a,AGRA,directional,reliable,1.0,0.7863799283154121,0.9691616136373996,0.9527518951257778,0.0438580360088461,0.0784585327467216,0.0583692481875569,0.2536318474294899,0.1296316460724942,0.1625387952585038,True,True,2.603999999999999
Alipur Aterna_1_UPGW_3759e8f5,MUZAFFARNAGAR,directional,directional,0.8930555555555556,0.8875,-0.5436136075789857,-0.2503018016359435,0.3263226184781059,0.3279060479229655,-0.08329315970266,-0.271697643595614,0.1594658427516797,0.1933015057438866,True,True,49.38
Alipur_UPGW_6d7e7fc1,Kansiram Nagar,directional,directional,0.9511111111111112,0.9511111111111112,0.9470417604382798,0.9470417604382798,0.0550586770836491,0.0550586770836491,-0.8905349137322418,-0.8905349137322418,0.1728015396417809,0.1728015396417809,True,True,2.969
Allahabad City (UP-046)_UPGW_4d60da99,Allahabad,directional,directional,0.9875,0.9875,0.7907883636400052,0.7907883636400052,0.0709330430383538,0.0709330430383538,-12.2086841051835,-12.2086841051835,0.2898362313777682,0.2898362313777682,True,True,3.5690000000000026
Allaiha Badhaiya_UPGW_50d33766,CHITRAKOOT,weak,weak,0.3512820512820512,0.0426666666666666,0.9863348016282364,0.971887358011518,0.0510586120828207,0.042016503494951,-2.7996986863350237,-6.390374997312674,0.4774925421541327,0.3593339265500951,True,True,44.260000000000005
Amauli (UP-027)_UPGW_bb6a1899,FATEHPUR,reliable,reliable,0.9144927536231884,0.8588888888888889,0.9811616075961682,0.9870950924651796,0.0206159533749148,0.02542145319187,-0.8557457719983161,-1.257748411073866,0.1055198663923632,0.1724037914479743,True,True,6.609000000000002
Amchurnirua_UPGW_ea138994,CHITRAKOOT,directional,weak,0.7612698412698413,0.0711111111111111,0.1582999388714011,0.6980236598609628,0.4295057021447681,0.1747340512409377,-0.6163448848991424,-128.32748564919078,0.30790431953064,1.8731554382465028,True,True,5.65
Amgaon (UP-067)_UPGW_8a9fbfe2,HAMIRPUR,weak,weak,0.4286052009456265,0.4278959810874704,0.9915842159618302,0.983165945233312,0.0274256052938324,0.0396563900086483,0.6212672546861496,0.2632524052811008,0.0941618656581616,0.135235634958523,True,True,12.971000000000002
Amliha_1_UPGW_cee4e113,CHITRAKOOT,weak,weak,0.3703703703703703,0.5555555555555556,0.9633146621563003,0.9682905597778884,0.0843517196890772,0.0831881396055095,-0.8839086493924009,-2.436026487079926,0.435271002168719,0.6389577779157424,True,True,34.92
Amlour_UPGW_25c46736,BANDA,directional,weak,0.8015873015873016,0.6094850948509485,-0.540785263791945,-31.71203250982522,0.5956651120697763,1.1900156958012906,-0.0112912121165329,-11.080679100533144,0.2521524380313623,0.3734469916713362,True,True,6.670000000000002
"Amroha Forest Department, Medium_UPGW_17e56af5",Amroha (J.P.Nagar),weak,weak,0.6753086419753086,0.6753086419753086,0.8933755652438983,0.8933755652438983,0.0562036268001027,0.0562036268001027,-4.47945173462605,-4.47945173462605,0.208060141473762,0.208060141473762,True,True,1.5370000000000008
"Amroha Forest Department, Shallow_UPGW_c0526ff7",Amroha (J.P.Nagar),reliable,reliable,0.9444444444444444,0.9444444444444444,0.9299259259604464,0.9299259259604464,0.0421402750121235,0.0421402750121235,-0.34772104292657,-0.34772104292657,0.0966314455401769,0.0966314455401769,True,True,1.987
"Anganwadi Kedra, Baini_UPGW_1b9c4d51",SONBHADRA,directional,weak,1.0,0.5024305555555556,0.2773825745957948,0.8481444469039439,0.0932300972712316,0.0740966176655571,-4.845182782863351,-0.83933992184465,0.1405750302220138,0.1353176332601789,True,True,3.683
Aryavart Madhyamik Vidhyalaya Sindhora_UPGW_01fdb03d,MIRZAPUR,reliable,weak,0.9265873015873016,0.6250793650793651,0.9561528426564042,0.9182134494510428,0.0379693100213117,0.0493708824493018,0.1372134500702415,-1.8721652392577512,0.0881967171546267,0.1519808401101782,True,True,5.199999999999999
Asafpur (UP-077)_UPGW_8b930a5c,BUDAUN,reliable,reliable,0.7660377358490567,0.9009416195856874,0.9934959892945886,0.9895739929092718,0.0225925178494971,0.0213287015666644,0.0387351329400355,-1.317191380186605,0.1408267393633455,0.1613920544114734,True,True,1.152000000000001
Ashapur Dak Banglow-Malawan-Medium_UPGW_d0df448d,FATEHPUR,reliable,reliable,0.9546031746031746,0.8125356125356126,0.9262442555184576,0.9478588019129316,0.0389052971933261,0.0801139007870374,-0.4651528864761567,-0.2396578460454552,0.0899694226196553,0.2013981865093315,True,True,2.5159999999999982
Ashapur Dak Banglow-Malawan-Shallow_UPGW_c8531d6d,FATEHPUR,weak,weak,0.5473118279569893,0.3533333333333333,0.986637742582622,0.9947042460393782,0.0223680979089616,0.0251422307988282,-0.6262849347108805,0.2519590713624604,0.1285385201500464,0.1555880535640171,True,True,3.890000000000001
Aspur Deosara (UP-040)_UPGW_e440f332,PRATAPGARH,reliable,reliable,0.8009661835748793,0.8009661835748793,0.9901703602621869,0.9901703602621869,0.0287208068614027,0.0287208068614027,-0.8159903692911927,-0.8159903692911927,0.2012244636717226,0.2012244636717226,True,True,3.1539999999999995
Aswaniya Pr. Vid._UPGW_970db86b,AZAMGARH,reliable,reliable,0.9770833333333332,0.8473684210526315,0.9723512742066928,0.856910280143458,0.0425121533273067,0.0947932914528969,0.1517506170229204,-0.2471539727966749,0.1220707338418531,0.144595827020157,True,True,3.1180000000000003
Atarahat_UPGW_cd1083dd,BANDA,weak,weak,0.3362962962962963,0.2564102564102564,0.9877755550450362,0.9905468450884756,0.0495797004818366,0.0396787320996327,-1.2873384183834768,-1.4690777586280732,0.3719209726416768,0.335889453512013,True,True,48.75
Atrada Pi_1_UPGW_ea2d6bad,MEERUT,weak,weak,0.0,0.3277777777777778,0.8956037664446571,-1.3188497368962635,0.1157163977506202,0.2749551603861009,-6.82131525237506,-9.806076869348193,0.9218775495987812,0.4702865594160969,True,True,24.38
Aurai (UP-150)_UPGW_a6fa1626,SANT RAVIDAS NAGAR,reliable,reliable,0.7512820512820513,0.7549857549857549,0.992552721664996,0.993201052203255,0.0202462263125179,0.0204178125692251,-1.0432019739596954,-1.05958091489228,0.1728972985807255,0.1841959500254651,True,True,6.604999999999999
Awagarh (UP-005)_UPGW_0ee3bd78,ETAH,reliable,directional,0.938501291989664,0.9884444444444443,0.908544837839228,0.9968342134851136,0.0932340358645426,0.0175827744625542,0.0215781613156003,-0.5076586039062849,0.1564822386053083,0.1964032833818995,True,True,2.347999999999999
Azamgarh Ahiraula Bahera_UPGW_a4d38635,AZAMGARH,reliable,reliable,0.9868686868686868,0.7797619047619048,0.9903924082503356,0.9435891174170822,0.0232190028042638,0.0709552932086123,-1.9772869995611164,-0.563049186298602,0.2189214000923079,0.1950148899279694,True,True,2.793
Azamgarh Ahiraula Kandara_UPGW_d677112c,AZAMGARH,directional,directional,1.0,0.9972222222222222,0.9954385408505978,0.8311947512410356,0.0243557116639773,0.1061472044545278,-0.4277568810461454,-1.4736493641288146,0.2295681437938684,0.2154031882988868,True,True,1.1359999999999997
Azamgarh Atrauliya Atrauliya_UPGW_419e219b,AZAMGARH,directional,directional,1.0,1.0,0.9986174916908862,0.9932464114076752,0.0098433140638594,0.0252236311076097,0.4472174941449643,0.3615353953450767,0.1040071889358677,0.1280459196405688,True,False,0.4710000000000001
Azamgarh Jahanganj Godhaura_UPGW_48ccebef,AZAMGARH,reliable,weak,0.8444444444444444,0.6793103448275862,0.7607193425149531,0.1608507901375849,0.1025005260754053,0.1457541332524546,-0.4654880462435313,-2.73310129943098,0.1360792995623319,0.1602282301438135,False,True,1.3579999999999997
Azamgarh Lalganj Lalganj_UPGW_34e8b190,AZAMGARH,reliable,directional,0.7783333333333333,0.996135265700483,0.9392058100757436,0.7980163743165772,0.0626469197020378,0.0833578066209692,-3.1584773646677906,-2.147580075539909,0.2795537007660849,0.1758268348550414,True,True,2.198
Azamgarh Palhana Balahi Lahucha_UPGW_bdab0130,AZAMGARH,directional,directional,1.0,0.9636015325670498,0.6600305425110803,0.3869120809506102,0.116114251782639,0.1497071463518526,-2.969565987438889,-4.19571163817208,0.2103843397546135,0.2298538219437181,False,False,0.3010000000000001
Azamgarh Palhana Jamui Bhatauli_UPGW_bc1a6221,AZAMGARH,directional,reliable,1.0,0.8302083333333333,0.7568786080828191,0.929000926253672,0.103631515445701,0.0597586431857389,-1.0056609850080416,-1.6282236204820486,0.1572525107877353,0.1888512263618328,False,True,1.23
Azamgarh Pavai Velasiya_UPGW_e33b1fbd,AZAMGARH,reliable,weak,0.9842592592592592,0.7229166666666667,0.9761251864663998,0.6978061930631922,0.0287476066803904,0.1093461743854814,0.0926662314411115,-3.9216422949420737,0.0947176564055016,0.2306784149952456,True,True,2.699
Azamgarh Sathiyavn Gajahada_UPGW_05f6da82,AZAMGARH,reliable,weak,0.9976851851851852,0.4993055555555555,0.922483246395282,0.9771983304192028,0.0421844621119405,0.0462039637833469,0.724515415911633,-1.1187978948492852,0.0423303845447221,0.2317884197367866,True,True,2.002
Azamgarh Thekama Bardah_UPGW_bbfdde72,AZAMGARH,reliable,weak,0.7893719806763285,0.6880952380952381,0.9712896318774352,0.9512243784296688,0.0396743740393909,0.0697482611901581,-1.7690024446119028,-1.7397269236913462,0.2064216598660413,0.2766863268355142,True,True,3.434
BADHANI PRATHMIK VIDYALAYA_UPGW_88a32b98,GORAKHPUR,directional,reliable,0.9607142857142856,0.884640522875817,0.9646432231269568,0.517403813935015,0.0374874938837455,0.1125631677861244,-0.3716782239216338,-3.7179245348368513,0.1223570430022009,0.1827452594842868,True,True,2.886
Baba BelkharNath Dham (UP-045)_UPGW_7b3dc9af,PRATAPGARH,reliable,directional,0.7624113475177305,0.92991452991453,0.9624247133220778,0.9711230522088586,0.0329964796673063,0.0280495017233215,-1.8839632836602636,-4.258852909671498,0.1490130460246649,0.1942914236669831,True,False,0.4989999999999988
Babina Rular_UPGW_c2627db3,JHANSI,weak,weak,0.2208333333333333,0.6666666666666666,0.9683278188662358,0.896688314229277,0.0627861719890238,0.0714065227291868,-3.620883783520954,-83717148.72398852,0.4129716449625508,1058.5214198757758,True,True,105.8
Badagaon (UP-049)_UPGW_63c24d8d,Amethi (C.S.M. Nagar),reliable,reliable,0.8675736961451247,0.8675736961451247,0.987049062916854,0.987049062916854,0.0239071731736781,0.0239071731736781,-0.9038414153617124,-0.9038414153617124,0.1491108167152715,0.1491108167152715,True,True,6.090999999999999
Badagaon_1_UPGW_46f77dcb,HAMIRPUR,weak,weak,0.4533333333333333,0.6777777777777778,0.8347738584516303,-6.294586189041806,0.1978909204825553,0.6869313591028418,-1.674408252491915,-8.835579051632082e+17,0.5294447195911386,140310480.98795554,True,True,2.0299999999999976
Badalpur (UP-091)_UPGW_1735bb75,G.B. Nagar,reliable,reliable,0.8160206718346253,0.8160206718346253,0.9778232553826748,0.9778232553826748,0.0478561438332602,0.0478561438332602,-0.0324305268964677,-0.0324305268964677,0.1687811761175269,0.1687811761175269,True,True,1.783999999999999
Badaun Salarpur BDO Office_UPGW_b5fe4962,BAREILLY,directional,reliable,1.0,0.8908045977011494,0.9724089940847216,0.9435782190670766,0.0450762853648637,0.047148445534349,-0.342577312906418,-2.290859110133061,0.1668718609374634,0.1889917384220891,True,True,1.4009999999999998
Badaun Ujhani Sports Stadium_UPGW_5bf08017,BAREILLY,reliable,reliable,0.8031746031746032,0.7644444444444445,0.9637777677559266,0.934447079645658,0.0506394431831244,0.0647982160577617,-1.83239640486138,-2.4078051488919563,0.2334658421119055,0.2426937492370637,False,False,0.5649999999999995
Badaun Usawan BDO Office_UPGW_b39924ec,BAREILLY,reliable,reliable,0.979059829059829,0.8804713804713805,0.9061320714009063,0.7984919334972002,0.0809397406908803,0.1056995260761115,-0.4597620577811458,-0.85891482572148,0.1670572443052443,0.1666185445580875,True,False,0.7220000000000013
Badhai Khurd Pr. Vid._UPGW_bfc9fe7e,MUZAFFARNAGAR,reliable,weak,0.8208754208754209,0.6816666666666666,0.9151211225419168,0.7809877953609907,0.047629893359338,0.08272432073811,-4.379986089241701,-4.348094674139942,0.1979093935587892,0.2108774293730823,True,True,4.542
Badhouli_UPGW_bbc69c62,HAMIRPUR,reliable,weak,0.8851851851851852,0.3407407407407407,0.9687724014907512,0.9813488679090258,0.0695742167243376,0.0673103001036205,-0.5989136000337116,-2.076447275708977,0.306740824829089,0.5505272793610615,True,True,58.38
Bagadari_UPGW_1c6b80ae,CHITRAKOOT,reliable,weak,0.8342592592592593,0.4280555555555556,0.9943856655036388,0.9892171245181692,0.0346734264723218,0.0314894795187278,-0.1326563263495652,-0.7339497508680255,0.2549083456222141,0.2057757232905525,True,True,44.39
Baghora_1_UPGW_dfd55e32,MAHOBA,reliable,weak,0.7934027777777778,0.1961988304093567,0.9930997626792092,0.96458920753504,0.0352669749521904,0.0329999236348868,-0.331164219121782,-10.231511259088323,0.2571970722639099,0.3046554228400083,True,True,44.34
Baghpat Meerut Kheda Balrampur Itiyara_UPGW_8a1e66dc,MEERUT,reliable,weak,0.88544061302682,0.6747747747747748,0.989116920835116,0.9805403830692072,0.0301847989460909,0.0373153067591014,0.2914600923544703,-1.3496729389629705,0.1282754600623754,0.2113844805108697,True,True,1.1159999999999997
Baghpat Sardhana Julaida_UPGW_726b1d3b,MEERUT,directional,directional,0.8611111111111112,0.8611111111111112,0.2354003816168512,0.2354003816168512,0.1985371312385255,0.1985371312385255,-5.56714999952222,-5.56714999952222,0.4033527042698486,0.4033527042698486,False,False,0.6910000000000007
Baghura_1_UPGW_1ca8361b,JHANSI,weak,weak,0.0,0.0,0.7306358234804181,0.7828573770637087,0.1948556748700303,0.1615070262884707,-1.0,-1.0,0.0,0.0,True,True,7.75
Bahjoi (UP-128)_UPGW_994cf53f,Sambhal,reliable,reliable,0.7646258503401361,0.7646258503401361,0.9932159297010928,0.9932159297010928,0.0239864237242824,0.0239864237242824,0.5901696751373097,0.5901696751373097,0.0956163313646898,0.0956163313646898,True,True,2.0589999999999997
Bahuwa (UP-024)_UPGW_22c9f762,FATEHPUR,directional,reliable,0.9871345029239766,0.9367521367521368,0.994233249875592,0.9915453495868912,0.0162271724011875,0.0192462064968553,0.0438120344382589,-1.5909557360492714,0.1081393124288239,0.1738919820463816,True,True,3.5
Baije mau_UPGW_2944dbf9,HAMIRPUR,weak,weak,0.4916666666666666,0.5277777777777778,0.9364441639181555,0.9555445289679684,0.0794691682368886,0.0790953059101928,-0.031083350093608,-0.2410762581629246,0.2140570440906096,0.2812094348524529,True,True,56.34
Bajehta_1_UPGW_8bd80911,HAMIRPUR,weak,weak,0.4638888888888889,0.4841880341880342,0.9008782443675828,0.9883399701283112,0.0949493600277218,0.0328870086614435,-4.720311635476736,-1.797746557643042,0.4763388123678983,0.2699314466822954,True,True,66.14
