slug,true_max,kept_max,n_kept,n_dropped,ok,reason
390713- Jairampur PMS -Shallow_UPGW_dae67f3f,2026-05-30 00:00:00,2026-05-30 00:00:00,2026,44,True,
750128- PMS Sulemapur -Medium_UPGW_df2d1410,2025-08-14 18:00:00,2025-04-15 00:00:00,1301,206,False,"sentinel scan dropped tail (true_max 2025-08-14 18:00:00, kept_max 2025-04-15 00:00:00)"
750523- Kakalpur PMS -Medium_UPGW_0d39e8d9,2026-06-02 18:00:00,2026-06-02 18:00:00,1694,241,True,
750718- Primary Sch Matuka -Medium_UPGW_48d03f9d,2026-02-02 00:00:00,2026-02-02 00:00:00,2841,162,True,
750825- Primary Sch Shivrampur -Medium_UPGW_c0672bcb,2026-01-14 18:41:00,2026-01-14 18:41:00,1713,189,True,
ASHADHA PRATHMIK VIDYALAYA_UPGW_5f5b3671,2026-08-28 12:00:00,2026-08-28 12:00:00,4105,309,True,
Aadarsh Kisaan Inter College Bhabhuwa_UPGW_7154da63,2026-08-15 18:00:00,2026-08-15 18:00:00,972,261,True,
Aadarsh Prathmik Vidhyalaya Mahua_UPGW_eaeeb30a,2026-08-15 18:00:00,2026-08-15 18:00:00,2237,262,True,
Aagan Waadi Kender Dwarkapur_UPGW_239fec31,2026-08-15 18:00:00,2026-08-15 18:00:00,2199,272,True,
Aagan Wadi Kendra Chandni_UPGW_7ceead1b,2026-08-30 18:00:00,2026-08-30 18:00:00,2416,364,True,
Aaganwadi Kender Kakrawali_UPGW_a060205f,2026-08-30 18:00:00,2026-08-30 18:00:00,1728,336,True,
Aaganwadi Kender Khanjarpur_UPGW_21679f87,2026-08-15 18:00:00,2026-08-15 18:00:00,1620,210,True,
Aaganwadi Kendra Pakri Bazaar_UPGW_e5c3ae90,2026-08-30 18:00:00,2026-08-30 06:00:00,2306,417,True,
Aanganwadi Kendra_UPGW_af5faaa7,2026-07-23 12:00:00,2026-07-23 12:00:00,3035,263,True,
"Aanganwadi kendra, Barhara_UPGW_d575ae21",2026-07-23 06:00:00,2026-07-21 12:00:00,1969,1312,True,
Aanganwadi kendra_UPGW_5d843c8d,2026-07-23 06:00:00,2026-07-23 06:00:00,2702,1159,True,
Aasao Pura_UPGW_38ff3f5d,2026-08-30 18:00:00,2026-08-28 00:00:00,263,4509,True,
Abdullahpur Primary School -Medium_UPGW_ded94f81,2026-05-30 00:00:00,2026-05-30 00:00:00,2157,256,True,
Abhauli (UP-153)_UPGW_dc3fb35c,2026-02-08 00:00:00,2026-02-07 06:00:00,4960,195,True,
Adari_2_UPGW_2d068539,2026-08-30 18:00:00,2026-08-24 06:00:00,494,4380,True,
"Adarsh Primary School, Dubar Kalan_UPGW_fdc21585",2026-08-28 12:00:00,2026-08-28 12:00:00,4155,208,True,
Agan Wadi Kendra Kuchendu_UPGW_1c2dd704,2026-08-30 18:00:00,2025-07-16 18:00:00,1125,1626,False,"sentinel scan dropped tail (true_max 2026-08-30 18:00:00, kept_max 2025-07-16 18:00:00)"
Aganwadi Kendra Rupauli_UPGW_39b7f054,2026-07-23 12:00:00,2026-07-23 12:00:00,2554,1345,True,
Agra City (UP-017)_UPGW_cb3c78f2,2026-05-30 06:00:00,2026-05-30 06:00:00,6665,102,True,
Ahmad Ganj_UPGW_19c70a1d,2026-08-26 06:00:00,2026-08-26 06:00:00,3997,212,True,
Ahmadpur Savant (UP-163)_UPGW_63ce1705,2026-06-03 18:00:00,2026-06-03 18:00:00,5445,119,True,
Airayan  (UP-023)_UPGW_2afb4452,2026-05-30 00:00:00,2026-05-30 00:00:00,5962,635,True,
Alakchandra Inter college Bhinga_UPGW_e3ab1600,2026-08-28 12:00:00,2026-08-28 12:00:00,4356,200,True,
Aligarh Chandaus  Somana_UPGW_c3961686,2026-08-24 00:00:00,2026-08-23 18:00:00,3698,558,True,
Aligarh Chandaus Chuharpur_UPGW_d3881f9c,2026-08-30 18:00:00,2026-08-30 18:00:00,3603,495,True,
Aligarh Chandaus Lohput_UPGW_39619e20,2025-12-03 06:00:00,2025-12-03 06:00:00,601,1,True,
Aligarh Chandaus Maharajpur_UPGW_cbcbe904,2026-08-29 00:00:00,2026-08-29 00:00:00,3681,201,True,
Aligarh Gonda Chuhurpur Kinala_UPGW_eae773c6,2026-08-29 00:00:00,2026-08-28 18:00:00,3168,763,True,
Aligarh Jawa Bahadurpur Kota_UPGW_8302d1d4,2026-08-30 18:00:00,2026-08-30 18:00:00,3789,236,True,
Aligarh Jawa Jamalpur Siya_UPGW_f9f0b692,2026-08-30 18:00:00,2026-08-30 18:00:00,4048,26,True,
Aligarh Jawa Sogera_UPGW_5e02ab57,2026-08-30 18:00:00,2026-08-30 18:00:00,3803,436,True,
Aligarh Khair Arrana_UPGW_6bbb8ebf,2026-08-30 00:00:00,2026-08-30 00:00:00,3791,498,True,
Aligarh Khair Utwara_UPGW_26a8dfc7,2026-08-29 00:00:00,2026-08-28 12:00:00,3866,345,True,
Aligarh Lodha Aisi Kol_UPGW_6478a226,2026-08-29 00:00:00,2026-08-29 00:00:00,4252,56,True,
Aligarh Lodha Mahrawalpur Nagariya_UPGW_a3079d0a,2026-08-30 18:00:00,2026-08-30 18:00:00,3786,537,True,
Alipur Aterna_1_UPGW_3759e8f5,2026-04-18 00:00:00,2026-04-01 00:00:00,1229,3089,True,
Alipur_UPGW_6d7e7fc1,2025-12-22 12:00:00,2025-12-22 12:00:00,3723,346,True,
Allahabad City (UP-046)_UPGW_4d60da99,2024-06-19 12:00:00,2024-06-19 12:00:00,4760,57,True,
Allaiha Badhaiya_UPGW_50d33766,2026-08-30 18:00:00,2026-08-30 18:00:00,3126,1018,True,
Amauli (UP-027)_UPGW_bb6a1899,2026-05-30 06:00:00,2026-05-30 00:00:00,5912,373,True,
Amchurnirua_UPGW_ea138994,2026-08-30 18:00:00,2026-08-30 18:00:00,4826,229,True,
Amgaon (UP-067)_UPGW_8a9fbfe2,2026-01-19 13:29:00,2026-01-19 06:00:00,5616,758,True,
Amliha_1_UPGW_cee4e113,2026-08-30 18:00:00,2026-08-19 06:00:00,731,4099,True,
Amlour_UPGW_25c46736,2026-08-30 18:00:00,2026-08-30 18:00:00,4919,220,True,
"Amroha Forest Department, Medium_UPGW_17e56af5",2025-09-06 00:00:00,2025-09-06 00:00:00,4318,474,True,
"Amroha Forest Department, Shallow_UPGW_c0526ff7",2025-12-31 00:00:00,2025-12-31 00:00:00,4056,769,True,
"Anganwadi Kedra, Baini_UPGW_1b9c4d51",2026-08-28 12:00:00,2026-08-28 12:00:00,3962,365,True,
Aryavart Madhyamik Vidhyalaya Sindhora_UPGW_01fdb03d,2026-08-28 12:00:00,2026-08-28 12:00:00,4247,90,True,
Asafpur (UP-077)_UPGW_8b930a5c,2026-05-30 12:00:00,2026-05-30 12:00:00,6837,37,True,
Ashapur Dak Banglow-Malawan-Medium_UPGW_d0df448d,2026-05-30 00:00:00,2026-05-30 00:00:00,4665,577,True,
Ashapur Dak Banglow-Malawan-Shallow_UPGW_c8531d6d,2026-05-30 00:00:00,2026-05-30 00:00:00,4269,569,True,
Aspur Deosara (UP-040)_UPGW_e440f332,2025-07-03 06:00:00,2025-07-03 06:00:00,5500,175,True,
Aswaniya Pr. Vid._UPGW_970db86b,2026-08-28 12:00:00,2026-08-28 00:00:00,4561,313,True,
Atarahat_UPGW_cd1083dd,2026-04-17 00:00:00,2026-04-17 00:00:00,3207,914,True,
Atrada Pi_1_UPGW_ea2d6bad,2026-07-19 00:00:00,2026-06-25 00:00:00,561,4028,True,
Aurai (UP-150)_UPGW_a6fa1626,2026-01-15 00:00:00,2026-01-15 00:00:00,4714,54,True,
Awagarh (UP-005)_UPGW_0ee3bd78,2026-08-28 00:00:00,2026-08-28 00:00:00,5893,727,True,
Azamgarh Ahiraula Bahera_UPGW_a4d38635,2026-08-29 00:00:00,2026-08-28 18:00:00,3431,656,True,
Azamgarh Ahiraula Kandara_UPGW_d677112c,2026-08-29 00:00:00,2026-08-28 18:00:00,3034,762,True,
Azamgarh Atrauliya Atrauliya_UPGW_419e219b,2026-08-30 18:00:00,2026-08-30 18:00:00,3679,279,True,
Azamgarh Jahanganj Godhaura_UPGW_48ccebef,2026-08-29 00:00:00,2026-08-28 06:00:00,3542,405,True,
Azamgarh Lalganj Lalganj_UPGW_34e8b190,2026-08-29 00:00:00,2026-08-12 06:00:00,2953,961,True,
Azamgarh Palhana Balahi Lahucha_UPGW_bdab0130,2026-08-30 18:00:00,2026-08-30 18:00:00,3629,348,True,
Azamgarh Palhana Jamui Bhatauli_UPGW_bc1a6221,2026-08-30 18:00:00,2026-08-30 18:00:00,3884,162,True,
Azamgarh Pavai Velasiya_UPGW_e33b1fbd,2026-08-29 00:00:00,2026-08-28 12:00:00,3931,188,True,
Azamgarh Sathiyavn Gajahada_UPGW_05f6da82,2026-08-30 18:00:00,2026-08-30 12:00:00,3898,147,True,
Azamgarh Thekama Bardah_UPGW_bbfdde72,2026-08-29 00:00:00,2026-08-29 00:00:00,3528,515,True,
BADHANI PRATHMIK VIDYALAYA_UPGW_88a32b98,2026-08-28 12:00:00,2026-08-28 06:00:00,4121,274,True,
Baba BelkharNath Dham (UP-045)_UPGW_7b3dc9af,2026-05-30 06:00:00,2026-05-30 06:00:00,6165,232,True,
Babina Rular_UPGW_c2627db3,2026-08-30 18:00:00,2026-08-30 18:00:00,3905,863,True,
Badagaon (UP-049)_UPGW_63c24d8d,2025-09-07 00:00:00,2025-09-07 00:00:00,5834,36,True,
Badagaon_1_UPGW_46f77dcb,2026-08-30 18:00:00,2026-08-26 12:00:00,1238,2648,True,
Badalpur (UP-091)_UPGW_1735bb75,2025-07-31 06:00:00,2025-07-31 06:00:00,5166,310,True,
Badaun Salarpur BDO Office_UPGW_b5fe4962,2026-08-29 00:00:00,2026-08-29 00:00:00,3592,419,True,
Badaun Ujhani Sports Stadium_UPGW_5bf08017,2026-08-30 18:00:00,2026-08-30 18:00:00,4248,16,True,
Badaun Usawan BDO Office_UPGW_b39924ec,2026-08-30 18:00:00,2026-08-30 18:00:00,3998,3,True,
Badhai Khurd Pr. Vid._UPGW_bfc9fe7e,2026-08-28 12:00:00,2026-08-28 06:00:00,4790,153,True,
Badhouli_UPGW_bbc69c62,2026-08-30 18:00:00,2026-08-30 06:00:00,1093,3670,True,
Bagadari_UPGW_1c6b80ae,2026-08-30 18:00:00,2026-08-30 18:00:00,4777,136,True,
Baghora_1_UPGW_dfd55e32,2026-08-30 18:00:00,2026-08-30 18:00:00,4592,41,True,
Baghpat Meerut Kheda Balrampur Itiyara_UPGW_8a1e66dc,2026-08-30 18:00:00,2026-08-30 18:00:00,4425,200,True,
Baghpat Sardhana Julaida_UPGW_726b1d3b,2024-01-02 12:00:00,2024-01-02 12:00:00,863,74,True,
Baghura_1_UPGW_1ca8361b,2026-08-30 18:00:00,2026-08-28 12:00:00,395,4035,True,
Bahjoi (UP-128)_UPGW_994cf53f,2025-12-23 06:00:00,2025-12-23 06:00:00,5798,61,True,
Bahuwa (UP-024)_UPGW_22c9f762,2026-02-02 06:00:00,2026-02-02 06:00:00,4673,461,True,
Baije mau_UPGW_2944dbf9,2026-04-19 00:00:00,2026-04-17 00:00:00,813,3489,True,
Bajehta_1_UPGW_8bd80911,2026-04-18 00:00:00,2026-04-17 18:00:00,3284,1088,True,
