station,district,anchor,date_from,age_days,anchor_valid,xgb_level,q05_level,q50_level,q95_level,change_30d_m,change_pooled_m,band_half_m,plausible,category
Ramchhitoni Sahawar (UP-011),KANSIRAM NAGAR,-2.841,2026-09-05 00:00:00,5,True,-2.72,-4.268,-2.798,-1.284,0.043,0.121,1.492,True,stable
Mahgaon (UP-031),KAUSHAMBI,-17.171,2026-09-03 18:00:00,6,True,-16.881,-18.637,-17.099,-12.496,0.072,0.29,3.071,True,stable
Awagarh (UP-005),ETAH,-17.599,2026-09-05 00:00:00,5,True,-17.353,-19.022,-17.521,-15.56,0.078,0.246,1.731,True,stable
Mandi Samiti-Muzaffar Nagar-Medium,MUZAFFARNAGAR,-17.457,2026-08-24 18:00:00,16,True,-17.196,-18.91,-17.429,-13.269,0.028,0.261,2.82,True,stable
Block Development Office-Khekra-Shallow,BAGHPAT,-28.398,2026-09-05 00:00:00,5,True,-28.152,-29.821,-28.34,-26.753,0.058,0.246,1.534,True,stable
Salhakheri,MUZAFFARNAGAR,-22.815,2026-09-05 00:00:00,5,True,-22.554,-24.268,-22.791,-18.463,0.024,0.261,2.902,True,stable
Halwana,SAHARANPUR,-11.013,2026-09-05 00:00:00,5,True,-10.723,-12.479,-10.985,-5.861,0.028,0.29,3.309,True,stable
Goyla,MUZAFFARNAGAR,-18.932,2026-09-05 00:00:00,5,True,-18.671,-20.377,-18.904,-13.834,0.028,0.261,3.272,True,stable
Badhai Khurd Pr. Vid.,MUZAFFARNAGAR,-6.65,2026-09-05 00:00:00,5,True,-6.389,-8.08,-6.622,-1.959,0.028,0.261,3.06,True,stable
Srikantpur Pr. Vid.,AZAMGARH,-5.998,2026-09-05 00:00:00,5,True,-5.641,-7.428,-5.893,-0.432,0.105,0.357,3.498,True,stable
Sanjhak,MUZAFFARNAGAR,-13.233,2026-09-05 00:00:00,5,True,-12.972,-14.699,-13.205,-8.369,0.028,0.261,3.165,True,stable
Navrasia,AZAMGARH,-4.157,2026-09-05 00:00:00,5,True,-3.812,-5.596,-4.03,-1.103,0.127,0.345,2.246,True,stable
Khursropur,MUZAFFARNAGAR,-11.019,2026-09-05 00:00:00,5,True,-10.758,-12.449,-10.991,-5.866,0.028,0.261,3.291,True,stable
Rajapur Sikraur,AZAMGARH,-5.526,2026-09-05 00:00:00,5,True,-5.252,-6.956,-5.427,-0.728,0.099,0.274,3.114,True,stable
Singhara Pr. Vid.,AZAMGARH,-0.935,2026-09-05 00:00:00,5,True,-0.898,-2.374,-1.013,0.028,-0.078,0.037,1.201,True,stable
Paderi,BANDA,,2026-09-05 00:00:00,5,False,,,,,-20.861,-20.861,,False,unreliable
Khojapur,AZAMGARH,-10.009,2026-09-05 00:00:00,5,True,-9.652,-11.475,-9.91,-3.557,0.099,0.357,3.959,True,stable
Gyana Majra Pr. Vid.,MUZAFFARNAGAR,-11.784,2026-09-05 00:00:00,5,True,-11.523,-13.214,-11.756,-6.429,0.028,0.261,3.392,True,stable
Aswaniya Pr. Vid.,AZAMGARH,-3.544,2026-09-05 00:00:00,5,True,-3.27,-4.974,-3.451,-0.825,0.093,0.274,2.074,True,stable
Bhitari_2,CHITRAKOOT,,2026-09-05 00:00:00,5,False,,,,,-20.861,-20.861,,False,unreliable
Pathrodi,CHITRAKOOT,,2026-09-05 00:00:00,5,False,,,,,-20.861,-20.861,,False,unreliable
Sikhula Pz._1,BANDA,,2026-09-05 00:00:00,5,False,,,,,-20.861,-20.861,,False,unreliable
Amchurnirua,CHITRAKOOT,,2026-09-05 00:00:00,5,False,,,,,-20.861,-20.861,,False,unreliable
Shitalpur_1,CHITRAKOOT,,2026-09-05 00:00:00,5,False,,,,,-20.861,-20.861,,False,unreliable
Luktra,BANDA,,2026-09-04 18:00:00,5,False,,,,,-20.861,-20.861,,False,unreliable
Jamalpur_2,LALITPUR,,2026-09-05 00:00:00,5,False,,,,,-20.861,-20.861,,False,unreliable
Chakara  P_1,JHANSI,,2026-09-05 00:00:00,5,False,,,,,-20.861,-20.861,,False,unreliable
"Jr. High School, Purwa Tarouha",CHITRAKOOT,,2026-09-05 00:00:00,5,False,,,,,-20.861,-20.861,,False,unreliable
"Primary School, Bamhauri",JHANSI,,2026-09-05 00:00:00,5,False,,,,,-20.861,-20.861,,False,unreliable
High School & Inter College Boroda,MUZAFFARNAGAR,,2026-09-05 00:00:00,5,False,,,,,-20.861,-20.861,,False,unreliable
Naglakabu_1,MEERUT,,2026-09-05 00:00:00,5,False,,,,,-20.861,-20.861,,False,unreliable
Dhikauli,JHANSI,,2026-09-05 00:00:00,5,False,,,,,-20.861,-20.861,,False,unreliable
Pahara_2,CHITRAKOOT,,2026-09-05 00:00:00,5,False,,,,,-20.861,-20.861,,False,unreliable
Narajit,BANDA,,2026-09-05 00:00:00,5,False,,,,,-20.861,-20.861,,False,unreliable
Satti Chau Prathmik Vidyalaya,SHRAWASTI,-6.751,2026-09-05 00:00:00,5,True,-6.49,-8.181,-6.723,-1.855,0.028,0.261,3.163,True,stable
Bijijauri_1,MAHOBA,,2026-09-05 00:00:00,5,False,,,,,-20.861,-20.861,,False,unreliable
Kusarma,MAHOBA,,2026-09-05 00:00:00,5,False,,,,,-20.861,-20.861,,False,unreliable
Chorwa Bhari Prathmik Vidyalaya,SHRAWASTI,-2.726,2026-09-05 00:00:00,5,True,-2.589,-4.156,-2.704,-0.85,0.022,0.137,1.653,True,stable
Alakchandra Inter college Bhinga,SHRAWASTI,-5.045,2026-09-05 00:00:00,5,True,-4.83,-6.475,-5.017,-1.061,0.028,0.215,2.707,True,stable
Niwabhari Prathmik Vidyalaya,SHRAWASTI,-2.224,2026-09-05 00:00:00,5,True,-2.187,-3.654,-2.213,-0.719,0.011,0.037,1.467,True,stable
Badhouli,HAMIRPUR,,2026-09-05 00:00:00,5,False,,,,,-20.861,-20.861,,False,unreliable
Chandi Kalan,HAMIRPUR,,2026-09-05 00:00:00,5,False,,,,,-20.861,-20.861,,False,unreliable
Madarpur_1,HAMIRPUR,,2026-09-05 00:00:00,5,False,,,,,-20.861,-20.861,,False,unreliable
Lagdi Gullar Prathmik Vidyalaya,SHRAWASTI,-4.533,2026-09-05 00:00:00,5,True,-4.318,-5.963,-4.505,-1.668,0.028,0.215,2.147,True,stable
Gloragundera/Gewara,LALITPUR,,2026-09-05 00:00:00,5,False,,,,,-20.861,-20.861,,False,unreliable
Babina Rular,JHANSI,,2026-09-05 00:00:00,5,False,,,,,-20.861,-20.861,,False,unreliable
Kamhariya_1,HAMIRPUR,,2026-09-05 00:00:00,5,False,,,,,-20.861,-20.861,,False,unreliable
Baghpat Meerut Kheda Balrampur Itiyara,MEERUT,-12.024,2026-09-04 12:00:00,5,True,-11.778,-13.449,-11.976,-9.141,0.048,0.246,2.154,True,stable
Saital,GORAKHPUR,-5.033,2026-09-05 00:00:00,5,True,-4.759,-6.461,-4.939,-0.605,0.094,0.274,2.928,True,stable
Birdha /Poorabirdha,LALITPUR,,2026-09-05 00:00:00,5,False,,,,,-20.861,-20.861,,False,unreliable
PRIMARY SCHOOL BAKAR GANJ,KAUSHAMBI,-19.071,2026-09-05 00:00:00,5,True,-18.81,-20.514,-19.043,-14.216,0.028,0.261,3.149,True,stable
SWASTH KENDR PIPIGANJ,GORAKHPUR,-3.639,2026-09-05 00:00:00,5,True,-3.365,-5.069,-3.525,-0.954,0.114,0.274,2.057,True,stable
PAHARPUR BARIGAWA PRATHMIK VIDYALAYA,FATEHPUR,-20.22,2026-09-04 12:00:00,5,True,-19.959,-21.665,-20.192,-14.924,0.028,0.261,3.371,True,stable
SARAHARI PRATHMIK VIDYALAYA,GORAKHPUR,-4.514,2026-09-05 00:00:00,5,True,-4.24,-5.944,-4.42,-0.28,0.094,0.274,2.832,True,stable
Mathura Chaumuha Navagaon-11,MATHURA,-11.623,2026-09-04 00:00:00,6,True,-11.333,-13.081,-11.597,-6.329,0.026,0.29,3.376,True,stable
ASHADHA PRATHMIK VIDYALAYA,KAUSHAMBI,-6.001,2026-09-05 00:00:00,5,True,-5.74,-7.431,-5.973,-1.217,0.028,0.261,3.107,True,stable
BANI KHAS C.V. VIDYALAYA,KAUSHAMBI,-12.936,2026-09-05 00:00:00,5,True,-12.675,-14.389,-12.908,-8.274,0.028,0.261,3.058,True,stable
RASULPUR BARGAON RAJKIYA UCHTTAR PRATHAMIK VIDYALAYA,KAUSHAMBI,-21.723,2026-09-05 00:00:00,5,True,-21.462,-23.189,-21.695,-17.229,0.028,0.261,2.98,True,stable
"Primary School Sahjanwa , Pratham Pipra",GORAKHPUR,-6.233,2026-09-05 00:00:00,5,True,-5.876,-7.661,-6.139,-0.639,0.094,0.357,3.511,True,stable
Primary School Harinahpur,MIRZAPUR,-16.345,2026-09-04 06:00:00,5,True,-15.988,-17.778,-16.241,-10.591,0.104,0.357,3.593,True,stable
PRIMARY SCHOOL RAMUGHAT,GORAKHPUR,-4.446,2026-09-05 00:00:00,5,True,-4.172,-5.876,-4.336,0.111,0.11,0.274,2.993,True,stable
"Primary School, Kantit",MIRZAPUR,-3.16,2026-09-05 00:00:00,5,True,-2.886,-4.59,-3.045,-0.566,0.115,0.274,2.012,True,stable
BADHANI PRATHMIK VIDYALAYA,GORAKHPUR,-4.104,2026-09-05 00:00:00,5,True,-3.83,-5.534,-4.018,-0.473,0.086,0.274,2.531,True,stable
Mathura Nandgaon Nandgaon Dehat,MATHURA,-3.055,2026-09-04 00:00:00,6,True,-2.856,-4.48,-3.01,-1.566,0.045,0.199,1.457,True,stable
Hathras Hathras Hathras,HATHRAS,-3.862,2026-09-05 00:00:00,5,True,-3.618,-5.308,-3.841,-0.447,0.021,0.244,2.431,True,stable
MANDHATA PURV MADHYAMIK VIDYALAYA,PRATAPGARH,-10.016,2026-09-05 00:00:00,5,True,-9.755,-11.446,-9.988,-5.452,0.028,0.261,2.997,True,stable
HARNHAPUR PRATHAMIK VIDYALAYA,PRATAPGARH,-17.545,2026-09-05 00:00:00,5,True,-17.188,-18.988,-17.435,-12.554,0.11,0.357,3.217,True,stable
Primary School Karwal,GORAKHPUR,-6.291,2026-09-05 00:00:00,5,True,-5.863,-7.73,-6.186,-0.656,0.105,0.428,3.537,True,stable
"Panchayat Bhwan, Kon",SONBHADRA,-23.095,2026-09-05 00:00:00,5,True,-22.738,-24.548,-23.005,-17.216,0.09,0.357,3.666,True,stable
FAREDUPUR PRATHMIK VIDYALAYA,PRATAPGARH,-6.869,2026-09-05 00:00:00,5,True,-6.608,-8.299,-6.841,-1.925,0.028,0.261,3.187,True,stable
"Primary School, Kaparwar",DEORIA,-5.247,2026-09-05 00:00:00,5,True,-4.973,-6.677,-5.153,-0.593,0.094,0.274,3.042,True,stable
"Adarsh Primary School, Dubar Kalan",MIRZAPUR,-2.32,2026-09-05 00:00:00,5,True,-2.168,-3.75,-2.218,-0.117,0.102,0.152,1.817,True,stable
Kukwa Khaas,BANDA,,2026-09-05 00:00:00,5,False,,,,,-20.861,-20.861,,False,unreliable
"Panchayat Bhawan, Dohri",MIRZAPUR,-10.535,2026-09-05 00:00:00,5,True,-10.178,-11.965,-10.408,-4.471,0.127,0.357,3.747,True,stable
Pv. Compiergang,GORAKHPUR,-2.877,2026-09-05 00:00:00,5,True,-2.681,-4.307,-2.763,-0.69,0.114,0.196,1.809,True,stable
"Purv Madh Vidhyalaya, Shivpur",SONBHADRA,-4.574,2026-09-05 00:00:00,5,True,-4.3,-6.004,-4.47,-1.237,0.104,0.274,2.383,True,stable
"Primary School, Kalani Khurad",GORAKHPUR,-4.171,2026-09-05 00:00:00,5,True,-3.897,-5.604,-4.085,-0.602,0.086,0.274,2.501,True,stable
Primary School Keshawpur Pratham,GORAKHPUR,-7.243,2026-09-05 00:00:00,5,True,-6.886,-8.671,-7.149,-0.691,0.094,0.357,3.99,True,stable
Meerut Janikhurd Satvai,MEERUT,-2.113,2026-09-05 00:00:00,5,True,-2.076,-3.543,-2.104,-0.839,0.009,0.037,1.352,True,stable
Prathmik Vidhyalaya Mahugarh,MIRZAPUR,-1.941,2026-09-05 00:00:00,5,True,-1.904,-3.371,-2.002,-0.216,-0.061,0.037,1.577,True,stable
"Primary School, Narokhar",SONBHADRA,-3.18,2026-09-05 00:00:00,5,True,-2.906,-4.61,-3.082,-1.141,0.098,0.274,1.734,True,stable
DEOCHALI C.V. VIDYALAYA,FATEHPUR,-10.819,2026-09-05 00:00:00,5,True,-10.558,-12.257,-10.791,-5.519,0.028,0.261,3.369,True,stable
"Primary School, Dhanaura Tikari",BAGHPAT,-23.827,2026-09-04 00:00:00,6,True,-23.537,-25.293,-23.803,-18.88,0.024,0.29,3.207,True,stable
BANSGAON PRATHMIK VIDYALAYA,GORAKHPUR,-4.556,2026-09-05 00:00:00,5,True,-4.282,-5.989,-4.47,-0.97,0.086,0.274,2.509,True,stable
"Primary School, Brahmpur",GORAKHPUR,-6.311,2026-09-05 00:00:00,5,True,-5.954,-7.741,-6.217,0.243,0.094,0.357,3.992,True,stable
Chhibaw_1,BANDA,,2026-09-05 00:00:00,5,False,,,,,-20.861,-20.861,,False,unreliable
"Mahadeva Temple, Mahadeva",SANT RAVIDAS NAGAR,-15.476,2026-09-05 00:00:00,5,True,-15.215,-16.929,-15.448,-11.577,0.028,0.261,2.676,True,stable
"Irrigation Department, Amawar",SONBHADRA,-5.2,2026-09-05 00:00:00,5,True,-4.926,-6.63,-5.095,-1.045,0.105,0.274,2.792,True,stable
"Community Center, Ghorawal",SONBHADRA,-5.561,2026-09-05 00:00:00,5,True,-5.233,-6.994,-5.446,-0.973,0.115,0.328,3.01,True,stable
Primary School Babura,MIRZAPUR,-10.073,2026-09-05 00:00:00,5,True,-9.753,-11.503,-9.951,-4.936,0.122,0.32,3.283,True,stable
"Primary School, Kevtam",SONBHADRA,-5.003,2026-09-05 00:00:00,5,True,-4.729,-6.433,-4.888,-0.071,0.115,0.274,3.181,True,stable
"Primary School, Pakarhut",SONBHADRA,-4.113,2026-09-05 00:00:00,5,True,-3.839,-5.543,-3.998,-0.25,0.115,0.274,2.646,True,stable
"Primary School, Sirjam",DEORIA,-3.093,2026-09-05 00:00:00,5,True,-2.819,-4.523,-2.996,-0.816,0.097,0.274,1.853,True,stable
"Primary School, Tewalagarhi",BAGHPAT,-21.361,2026-09-04 00:00:00,6,True,-21.071,-22.827,-21.337,-17.081,0.024,0.29,2.873,True,stable
"Purv Madhyamik Vidyalaya,Bharpura",MIRZAPUR,-12.466,2026-09-05 00:00:00,5,True,-12.109,-13.919,-12.362,-5.981,0.104,0.357,3.969,True,stable
Mathura Rayan Kharaba,MATHURA,-12.977,2026-09-05 00:00:00,5,True,-12.731,-14.404,-12.93,-9.601,0.047,0.246,2.402,True,stable
"Purv Madhyamik Vidhyalaya, Fattupur",SANT RAVIDAS NAGAR,-13.358,2026-09-05 00:00:00,5,True,-13.001,-14.811,-13.243,-6.771,0.115,0.357,4.02,True,stable
"Primary School, Bartha Lala",DEORIA,-5.664,2026-09-05 00:00:00,5,True,-5.307,-7.092,-5.57,-0.632,0.094,0.357,3.23,True,stable
Primary School  Maharaji,GORAKHPUR,-3.736,2026-09-05 00:00:00,5,True,-3.462,-5.166,-3.642,-1.037,0.094,0.274,2.065,True,stable
Bdo Office Campus Pipraich,GORAKHPUR,-3.886,2026-09-05 00:00:00,5,True,-3.612,-5.314,-3.792,-1.036,0.094,0.274,2.139,True,stable
Primary School  Bihasara,MIRZAPUR,-11.144,2026-09-05 00:00:00,5,True,-10.787,-12.577,-11.034,-5.53,0.11,0.357,3.523,True,stable
"Thana Prisar, Lalganj",MIRZAPUR,-4.708,2026-09-05 00:00:00,5,True,-4.434,-6.138,-4.598,-1.41,0.11,0.274,2.364,True,stable
"Purv Madhyamik Vidyalaya, Ranibari",MIRZAPUR,-7.563,2026-09-05 00:00:00,5,True,-7.243,-8.993,-7.459,-2.486,0.104,0.32,3.253,True,stable
"Primary School, Jhaaro Kalan",SONBHADRA,-6.056,2026-09-05 00:00:00,5,True,-5.699,-7.489,-5.962,-0.683,0.094,0.357,3.403,True,stable
"Primary School, Shivpur",MIRZAPUR,-10.723,2026-09-05 00:00:00,5,True,-10.366,-12.153,-10.63,-4.507,0.093,0.357,3.823,True,stable
"Primary School, Narouiya Daamar",SONBHADRA,-14.139,2026-09-05 00:00:00,5,True,-13.782,-15.592,-14.045,-6.72,0.094,0.357,4.436,True,stable
"Roadways Bus Stand, Robertsganj",SONBHADRA,-1.935,2026-09-05 00:00:00,5,True,-1.898,-3.365,-1.958,-0.232,-0.023,0.037,1.567,True,stable
Primary School  Biraura,MIRZAPUR,-16.987,2026-09-05 00:00:00,5,True,-16.667,-18.44,-16.865,-12.278,0.122,0.32,3.081,True,stable
"Purv Madh Vidhyalaya, Doomradeeh",SONBHADRA,-8.355,2026-09-05 00:00:00,5,True,-7.998,-9.788,-8.261,-1.355,0.094,0.357,4.216,True,stable
"Primary School, Mithabel",GORAKHPUR,-4.765,2026-09-05 00:00:00,5,True,-4.491,-6.198,-4.667,-0.743,0.098,0.274,2.728,True,stable
"Purv Madhyamik Vidyalaya, Mujehra",MIRZAPUR,-12.643,2026-09-05 00:00:00,5,True,-12.323,-14.096,-12.528,-7.248,0.115,0.32,3.424,True,stable
"Nagar Palika Campus, Gyanpur",SANT RAVIDAS NAGAR,-8.87,2026-09-05 00:00:00,5,True,-8.55,-10.3,-8.755,-3.744,0.115,0.32,3.278,True,stable
KOSHAK IMAM PRATHMIK VIDYALAYA,KAUSHAMBI,-13.069,2026-09-05 00:00:00,5,True,-12.871,-14.502,-13.044,-8.126,0.025,0.198,3.188,True,stable
"Primary School, Chariya Bujrag",DEORIA,-4.184,2026-09-05 00:00:00,5,True,-3.91,-5.614,-4.098,-1.403,0.086,0.274,2.105,True,stable
"Anganwadi Kedra, Baini",SONBHADRA,-0.998,2026-09-05 00:00:00,5,True,-0.961,-2.426,-1.064,-0.018,-0.066,0.037,1.204,True,stable
Aryavart Madhyamik Vidhyalaya Sindhora,MIRZAPUR,-7.112,2026-09-05 00:00:00,5,True,-6.755,-8.542,-6.997,-0.788,0.115,0.357,3.877,True,stable
"Purv Madhyamik Vidhyalaya, Doriya",SONBHADRA,-3.39,2026-09-05 00:00:00,5,True,-3.116,-4.82,-3.275,-0.768,0.115,0.274,2.026,True,stable
HOLAGARH PURV MADHYAMIK VIDYALAYA,PRATAPGARH,-4.498,2026-09-05 00:00:00,5,True,-4.283,-5.928,-4.474,-1.4,0.024,0.215,2.264,True,stable
Primary School Jainpur,GORAKHPUR,-1.101,2026-09-05 00:00:00,5,True,-1.064,-2.531,-1.179,-0.198,-0.078,0.037,1.166,True,stable
"Primary School, Sirasi",SONBHADRA,-4.616,2026-09-05 00:00:00,5,True,-4.342,-6.046,-4.512,-0.987,0.104,0.274,2.529,True,stable
"Primary School, Dhankharpur",SIDDHARTHNAGAR,-1.603,2026-09-05 00:00:00,5,True,-1.566,-3.033,-1.662,-0.25,-0.059,0.037,1.391,True,stable
"Primary School, Tilaura",SIDDHARTHNAGAR,-3.961,2026-09-05 00:00:00,5,True,-3.687,-5.391,-3.851,-1.065,0.11,0.274,2.163,True,stable
"Primary  School, Nawada Kalan",SANT RAVIDAS NAGAR,-8.05,2026-09-05 00:00:00,5,True,-7.693,-9.48,-7.946,-2.004,0.104,0.357,3.738,True,stable
"Composite School, Mungari",SANT RAVIDAS NAGAR,-10.22,2026-09-05 00:00:00,5,True,-9.9,-11.65,-10.11,-4.947,0.11,0.32,3.352,True,stable
Kushinagar Motichak Motichak,KUSHINAGAR,-0.994,2026-09-05 00:00:00,5,True,-0.957,-2.417,-1.072,-0.497,-0.078,0.037,0.96,True,stable
"Primary School, Belaukh",SIDDHARTHNAGAR,-2.159,2026-09-05 00:00:00,5,True,-2.122,-3.589,-2.061,-0.604,0.098,0.037,1.492,True,stable
"Madhyamik Vidhyalaya, Dulha Daul",MIRZAPUR,-6.027,2026-09-05 00:00:00,5,True,-5.67,-7.455,-5.912,-1.178,0.115,0.357,3.138,True,stable
"Primary / Composite School, Pepala",BAGHPAT,-8.937,2026-09-03 18:00:00,6,True,-8.676,-10.365,-8.901,-4.531,0.036,0.261,2.917,True,stable
"Upper Primary School, Khadui",SONBHADRA,-1.048,2026-09-05 00:00:00,5,True,-1.011,-2.478,-1.112,-0.075,-0.064,0.037,1.202,True,stable
Mathura Nandgaon Vathainkala,MATHURA,-0.638,2026-09-05 00:00:00,5,True,-0.62,-2.071,-0.711,-0.085,-0.073,0.018,0.993,True,stable
"Primary School, Baghpokhar",SONBHADRA,-6.851,2026-09-05 00:00:00,5,True,-6.494,-8.287,-6.736,-2.074,0.115,0.357,3.107,True,stable
Jauharpur,BANDA,,2026-09-05 00:00:00,5,False,,,,,-20.861,-20.861,,False,unreliable
"Primary School, Koilar",VARANASI,-19.367,2026-09-05 00:00:00,5,True,-19.01,-20.8,-19.263,-14.438,0.104,0.357,3.181,True,stable
B.D.O Office Bhatini,DEORIA,-3.992,2026-09-05 00:00:00,5,True,-3.718,-5.422,-3.898,-0.606,0.094,0.274,2.408,True,stable
"Panchayat Bhawan, Kul Doomri",SONBHADRA,-4.996,2026-09-05 00:00:00,5,True,-4.722,-6.426,-4.902,-0.563,0.094,0.274,2.931,True,stable
Shahjahanpur Bhawal Kheda Ladhauli,SHAHJAHANPUR,-8.16,2026-08-31 12:00:00,9,True,-7.899,-9.59,-8.136,-3.241,0.024,0.261,3.174,True,stable
"Composite School, Pathraha",MIRZAPUR,-9.276,2026-09-05 00:00:00,5,True,-8.919,-10.706,-9.161,-2.955,0.115,0.357,3.875,True,stable
"Primary School, Jogehthi",MEERUT,-10.523,2026-09-03 12:00:00,6,True,-10.277,-11.948,-10.475,-7.736,0.048,0.246,2.106,True,stable
Block Deoria Campus Deoria Sadar,DEORIA,-4.118,2026-09-05 00:00:00,5,True,-3.844,-5.557,-4.032,-1.691,0.086,0.274,1.933,True,stable
"Purv Madhyamik Vidhyalaya, Mahooli",SONBHADRA,-7.236,2026-09-05 00:00:00,5,True,-6.879,-8.666,-7.142,-1.195,0.094,0.357,3.735,True,stable
"Primary / Composite School, Mohaddinpur",BAGHPAT,-6.4,2026-09-04 00:00:00,6,True,-6.154,-7.825,-6.351,-3.953,0.049,0.246,1.936,True,stable
"Primary School, Kodai",VARANASI,-15.87,2026-09-05 00:00:00,5,True,-15.513,-17.323,-15.755,-9.876,0.115,0.357,3.723,True,stable
Mainpuri Karhal Mohabbatpur,MAINPURI,-2.397,2026-08-29 18:00:00,11,True,-2.252,-3.836,-2.376,-1.197,0.021,0.145,1.319,True,stable
Mainpuri Karhal Takhrau,MAINPURI,-1.158,2026-09-05 00:00:00,5,True,-1.121,-2.588,-1.228,-0.514,-0.07,0.037,1.037,True,stable
"Primary / Composite School, Banwaripur",BAGHPAT,-10.676,2026-08-23 18:00:00,17,True,-10.43,-12.099,-10.616,-8.116,0.06,0.246,1.991,True,stable
"Vikash Khand Parisar, Itwa",SIDDHARTHNAGAR,-1.432,2026-09-05 00:00:00,5,True,-1.395,-2.862,-1.476,-0.094,-0.044,0.037,1.384,True,stable
Meerut Sardhana Chhabariya,MEERUT,-11.291,2026-09-02 12:00:00,7,True,-11.045,-12.718,-11.244,-8.256,0.047,0.246,2.231,True,stable
"Primary School,  Todarpur",VARANASI,-10.907,2026-09-05 00:00:00,5,True,-10.55,-12.345,-10.808,-4.547,0.099,0.357,3.899,True,stable
Chirautha,BANDA,,2026-09-05 00:00:00,5,False,,,,,-20.861,-20.861,,False,unreliable
Piparaond,CHITRAKOOT,35.93,2026-09-05 00:00:00,5,True,35.553,34.5,35.842,36.93,-0.088,-0.377,1.215,True,stable
Perthivipur Nayakh,JHANSI,,2026-09-05 00:00:00,5,False,,,,,-20.861,-20.861,,False,unreliable
Aligarh Lodha Aisi Kol,ALIGARH,-23.785,2026-09-03 00:00:00,7,True,-23.539,-25.212,-23.742,-21.178,0.043,0.246,2.017,True,stable
Aligarh Lodha Mahrawalpur Nagariya,ALIGARH,-22.671,2026-09-04 00:00:00,6,True,-22.425,-24.092,-22.619,-20.795,0.052,0.246,1.648,True,stable
"Primary School, Johadi",BAGHPAT,-29.054,2026-09-04 00:00:00,6,True,-28.808,-30.487,-29.011,-26.524,0.043,0.246,1.982,True,stable
Aligarh Jawa Sogera,ALIGARH,-4.245,2026-09-04 00:00:00,6,True,-4.03,-5.673,-4.222,-2.05,0.023,0.215,1.811,True,stable
Gorakhpur Pali Dumari Niwas,GORAKHPUR,-3.566,2026-09-05 00:00:00,5,True,-3.292,-4.999,-3.472,-0.953,0.094,0.274,2.023,True,stable
Maharajganj Nichlaul Balaekhor,MAHARAJGANJ,-0.641,2026-08-31 18:00:00,9,True,-0.623,-2.067,-0.725,-0.566,-0.084,0.018,0.751,True,stable
Jaunpur Jalalpur Vind,JAUNPUR,-3.562,2026-09-04 00:00:00,6,True,-3.217,-5.001,-3.451,0.347,0.111,0.345,2.674,True,stable
Aligarh Khair Arrana,ALIGARH,-5.199,2026-09-05 00:00:00,5,True,-4.984,-6.629,-5.173,-1.312,0.026,0.215,2.658,True,stable
Mathura Naujheel Badharra,MATHURA,-8.982,2026-09-04 00:00:00,6,True,-8.721,-10.41,-8.954,-3.646,0.028,0.261,3.382,True,stable
Badaun Ujhani Sports Stadium,BUDAUN,-15.272,2026-09-04 00:00:00,6,True,-15.026,-16.695,-15.208,-13.161,0.064,0.246,1.767,True,stable
Shahjahanpur Bhawal Kheda Chak Bhitara,SHAHJAHANPUR,-0.557,2026-09-05 00:00:00,5,True,-0.539,-1.996,-0.631,0.159,-0.074,0.018,1.077,True,stable
Jaunpur Kerakat Mahali,JAUNPUR,-10.934,2026-09-04 00:00:00,6,True,-10.577,-12.357,-10.873,-8.798,0.061,0.357,1.78,True,stable
Mainpuri Karhal Naglamdari,MAINPURI,-0.123,2026-09-04 00:00:00,6,True,-0.105,-1.548,-0.196,0.069,-0.073,0.018,0.808,True,stable
Varansi Chirai Gaon Chhahi,VARANASI,-18.962,2026-08-21 18:00:00,19,True,-18.605,-20.415,-18.835,-13.34,0.127,0.357,3.537,True,stable
"Primary School/ Composite, Dadheru Kaian",MUZAFFARNAGAR,-10.829,2026-09-04 00:00:00,6,True,-10.568,-12.262,-10.805,-6.619,0.024,0.261,2.821,True,stable
Hamirpur Kurara Damar,HAMIRPUR,-2.327,2026-08-31 00:00:00,10,True,-2.104,-3.773,-2.207,-0.081,0.12,0.223,1.846,True,stable
Maharajganj Mithaura Madanpura,MAHARAJGANJ,-2.114,2026-09-05 00:00:00,5,True,-2.077,-3.544,-2.054,-0.787,0.06,0.037,1.378,True,stable
Gorakhpur Urwa Malhanpar,GORAKHPUR,-1.353,2026-09-05 00:00:00,5,True,-1.316,-2.792,-1.428,-0.36,-0.075,0.037,1.216,True,stable
Gorakhpur Gola Turkwaliya,GORAKHPUR,-2.324,2026-09-05 00:00:00,5,True,-2.172,-3.752,-2.222,-0.315,0.102,0.152,1.718,True,stable
"Primary School, Bhadauda",MEERUT,-9.307,2026-08-27 18:00:00,13,True,-9.046,-10.74,-9.281,-4.548,0.026,0.261,3.096,True,stable
Gorakhpur Chargaon Beniganj,GORAKHPUR,-0.593,2026-09-04 00:00:00,6,True,-0.575,-2.018,-0.674,-0.373,-0.081,0.018,0.823,True,stable
Azamgarh Pavai Velasiya,AZAMGARH,-0.403,2026-09-04 00:00:00,6,True,-0.385,-1.833,-0.471,0.459,-0.068,0.018,1.146,True,stable
Jaunpur Kerakat Nihalapur,JAUNPUR,-4.304,2026-09-02 06:00:00,7,True,-3.959,-5.743,-4.199,0.342,0.105,0.345,3.042,True,stable
Gorakhpur Gola Gopalpur Patham,GORAKHPUR,-0.383,2026-09-04 00:00:00,6,True,-0.365,-1.816,-0.464,0.463,-0.081,0.018,1.14,True,stable
"Primary School, Safpuram Chandpur",MEERUT,-12.643,2026-08-27 12:00:00,13,True,-12.397,-14.076,-12.596,-10.306,0.047,0.246,1.885,True,stable
Mahoba Charkhari Padha,MAHOBA,-3.449,2026-09-02 06:00:00,7,True,-3.104,-4.895,-3.344,1.319,0.105,0.345,3.107,True,stable
Azamgarh Palhana Jamui Bhatauli,AZAMGARH,-1.767,2026-09-01 00:00:00,9,True,-1.73,-3.192,-1.837,-0.801,-0.07,0.037,1.195,True,stable
"Primary School, Bodha",BAGHPAT,-13.432,2026-08-29 00:00:00,12,True,-13.171,-14.865,-13.396,-9.166,0.036,0.261,2.85,True,stable
Shahjahanpur Bhawal Kheda Bhawal Kheda,SHAHJAHANPUR,-3.57,2026-09-04 00:00:00,6,True,-3.355,-5.0,-3.547,-1.496,0.023,0.215,1.752,True,stable
Gorakhpur Barahalganj Ojhauli,GORAKHPUR,-3.85,2026-09-05 00:00:00,5,True,-3.576,-5.286,-3.765,-0.844,0.085,0.274,2.221,True,stable
Shahjahanpur Dadraul Banthara,SHAHJAHANPUR,-3.21,2026-09-04 00:00:00,6,True,-2.995,-4.643,-3.188,-0.784,0.022,0.215,1.929,True,stable
Etah Jalesar Sakrauli,ETAH,-11.877,2026-09-04 00:00:00,6,True,-11.631,-13.302,-11.826,-8.96,0.051,0.246,2.171,True,stable
Kushinagar Tamkuhi Rajwatiya,KUSHINAGAR,-0.666,2026-09-04 18:00:00,5,True,-0.648,-2.089,-0.747,0.328,-0.081,0.018,1.208,True,stable
Sitapur Mafi,CHITRAKOOT,,2026-09-05 00:00:00,5,False,,,,,-20.861,-20.861,,False,unreliable
Shahjahanpur Puvayan  Badagaon Pratham,SHAHJAHANPUR,-8.026,2026-09-04 00:00:00,6,True,-7.765,-9.459,-7.986,-3.341,0.04,0.261,3.059,True,stable
"Primary School, Silana",BAGHPAT,-22.167,2026-09-05 00:00:00,5,True,-21.906,-23.612,-22.139,-17.857,0.028,0.261,2.878,True,stable
Kushinagar Captanganj Captanganj,KUSHINAGAR,-4.4,2026-09-04 00:00:00,6,True,-4.126,-5.823,-4.336,-2.978,0.064,0.274,1.422,True,stable
Saint Ravidas Nagar Aurai Ugapur,SANT RAVIDAS NAGAR,-8.845,2026-09-05 00:00:00,5,True,-8.454,-10.311,-8.73,-3.671,0.115,0.391,3.32,True,stable
Badaun Salarpur BDO Office,BUDAUN,-20.856,2026-09-04 00:00:00,6,True,-20.61,-22.281,-20.805,-18.933,0.051,0.246,1.674,True,stable
Hathras Mursan Chandapa Sandh,HATHRAS,-30.718,2026-09-05 00:00:00,5,True,-30.535,-32.142,-30.659,-28.85,0.059,0.183,1.646,True,stable
Azamgarh Sathiyavn Gajahada,AZAMGARH,0.457,2026-09-04 00:00:00,6,True,-1.418,-0.966,0.376,1.254,-0.081,-1.875,1.11,True,stable
Hamirpur Sarila Purani,HAMIRPUR,-14.48,2026-09-04 12:00:00,5,True,-14.052,-15.946,-14.367,-5.592,0.113,0.428,5.177,True,stable
Shahjahanpur Puvayan Bhilawan,SHAHJAHANPUR,-8.955,2026-09-04 00:00:00,6,True,-8.694,-10.383,-8.931,-3.738,0.024,0.261,3.322,True,stable
Varansi Cholapur Munari,VARANASI,-13.506,2026-09-03 18:00:00,6,True,-13.078,-14.972,-13.384,-6.945,0.122,0.428,4.014,True,stable
Varansi Cholapur Chaubepur,VARANASI,-1.286,2026-09-04 00:00:00,6,True,-1.249,-2.732,-1.294,0.12,-0.008,0.037,1.426,True,stable
Kushinagar Khadda Basdila,KUSHINAGAR,-1.098,2026-09-04 00:00:00,6,True,-1.061,-2.531,-1.176,-0.078,-0.078,0.037,1.227,True,stable
Gorakhpur Kauriram Jagdispur Bhaluwan 2Nd,GORAKHPUR,-0.352,2026-09-04 00:00:00,6,True,-0.334,-1.782,-0.433,0.39,-0.081,0.018,1.086,True,stable
Mahoba Jaitpur saguniyamaph,MAHOBA,-0.639,2026-09-02 18:00:00,7,True,-0.621,-2.078,-0.712,-0.208,-0.073,0.018,0.935,True,stable
Gorakhpur Kauriram Dhausa,GORAKHPUR,-0.666,2026-09-05 00:00:00,5,True,-0.648,-2.099,-0.747,0.5,-0.081,0.018,1.3,True,stable
"Primary / Composite School, Jasad",BAGHPAT,-16.584,2026-09-04 00:00:00,6,True,-16.323,-18.027,-16.556,-11.586,0.028,0.261,3.221,True,stable
Meerut Janikhurd Afjalpur Pavati,MEERUT,-8.011,2026-09-03 18:00:00,6,True,-7.75,-9.441,-7.987,-3.5,0.024,0.261,2.97,True,stable
Saint Ravidas Nagar Gyanpur Samhai,SANT RAVIDAS NAGAR,-7.194,2026-09-04 00:00:00,6,True,-6.803,-8.66,-7.079,-2.283,0.115,0.391,3.189,True,stable
Kushinagar Motichak Mathauli Bazar,KUSHINAGAR,-1.467,2026-09-04 00:00:00,6,True,-1.43,-2.9,-1.541,-0.843,-0.074,0.037,1.029,True,stable
Azamgarh Palhana Balahi Lahucha,AZAMGARH,-5.518,2026-09-04 00:00:00,6,True,-5.244,-6.941,-5.443,-3.798,0.075,0.274,1.571,True,stable
Sujanpura Badhyapar,GORAKHPUR,-0.157,2026-09-04 00:00:00,6,True,-0.139,-1.59,-0.238,0.709,-0.081,0.018,1.15,True,stable
Hamirpur Sumerpur Para,HAMIRPUR,-15.41,2026-08-29 12:00:00,11,True,-14.982,-16.876,-15.292,-8.364,0.118,0.428,4.256,True,stable
Banda Baberu Umrehani,BANDA,-0.01,2026-08-29 00:00:00,12,True,-1.831,-1.438,-0.105,0.311,-0.095,-1.821,0.875,True,stable
"Primary School/ Composite, Jaula Dindauli",SAHARANPUR,-13.29,2026-09-04 00:00:00,6,True,-13.029,-14.723,-13.256,-9.61,0.034,0.261,2.557,True,stable
Gorakhpur Gola Dhakwarchak,GORAKHPUR,-1.734,2026-09-04 00:00:00,6,True,-1.697,-3.167,-1.808,-0.378,-0.074,0.037,1.394,True,stable
Gorakhpur Belghat Belghat,GORAKHPUR,-4.342,2026-09-04 00:00:00,6,True,-4.068,-5.775,-4.242,-1.487,0.1,0.274,2.144,True,stable
Aligarh Jawa Bahadurpur Kota,ALIGARH,-7.93,2026-09-05 00:00:00,5,True,-7.684,-9.363,-7.89,-4.322,0.04,0.246,2.521,True,stable
Saint Ravidas Nagar Deegh Velahua,SANT RAVIDAS NAGAR,-4.836,2026-09-04 00:00:00,6,True,-4.491,-6.282,-4.714,-0.768,0.122,0.345,2.757,True,stable
Gorakhpur Sardarnagr Awadpur,GORAKHPUR,-1.514,2026-09-05 00:00:00,5,True,-1.477,-2.947,-1.588,-0.223,-0.074,0.037,1.362,True,stable
Banda Tindwari Bhindowra,BANDA,-5.693,2026-09-04 00:00:00,6,True,-5.403,-7.159,-5.665,-0.928,0.028,0.29,3.116,True,stable
"Samaj Sevak Junir High School, Bhaura Kalan",MUZAFFARNAGAR,-24.692,2026-09-04 00:00:00,6,True,-24.431,-26.145,-24.672,-21.083,0.02,0.261,2.531,True,stable
Aligarh Chandaus  Somana,ALIGARH,-6.528,2026-08-24 00:00:00,17,True,-6.267,-7.961,-6.484,-2.432,0.044,0.261,2.765,True,stable
"Primary School/ Composite, Haibatpur",MUZAFFARNAGAR,-7.68,2026-09-04 00:00:00,6,True,-7.419,-9.113,-7.656,-3.262,0.024,0.261,2.925,True,stable
Gorakhpur Gagaha Gagaha,GORAKHPUR,-1.855,2026-09-04 00:00:00,6,True,-1.818,-3.283,-1.902,-0.308,-0.047,0.037,1.487,True,stable
Kushinagar Dudhai Lala Chhapra,KUSHINAGAR,-0.568,2026-09-04 00:00:00,6,True,-0.55,-2.001,-0.649,0.319,-0.081,0.018,1.16,True,stable
Terha_1,HAMIRPUR,,2026-09-05 00:00:00,5,False,,,,,-20.861,-20.861,,False,unreliable
Varansi Chirai Gaon  Gathiya Jairampur,VARANASI,-22.971,2026-09-03 18:00:00,6,True,-22.614,-24.398,-22.864,-18.597,0.107,0.357,2.9,True,stable
"Primary School/ Composite, Mehmoodpur",SAHARANPUR,-8.804,2026-09-04 00:00:00,6,True,-8.543,-10.234,-8.776,-3.443,0.028,0.261,3.395,True,stable
Aligarh Khair Utwara,ALIGARH,-5.883,2026-08-29 00:00:00,12,True,-5.637,-7.308,-5.833,-3.332,0.05,0.246,1.988,True,stable
Saint Ravidas Nagar Bhadohi Munshi,SANT RAVIDAS NAGAR,-9.054,2026-08-29 00:00:00,12,True,-8.697,-10.49,-8.967,-4.577,0.087,0.357,2.957,True,stable
Banda Badokhar Khurd Chatgan,BANDA,-8.37,2026-08-27 00:00:00,14,True,-8.109,-9.804,-8.302,-3.846,0.068,0.261,2.979,True,stable
Maharajganj Nichlaul Garaura,MAHARAJGANJ,-0.655,2026-08-31 12:00:00,9,True,-0.637,-2.081,-0.739,-0.526,-0.084,0.018,0.777,True,stable
"Primary School, Pali",MEERUT,-11.417,2026-08-28 00:00:00,13,True,-11.171,-12.85,-11.37,-8.423,0.047,0.246,2.214,True,stable
Shahjahanpur Sidhauli Sidhauli,SHAHJAHANPUR,-5.488,2026-09-04 00:00:00,6,True,-5.273,-6.918,-5.46,-1.05,0.028,0.215,2.934,True,stable
Jaunpur Dobhi Bankati,JAUNPUR,-14.245,2026-09-03 18:00:00,6,True,-13.817,-15.711,-14.123,-6.837,0.122,0.428,4.437,True,stable
Kushinagar Captanganj Senduriya Vishunpur,KUSHINAGAR,-0.985,2026-09-05 00:00:00,5,True,-0.948,-2.408,-1.063,-0.86,-0.078,0.037,0.774,True,stable
Saint Ravidas Nagar Abholi Abholi,SANT RAVIDAS NAGAR,-10.789,2026-09-04 00:00:00,6,True,-10.398,-12.255,-10.674,-5.33,0.115,0.391,3.463,True,stable
Maharajganj Nautanwa Sampatiha,MAHARAJGANJ,-2.457,2026-09-04 00:00:00,6,True,-2.261,-3.887,-2.361,-0.504,0.096,0.196,1.692,True,stable
Jaunpur Jalalpur Katuwani,JAUNPUR,-8.741,2026-09-01 00:00:00,9,True,-8.384,-10.171,-8.637,-2.698,0.104,0.357,3.736,True,stable
Shahjahanpur Sidhauli Mahanand Pur,SHAHJAHANPUR,-4.363,2026-08-23 18:00:00,17,True,-4.164,-5.786,-4.305,-3.066,0.058,0.199,1.36,True,stable
Kushinagar Fazilnagar  Belwakala,KUSHINAGAR,-0.424,2026-09-04 00:00:00,6,True,-0.406,-1.847,-0.503,-0.259,-0.079,0.018,0.794,True,stable
"Primary School/ Composite, Jhabiran",SAHARANPUR,-5.079,2026-09-04 00:00:00,6,True,-4.835,-6.518,-5.051,-1.283,0.028,0.244,2.617,True,stable
Badaun Usawan BDO Office,BUDAUN,-21.515,2026-09-05 00:00:00,5,True,-21.269,-22.94,-21.465,-19.426,0.05,0.246,1.757,True,stable
Maharajganj Siswa Siswa,MAHARAJGANJ,-0.999,2026-09-05 00:00:00,5,True,-0.962,-2.432,-1.079,-0.045,-0.08,0.037,1.193,True,stable
Mahoba Panwari Didvara,MAHOBA,-6.635,2026-08-28 00:00:00,13,True,-6.207,-8.101,-6.53,0.339,0.105,0.428,4.22,True,stable
Jaunpur Kerakat Barbaspur (Sohani),JAUNPUR,-5.862,2026-09-04 00:00:00,6,True,-5.505,-7.283,-5.81,-4.062,0.052,0.357,1.611,True,stable
"Primary / Composite School, Chiraudi",MEERUT,-4.554,2026-09-04 00:00:00,6,True,-4.339,-5.987,-4.515,-2.069,0.039,0.215,1.959,True,stable
"Primary School, Sindhan Kalan",BANDA,,2026-09-05 00:00:00,5,False,,,,,-20.861,-20.861,,False,unreliable
Azamgarh Thekama Bardah,AZAMGARH,-4.101,2026-09-04 00:00:00,6,True,-3.827,-5.531,-3.999,-0.916,0.102,0.274,2.307,True,stable
Etah Aavagarh Badhawali,ETAH,-3.387,2026-09-04 00:00:00,6,True,-3.172,-4.82,-3.366,-1.147,0.021,0.215,1.837,True,stable
Kushinagar Fazilnagar Jokwa Bujurg,KUSHINAGAR,-1.564,2026-09-04 00:00:00,6,True,-1.527,-2.997,-1.638,-0.427,-0.074,0.037,1.285,True,stable
Saint Ravidas Nagar Suriyawan Mond,SANT RAVIDAS NAGAR,-5.655,2026-09-04 00:00:00,6,True,-5.298,-7.113,-5.54,-0.167,0.115,0.357,3.473,True,stable
Shahjahanpur Puvayan Nahil,SHAHJAHANPUR,-6.434,2026-09-04 00:00:00,6,True,-6.188,-7.861,-6.387,-3.646,0.047,0.246,2.108,True,stable
Aligarh Jawa Jamalpur Siya,ALIGARH,-14.147,2026-09-04 00:00:00,6,True,-13.901,-15.568,-14.087,-12.123,0.06,0.246,1.723,True,stable
Saint Ravidas Nagar Aurai Uprauth,SANT RAVIDAS NAGAR,-3.93,2026-09-04 00:00:00,6,True,-3.656,-5.36,-3.815,-0.541,0.115,0.274,2.409,True,stable
"Block Office, Kurara",HAMIRPUR,-3.318,2026-09-03 12:00:00,6,True,-2.973,-4.764,-3.196,1.114,0.122,0.345,2.939,True,stable
Gorakhpur Barahalganj Bhatpar (Saukhor),GORAKHPUR,-3.544,2026-09-05 00:00:00,5,True,-3.27,-4.977,-3.458,-0.825,0.086,0.274,2.076,True,stable
Deoria Bhaluwani Markna,DEORIA,-1.949,2026-09-04 00:00:00,6,True,-1.912,-3.382,-1.998,-0.23,-0.049,0.037,1.576,True,stable
Azamgarh Atrauliya Atrauliya,AZAMGARH,-1.355,2026-09-04 00:00:00,6,True,-1.318,-2.791,-1.422,0.092,-0.067,0.037,1.441,True,stable
Banda Baberu Anvan,BANDA,0.275,2026-08-30 18:00:00,10,True,-1.6,-1.164,0.18,0.501,-0.095,-1.875,0.832,True,stable
Mainpuri Karhal Timrakh,MAINPURI,-2.868,2026-08-29 00:00:00,12,True,-2.731,-4.301,-2.846,-0.77,0.022,0.137,1.765,True,stable
Kushinagar Sewarhi Sewarhi,KUSHINAGAR,-1.326,2026-09-04 00:00:00,6,True,-1.289,-2.759,-1.402,-0.229,-0.076,0.037,1.265,True,stable
"Primary / Composite School, Mahalaka",MEERUT,-8.649,2026-08-28 12:00:00,12,True,-8.388,-10.082,-8.625,-4.493,0.024,0.261,2.794,True,stable
Mahoba Kabrai Sisri Kala,MAHOBA,-0.776,2026-09-02 12:00:00,7,True,-0.739,-2.215,-0.849,-0.32,-0.073,0.037,0.947,True,stable
Azamgarh Ahiraula Bahera,AZAMGARH,-4.567,2026-09-03 06:00:00,6,True,-4.293,-6.002,-4.475,-0.649,0.091,0.274,2.677,True,stable
"Primary School, Asara Bighawati",BAGHPAT,-17.042,2026-09-04 00:00:00,6,True,-16.781,-18.495,-17.016,-12.485,0.026,0.261,3.005,True,stable
Kushinagar Fazilnagar Narayanpur Khoti,KUSHINAGAR,-3.632,2026-09-04 00:00:00,6,True,-3.358,-5.059,-3.547,-1.505,0.085,0.274,1.777,True,stable
Saint Ravidas Nagar Gyanpur Kansapur,SANT RAVIDAS NAGAR,-5.008,2026-09-04 00:00:00,6,True,-4.734,-6.438,-4.906,-0.935,0.102,0.274,2.751,True,stable
"Primary School, Bhalsona",MEERUT,-2.346,2026-09-02 12:00:00,7,True,-2.23,-3.779,-2.335,0.057,0.011,0.116,1.918,True,stable
"ITI Campus, ITI Campus Area",MUZAFFARNAGAR,-12.433,2026-09-04 00:00:00,6,True,-12.172,-13.866,-12.409,-7.532,0.024,0.261,3.167,True,stable
Banda Kamasin Tilowsa,BANDA,-0.073,2026-08-31 00:00:00,10,True,-0.055,-1.503,-0.168,0.13,-0.095,0.018,0.816,True,stable
Jaunpur Rampur Sultanpur,JAUNPUR,-1.097,2026-08-29 00:00:00,12,True,-1.06,-2.536,-1.172,-0.319,-0.075,0.037,1.109,True,stable
Jaunpur Rampur Kathwatiya,JAUNPUR,-16.255,2026-09-04 00:00:00,6,True,-15.898,-17.691,-16.151,-11.316,0.104,0.357,3.187,True,stable
Etah Jalesar Hasangarh,ETAH,-8.181,2026-09-04 00:00:00,6,True,-7.935,-9.608,-8.134,-5.294,0.047,0.246,2.157,True,stable
Shahjahanpur Bhawal Kheda Sutnera,SHAHJAHANPUR,-4.009,2026-09-01 12:00:00,8,True,-3.794,-5.442,-3.986,-1.786,0.023,0.215,1.828,True,stable
Shahjahanpur Sidhauli Korokuiyan,SHAHJAHANPUR,-0.701,2026-09-04 00:00:00,6,True,-0.683,-2.126,-0.774,-0.512,-0.073,0.018,0.807,True,stable
Deoria Bhatpar Rani Dharkwan,DEORIA,-2.355,2026-09-04 00:00:00,6,True,-2.203,-3.788,-2.271,-0.51,0.084,0.152,1.639,True,stable
"Primary School, Marry",JHANSI,-0.785,2026-09-03 18:00:00,6,True,-0.748,-2.215,-0.856,-0.289,-0.071,0.037,0.963,True,stable
Sonbhadra Duddhi Mahuli,SONBHADRA,-1.34,2026-09-03 18:00:00,6,True,-1.303,-2.77,-1.415,-0.572,-0.075,0.037,1.099,True,stable
Varansi Pindara Gajendra,VARANASI,-11.274,2026-09-04 00:00:00,6,True,-10.917,-12.699,-11.193,-7.102,0.081,0.357,2.798,True,stable
Varansi Badagaon Gajapur,VARANASI,-17.633,2026-09-03 18:00:00,6,True,-17.276,-19.058,-17.586,-15.488,0.047,0.357,1.785,True,stable
"Primary School/ Composite, Chittora",MUZAFFARNAGAR,-1.761,2026-09-04 00:00:00,6,True,-1.724,-3.194,-1.829,-0.956,-0.068,0.037,1.119,True,stable
"Primary School/ Composite, Rasulpur",MUZAFFARNAGAR,-6.399,2026-09-05 00:00:00,5,True,-6.138,-7.827,-6.375,-1.86,0.024,0.261,2.984,True,stable
"Primary School/ Composite, Jukhedi",SAHARANPUR,-16.246,2026-09-04 12:00:00,5,True,-16.0,-17.679,-16.206,-13.539,0.04,0.246,2.07,True,stable
Saint Ravidas Nagar Suriyawan Chhapariya,SANT RAVIDAS NAGAR,-13.384,2026-09-04 00:00:00,6,True,-13.056,-14.842,-13.27,-8.216,0.114,0.328,3.313,True,stable
"Primary School, Sarwa",JHANSI,-1.702,2026-09-04 00:00:00,6,True,-1.665,-3.141,-1.758,-0.907,-0.056,0.037,1.117,True,stable
Sonbhadra Chopan Khairatiya,SONBHADRA,-0.609,2026-09-04 00:00:00,6,True,-0.591,-2.048,-0.689,1.831,-0.08,0.018,1.939,True,stable
Saint Ravidas Nagar Abholi Gangarampur,SANT RAVIDAS NAGAR,-8.5,2026-09-04 00:00:00,6,True,-8.109,-9.966,-8.385,-3.052,0.115,0.391,3.457,True,stable
Chitrakoot Karvi Shivrampur,CHITRAKOOT,-15.215,2026-09-04 12:00:00,5,True,-14.925,-16.681,-15.191,-9.299,0.024,0.29,3.691,True,stable
Kushinagar Tamkuhi Tamkuhi,KUSHINAGAR,-1.205,2026-09-04 00:00:00,6,True,-1.168,-2.632,-1.283,-0.223,-0.078,0.037,1.205,True,stable
Mahoba Kabrai Karaha,MAHOBA,-1.457,2026-09-02 12:00:00,7,True,-1.42,-2.896,-1.525,-0.741,-0.068,0.037,1.077,True,stable
"Primary School, Basti",JALAUN,-0.991,2026-09-04 00:00:00,6,True,-0.954,-2.437,-0.999,0.726,-0.008,0.037,1.581,True,stable
Hamirpur Kurara Jalokhar,HAMIRPUR,-0.048,2026-09-02 06:00:00,7,True,-0.03,-1.494,-0.087,0.975,-0.039,0.018,1.235,True,stable
"Primary School, Kakaurkala",BAGHPAT,-12.797,2026-09-04 00:00:00,6,True,-12.536,-14.24,-12.769,-7.935,0.028,0.261,3.152,True,stable
"Primary School, Nota",JHANSI,-1.875,2026-09-03 12:00:00,6,True,-1.838,-3.314,-1.867,-0.433,0.008,0.037,1.44,True,stable
"Primary School, Evani",JHANSI,-3.056,2026-08-28 12:00:00,12,True,-2.711,-4.502,-2.951,0.872,0.105,0.345,2.687,True,stable
Gorakhpur Pali Pali,GORAKHPUR,-3.998,2026-09-04 00:00:00,6,True,-3.724,-5.431,-3.906,-0.823,0.092,0.274,2.304,True,stable
Jaunpur Dobhi Bagerwa,JAUNPUR,-15.709,2026-08-27 12:00:00,13,True,-15.352,-17.154,-15.61,-10.213,0.099,0.357,3.471,True,stable
"Primary School/ Composite, Sidki",SAHARANPUR,-10.089,2026-09-04 00:00:00,6,True,-9.799,-11.555,-10.061,-4.371,0.028,0.29,3.592,True,stable
"Primary School, Pachar",JHANSI,-0.117,2026-09-04 00:00:00,6,True,-0.099,-1.55,-0.19,0.43,-0.073,0.018,0.99,True,stable
Deoria Bhatani Mishrauli Dichit,DEORIA,-1.977,2026-09-04 12:00:00,5,True,-1.94,-3.4,-2.049,-1.048,-0.072,0.037,1.176,True,stable
"Primary School/ Composite, Ghumawati",MUZAFFARNAGAR,-7.213,2026-08-29 00:00:00,12,True,-6.967,-8.636,-7.148,-4.886,0.065,0.246,1.875,True,stable
"Primary School, Khujurahokhurd",JHANSI,-9.003,2026-09-04 00:00:00,6,True,-8.575,-10.461,-8.892,-1.218,0.111,0.428,4.621,True,stable
Kushinagar Dudhai Gorariya,KUSHINAGAR,-2.598,2026-08-31 18:00:00,9,True,-2.402,-4.025,-2.513,-1.004,0.085,0.196,1.511,True,stable
"Primary School, Khandeura",BANDA,-6.813,2026-08-15 12:00:00,25,True,-6.523,-8.271,-6.745,-2.52,0.068,0.29,2.876,True,stable
Kushinagar Dudhai Dudhai,KUSHINAGAR,-2.038,2026-09-05 00:00:00,5,True,-2.001,-3.471,-2.059,-0.336,-0.021,0.037,1.568,True,stable
"Primary / Composite School, Jainpur",BAGHPAT,-13.733,2026-09-01 00:00:00,9,True,-13.472,-15.186,-13.705,-8.659,0.028,0.261,3.264,True,stable
"Upper Primary School Eng Medium, Hariyabans",SAHARANPUR,-13.523,2026-09-04 00:00:00,6,True,-13.262,-14.956,-13.482,-8.963,0.041,0.261,2.997,True,stable
"Primary School/ Composite, Katla Naveen",SAHARANPUR,-4.765,2026-09-05 00:00:00,5,True,-4.566,-6.192,-4.719,-2.873,0.046,0.199,1.659,True,stable
"Primary School, Radhana",MEERUT,-10.197,2026-09-04 00:00:00,6,True,-9.936,-11.63,-10.173,-6.02,0.024,0.261,2.805,True,stable
Varansi Harahua Bhaithauli,VARANASI,-8.553,2026-09-02 12:00:00,7,True,-8.196,-9.983,-8.448,-1.889,0.105,0.357,4.047,True,stable
"Inter College, Sarv Hitakari",BAGHPAT,-26.75,2026-09-05 00:00:00,5,True,-26.504,-28.173,-26.694,-25.118,0.056,0.246,1.527,True,stable
"Primary School/ Composite, Nunabadi",SAHARANPUR,-5.996,2026-09-04 00:00:00,6,True,-5.735,-7.429,-5.968,-1.436,0.028,0.261,2.997,True,stable
"Primary School/ Composite, Alampur",SAHARANPUR,-16.958,2026-09-05 00:00:00,5,True,-16.712,-18.391,-16.918,-13.596,0.04,0.246,2.398,True,stable
"Block office, Gursarai",JHANSI,-1.893,2026-09-03 00:00:00,7,True,-1.856,-3.339,-1.838,-0.874,0.055,0.037,1.233,True,stable
"Primary School, R.K.Inter college",BAGHPAT,-14.494,2026-09-04 00:00:00,6,True,-14.233,-15.947,-14.466,-9.605,0.028,0.261,3.171,True,stable
"Primary School, Dagarpur Tigadi",BAGHPAT,-20.184,2026-08-29 00:00:00,12,True,-19.938,-21.617,-20.14,-16.8,0.044,0.246,2.409,True,stable
Gorakhpur Belghat Murarpur,GORAKHPUR,-2.211,2026-09-05 00:00:00,5,True,-2.174,-3.644,-2.126,-0.121,0.085,0.037,1.761,True,stable
"Primary / Composite School, Saradhana Block Office",BAGHPAT,-8.864,2026-09-04 00:00:00,6,True,-8.603,-10.297,-8.838,-3.569,0.026,0.261,3.364,True,stable
Shahjahanpur Bhawal Kheda Chaudhera,SHAHJAHANPUR,-3.655,2026-09-04 00:00:00,6,True,-3.44,-5.085,-3.633,-1.412,0.022,0.215,1.836,True,stable
Gorakhpur Sahjanwa Kasrol,GORAKHPUR,-2.542,2026-09-04 12:00:00,5,True,-2.346,-3.97,-2.456,-0.419,0.086,0.196,1.775,True,stable
Deoria Salempur Manihari,DEORIA,-3.316,2026-09-05 00:00:00,5,True,-3.042,-4.749,-3.245,-0.849,0.071,0.274,1.95,True,stable
Maharajganj Nautanwa Purniha,MAHARAJGANJ,-1.502,2026-09-05 00:00:00,5,True,-1.465,-2.935,-1.576,-0.65,-0.074,0.037,1.143,True,stable
"Primary School, Masaurakhurd",LALITPUR,-2.63,2026-09-03 12:00:00,6,True,-2.464,-4.069,-2.538,-0.431,0.092,0.166,1.819,True,stable
Azamgarh Jahanganj Godhaura,AZAMGARH,-4.913,2026-09-01 18:00:00,8,True,-4.639,-6.349,-4.828,-1.302,0.085,0.274,2.523,True,stable
"Primary School/ Composite, Manoharpur",SAHARANPUR,-5.307,2026-09-03 00:00:00,7,True,-5.063,-6.753,-5.281,-1.385,0.026,0.244,2.684,True,stable
Maharajganj Mithaura Bhagatar,MAHARAJGANJ,-0.781,2026-09-04 00:00:00,6,True,-0.744,-2.206,-0.861,-0.55,-0.08,0.037,0.828,True,stable
"Primary School/ Composite, Harsauli",MUZAFFARNAGAR,-14.86,2026-09-04 00:00:00,6,True,-14.599,-16.293,-14.834,-9.896,0.026,0.261,3.198,True,stable
"Primary School/ Composite, Mandawali Khadar",MUZAFFARNAGAR,-9.555,2026-09-04 00:00:00,6,True,-9.294,-10.985,-9.527,-4.295,0.028,0.261,3.345,True,stable
"Primary School/ Composite, Nagla Rajput",SAHARANPUR,-7.164,2026-09-04 00:00:00,6,True,-6.918,-8.591,-7.117,-4.367,0.047,0.246,2.112,True,stable
"Primary School, Vansha Gram Panchayt",LALITPUR,-1.163,2026-09-05 00:00:00,5,True,-1.126,-2.593,-1.225,-0.131,-0.062,0.037,1.231,True,stable
"Primary School/ Composite, Pawti",MUZAFFARNAGAR,-1.968,2026-09-04 12:00:00,5,True,-1.931,-3.398,-2.029,-0.835,-0.061,0.037,1.281,True,stable
Firozabad Madanpur Rudhawali,FIROZABAD,-27.404,2026-09-04 12:00:00,5,True,-27.143,-28.837,-27.369,-23.878,0.035,0.261,2.479,True,stable
"Primary School/ Composite, Manganpur",MUZAFFARNAGAR,-11.908,2026-09-03 12:00:00,6,True,-11.647,-13.341,-11.865,-6.078,0.043,0.261,3.631,True,stable
"Primary School, Gotaka",MEERUT,-16.83,2026-09-04 00:00:00,6,True,-16.569,-18.283,-16.804,-12.127,0.026,0.261,3.078,True,stable
Saint Ravidas Nagar Deegh  Deegh,SANT RAVIDAS NAGAR,-7.191,2026-09-04 00:00:00,6,True,-6.763,-8.649,-7.069,-0.763,0.122,0.428,3.943,True,stable
"Primary School/ Composite, Mundi Kheri",SAHARANPUR,-4.683,2026-09-01 12:00:00,8,True,-4.484,-6.116,-4.644,-1.667,0.039,0.199,2.225,True,stable
"Primary School/ Composite, Landhoura Junardar",SAHARANPUR,-6.642,2026-08-20 12:00:00,20,True,-6.352,-8.108,-6.614,-1.547,0.028,0.29,3.281,True,stable
"Primary School, Chiplatha",JHANSI,-5.172,2026-04-28 00:00:00,135,True,-5.457,-6.606,-5.31,-4.909,-0.138,-0.285,0.848,False,unreliable
Mathura Baldeo  Khanpur,MATHURA,-10.658,2026-09-04 00:00:00,6,True,-10.412,-12.091,-10.617,-6.332,0.041,0.246,2.88,True,stable
Jaunpur Rampur Kamaruddin,JAUNPUR,-11.666,2026-08-30 12:00:00,10,True,-11.309,-13.093,-11.578,-7.267,0.088,0.357,2.913,True,stable
"Primary School/ Composite, Manpur Qadeem",SAHARANPUR,-4.537,2026-09-02 12:00:00,7,True,-4.338,-5.97,-4.486,-1.847,0.051,0.199,2.062,True,stable
"Shahid Chandra Shekhar Kanya P.M.V., Mallupura",MUZAFFARNAGAR,-15.32,2026-09-04 00:00:00,6,True,-15.059,-16.773,-15.292,-10.646,0.028,0.261,3.064,True,stable
"Primary School, Sangholi taga",BAGHPAT,-13.468,2026-09-05 00:00:00,5,True,-13.207,-14.901,-13.44,-8.642,0.028,0.261,3.129,True,stable
Varansi Harahua Sulemapur,VARANASI,-14.419,2026-09-04 00:00:00,6,True,-14.062,-15.855,-14.318,-10.692,0.101,0.357,2.581,True,stable
Jaunpur Jalalpur Vanpurwa,JAUNPUR,-7.735,2026-09-02 06:00:00,7,True,-7.307,-9.201,-7.616,-0.997,0.119,0.428,4.102,True,stable
Jaunpur Dobhi Kakarapar,JAUNPUR,-1.554,2026-09-03 18:00:00,6,True,-1.517,-2.984,-1.619,-0.348,-0.065,0.037,1.318,True,stable
Deoria Tarkulwa Tarkulwa,DEORIA,-6.423,2026-09-04 00:00:00,6,True,-6.066,-7.856,-6.33,-2.448,0.093,0.357,2.704,True,stable
Aligarh Chandaus Maharajpur,ALIGARH,-7.044,2026-08-29 00:00:00,12,True,-6.798,-8.467,-6.979,-4.709,0.065,0.246,1.879,True,stable
"Primary School/ Composite, Tandheda",MUZAFFARNAGAR,-11.368,2026-08-28 12:00:00,12,True,-11.107,-12.801,-11.344,-6.856,0.024,0.261,2.973,True,stable
Mahoba Charkhari Natara,MAHOBA,-1.226,2026-09-02 06:00:00,7,True,-1.189,-2.656,-1.303,-0.561,-0.077,0.037,1.047,True,stable
Chitrakoot Manikpur Agarhudha,CHITRAKOOT,-3.03,2026-08-26 12:00:00,14,True,-2.786,-4.476,-2.958,-0.681,0.072,0.244,1.898,True,stable
Mathura Chhata Chandauri,MATHURA,-6.551,2026-09-04 00:00:00,6,True,-6.29,-7.981,-6.523,-1.676,0.028,0.261,3.152,True,stable
"Primary School/ Composite, Chaappar",SAHARANPUR,-17.975,2026-09-04 00:00:00,6,True,-17.729,-19.408,-17.935,-15.45,0.04,0.246,1.979,True,stable
Maharajganj Dhani Nausagar,MAHARAJGANJ,-1.922,2026-09-04 00:00:00,6,True,-1.885,-3.35,-1.964,-0.228,-0.042,0.037,1.561,True,stable
"Inter college, Tindwara",BANDA,-1.954,2026-08-29 00:00:00,12,True,-1.917,-3.38,-2.055,-0.914,-0.101,0.037,1.233,True,stable
Varansi Harahua Shivrampur,VARANASI,-6.713,2026-08-31 18:00:00,9,True,-6.285,-8.179,-6.591,-1.166,0.122,0.428,3.506,True,stable
Azamgarh Lalganj Lalganj,AZAMGARH,-3.115,2026-09-05 00:00:00,5,True,-2.841,-4.548,-3.023,-0.2,0.092,0.274,2.174,True,stable
"Primary School/ Composite, Bhojpur Taga",SAHARANPUR,-2.242,2026-08-24 12:00:00,16,True,-2.182,-3.675,-2.221,-0.716,0.021,0.06,1.479,True,stable
Shahjahanpur Puvayan Mahua Pathak,SHAHJAHANPUR,-1.451,2026-09-04 00:00:00,6,True,-1.414,-2.884,-1.517,-0.831,-0.066,0.037,1.027,True,stable
Chitrakoot Karvi Khoha,CHITRAKOOT,-4.038,2026-09-04 00:00:00,6,True,-3.794,-5.484,-4.01,-0.641,0.028,0.244,2.421,True,stable
"Primary School/ Composite, Dholla Majra",SAHARANPUR,-9.147,2026-09-04 00:00:00,6,True,-8.886,-10.58,-9.125,-4.829,0.022,0.261,2.876,True,stable
Mainpuri Karhal  Rajpur,MAINPURI,-4.906,2026-09-01 00:00:00,9,True,-4.662,-6.345,-4.878,-1.779,0.028,0.244,2.283,True,stable
Kushinagar Sewarhi  Rampur Bagra N0.2,GORAKHPUR,-1.442,2026-09-04 00:00:00,6,True,-1.405,-2.869,-1.516,-0.403,-0.074,0.037,1.233,True,stable
Jaunpur Dobhi Kachhawan,JAUNPUR,-6.575,2026-09-03 18:00:00,6,True,-6.147,-8.041,-6.464,-0.451,0.111,0.428,3.795,True,stable
"Primary School/ Composite, Nasrullahgarh",SAHARANPUR,-7.311,2026-09-04 00:00:00,6,True,-7.065,-8.736,-7.26,-4.47,0.051,0.246,2.133,True,stable
Shahjahanpur Bhawal Kheda Shahbaj Pur,SHAHJAHANPUR,-3.097,2026-09-04 00:00:00,6,True,-2.853,-4.536,-3.069,-0.75,0.028,0.244,1.893,True,stable
"Janata Inter College, Lachheda",MUZAFFARNAGAR,-10.956,2026-08-29 00:00:00,12,True,-10.71,-12.377,-10.893,-8.607,0.063,0.246,1.885,True,stable
Shahjahanpur Dadraul Saraura (East),SHAHJAHANPUR,-3.538,2026-09-04 00:00:00,6,True,-3.294,-4.977,-3.51,-1.01,0.028,0.244,1.983,True,stable
"Primary School, Block Office",BAGHPAT,-21.014,2026-09-04 00:00:00,6,True,-20.753,-22.447,-20.986,-16.473,0.028,0.261,2.987,True,stable
Varansi Harahua Kakalpur,VARANASI,-22.093,2026-08-24 00:00:00,17,True,-21.665,-23.559,-21.992,-16.247,0.101,0.428,3.656,True,stable
Jaunpur Rampur Kaseru Nonara,JAUNPUR,-4.612,2026-08-25 18:00:00,15,True,-4.267,-6.051,-4.513,-0.273,0.099,0.345,2.889,True,stable
"Primary School, Kakadipur",BAGHPAT,-20.882,2026-09-04 00:00:00,6,True,-20.636,-22.305,-20.819,-19.001,0.063,0.246,1.652,True,stable
"Primary School, Paraon",LALITPUR,-0.391,2026-09-01 00:00:00,9,True,-0.373,-1.83,-0.471,0.378,-0.08,0.018,1.104,True,stable
Rasin_2,CHITRAKOOT,,2026-09-05 00:00:00,5,False,,,,,-20.861,-20.861,,False,unreliable
"Primary School, Gauripur Javahar Nagar",BAGHPAT,-24.77,2026-09-04 00:00:00,6,True,-24.509,-26.213,-24.746,-20.323,0.024,0.261,2.945,True,stable
Azamgarh Ahiraula Kandara,AZAMGARH,-3.627,2026-09-01 18:00:00,8,True,-3.353,-5.063,-3.543,-0.64,0.084,0.274,2.211,True,stable
"Primary School, Garher",JALAUN,-0.982,2026-09-02 12:00:00,7,True,-1.994,-2.428,-0.953,0.916,0.029,-1.012,1.672,True,stable
"Primary School, Bamhoori Khurd",MAHOBA,-1.979,2026-08-29 00:00:00,12,True,-1.942,-3.402,-2.045,-0.848,-0.066,0.037,1.277,True,stable
"Primary School, Gursarai tahrauli tahshil",JHANSI,-2.058,2026-08-29 00:00:00,12,True,-2.021,-3.485,-2.111,-0.658,-0.053,0.037,1.414,True,stable
Jaunpur Kerakat  Kharg Senpur,JAUNPUR,-3.992,2026-08-31 12:00:00,9,True,-3.647,-5.431,-3.893,-0.717,0.099,0.345,2.357,True,stable
Sonbhadra Babhani Bhawar,MIRZAPUR,-5.002,2026-08-23 18:00:00,17,True,-4.728,-6.426,-4.952,-3.217,0.05,0.274,1.605,True,stable
"Primary School, Dhikana",BAGHPAT,-17.471,2026-09-01 00:00:00,9,True,-17.21,-18.924,-17.443,-12.659,0.028,0.261,3.132,True,stable
Varansi Harahua Gurwat,VARANASI,-6.121,2026-08-23 18:00:00,17,True,-5.764,-7.547,-6.061,-3.814,0.06,0.357,1.867,True,stable
"Primary School, Vijaypura",LALITPUR,-1.537,2026-09-01 00:00:00,9,True,-1.5,-2.983,-1.518,-0.138,0.019,0.037,1.422,True,stable
"Primary School, Padra",JHANSI,-12.363,2026-07-05 18:00:00,66,True,-12.037,-13.791,-12.379,-8.568,-0.016,0.326,2.611,False,unreliable
"Primary School/ Composite, Jeevna",MUZAFFARNAGAR,-10.947,2026-08-28 12:00:00,12,True,-10.686,-12.38,-10.923,-7.244,0.024,0.261,2.568,True,stable
"Primary School, Khiriya",JHANSI,-0.2,2026-09-04 00:00:00,6,True,-0.182,-1.639,-0.28,0.11,-0.08,0.018,0.874,True,stable
"Primary School/ Composite, Fakreda",SAHARANPUR,-13.213,2026-08-25 12:00:00,15,True,-12.952,-14.658,-13.189,-9.576,0.024,0.261,2.541,True,stable
"Primary School, Dhanaura",JHANSI,-29.35,2026-08-29 00:00:00,12,True,-28.993,-30.783,-29.263,-25.256,0.087,0.357,2.764,True,stable
"Primary School, Shekhar",JHANSI,-7.343,2026-08-29 00:00:00,12,True,-6.986,-8.776,-7.249,-2.424,0.094,0.357,3.176,True,stable
"Primary School, Kailgwan",LALITPUR,-0.606,2026-09-03 12:00:00,6,True,-0.588,-2.045,-0.666,-0.096,-0.06,0.018,0.974,True,stable
"Primary School, Dewari",JALAUN,-1.831,2026-08-29 00:00:00,12,True,-1.794,-3.264,-1.884,-0.509,-0.053,0.037,1.377,True,stable
"Primary School, Kalan Bar Devran",LALITPUR,,2026-09-03 18:00:00,6,False,,,,,-1.816,-1.816,,False,unreliable
"Primary School, Dera Devra bujurg",JHANSI,-2.826,2026-08-26 06:00:00,14,True,-2.559,-4.272,-2.721,-0.704,0.105,0.267,1.784,True,stable
"Primary School/ Composite, Peepalhera",MUZAFFARNAGAR,-13.092,2026-09-03 12:00:00,6,True,-12.831,-14.53,-13.053,-9.091,0.039,0.261,2.719,True,stable
"Primary School, Bhagwanpur",BAGHPAT,-26.673,2026-09-01 00:00:00,9,True,-26.427,-28.106,-26.636,-22.997,0.037,0.246,2.555,True,stable
"Primary School, Bilata",LALITPUR,-4.699,2026-09-04 00:00:00,6,True,-4.354,-6.146,-4.577,0.622,0.122,0.345,3.384,True,stable
"Primary School, Bohra",JALAUN,-6.088,2026-08-29 00:00:00,12,True,-5.731,-7.521,-5.99,-1.484,0.098,0.357,3.019,True,stable
"Primary School, Sanori",LALITPUR,-0.282,2026-09-05 00:00:00,5,True,-0.264,-1.712,-0.363,0.52,-0.081,0.018,1.116,True,stable
Varansi Pindara Molanapur,VARANASI,-4.586,2026-08-27 18:00:00,13,True,-4.241,-6.025,-4.476,-0.594,0.11,0.345,2.715,True,stable
"Primary School, Karasdev Mandir",LALITPUR,-3.087,2026-09-05 00:00:00,5,True,-2.742,-4.526,-2.976,0.059,0.111,0.345,2.292,True,stable
"Primary School, Bhartpura",LALITPUR,-1.688,2026-09-03 00:00:00,7,True,-1.651,-3.127,-1.744,-0.535,-0.056,0.037,1.296,True,stable
"Primary School, Leharthkurpura",JHANSI,-1.622,2026-09-04 00:00:00,6,True,-1.585,-3.061,-1.678,-0.647,-0.056,0.037,1.207,True,stable
Devrar_1,BANDA,,2026-09-05 00:00:00,5,False,,,,,-20.861,-20.861,,False,unreliable
"Primary School/ Composite, Nandhera Khurd",SAHARANPUR,-5.653,2026-09-03 12:00:00,6,True,-5.391,-7.082,-5.628,-1.585,0.024,0.261,2.749,True,stable
"Primary School, Manupura",LALITPUR,-5.964,2026-08-15 00:00:00,26,True,-5.644,-7.392,-5.848,-2.837,0.116,0.32,2.277,True,stable
"Primary School, Bgra khisani bujurg",JHANSI,-2.498,2026-08-30 06:00:00,10,True,-2.361,-3.928,-2.476,-0.887,0.022,0.137,1.52,True,stable
Hamirpur Sumerpur Etara,HAMIRPUR,-4.337,2026-08-31 00:00:00,10,True,-3.992,-5.776,-4.219,0.268,0.118,0.345,3.022,True,stable
"Primary School, Bandpur",BAGHPAT,-24.704,2026-09-04 00:00:00,6,True,-24.443,-26.149,-24.68,-20.361,0.024,0.261,2.894,True,stable
"Primary School, Anrabali",MEERUT,-7.924,2026-08-21 18:00:00,19,True,-7.663,-9.357,-7.9,-4.027,0.024,0.261,2.665,True,stable
"Primary School, Belatal",MAHOBA,0.267,2026-09-01 00:00:00,9,True,-1.608,-1.163,0.2,0.811,-0.067,-1.875,0.987,True,stable
"Primary School, Surikalan",LALITPUR,-2.713,2026-09-04 06:00:00,5,True,-2.446,-4.159,-2.591,0.103,0.122,0.267,2.131,True,stable
"Primary School, Gaidaira",LALITPUR,-2.571,2026-08-29 00:00:00,12,True,-2.375,-3.992,-2.527,-1.428,0.044,0.196,1.282,True,stable
"Primary School, Badagaon bharati form",JHANSI,-1.161,2026-08-26 00:00:00,15,True,-1.124,-2.6,-1.232,-0.442,-0.071,0.037,1.079,True,stable
Mathura Pharah Nagala Medhaki,MATHURA,-2.948,2026-09-05 00:00:00,5,True,-2.749,-4.381,-2.918,-0.927,0.03,0.199,1.727,True,stable
Chitrakoot Manikpur Sardar Patel,CHITRAKOOT,-6.786,2026-08-25 12:00:00,15,True,-6.496,-8.244,-6.714,-1.579,0.072,0.29,3.333,True,stable
"Primary School, Saina",HAMIRPUR,-8.512,2026-08-13 18:00:00,27,True,-8.121,-9.978,-8.39,-3.294,0.122,0.391,3.342,True,stable
Banda Bisndha Mrooli,BANDA,-0.114,2026-09-03 00:00:00,7,True,-0.096,-1.553,-0.206,0.508,-0.092,0.018,1.03,True,stable
"Uccha Prathmik Vidhyalaya, Semra Bhav Nagar",LALITPUR,-1.288,2026-09-05 00:00:00,5,True,-1.251,-2.727,-1.357,-0.38,-0.069,0.037,1.174,True,stable
Primary School Kurdi,BAGHPAT,-10.521,2026-09-05 00:00:00,5,True,-10.26,-11.951,-10.493,-5.186,0.028,0.261,3.382,True,stable
Primary School Rathoda,BAGHPAT,-22.793,2026-09-05 00:00:00,5,True,-22.532,-24.246,-22.769,-18.404,0.024,0.261,2.921,True,stable
Grampunchayat Sachiwalaya Deori,SONBHADRA,-3.15,2026-09-05 00:00:00,5,True,-2.876,-4.58,-3.048,-0.767,0.102,0.274,1.906,True,stable
Upper Primary School Pohalli,MEERUT,-8.727,2026-09-05 00:00:00,5,True,-8.466,-10.16,-8.703,-4.379,0.024,0.261,2.891,True,stable
"Gram Panchayat Sachiwalaya / D.B.R. Ambedkar Samudayak Bhawan, Durkhuroo",JHANSI,-18.253,2026-09-05 00:00:00,5,True,-17.896,-19.686,-18.155,-12.262,0.098,0.357,3.712,True,stable
Prathmik Vidhyalaya Pahalgaon,JHANSI,-0.623,2026-09-05 00:00:00,5,True,-0.605,-2.062,-0.697,-0.184,-0.074,0.018,0.939,True,stable
Goshala Bankat,BANDA,-13.126,2026-09-05 00:00:00,5,True,-12.836,-14.592,-13.098,-7.838,0.028,0.29,3.377,True,stable
Primary School Sanda-Sanee,BANDA,-67.376,2026-09-05 00:00:00,5,True,-67.13,-68.797,-67.328,-65.112,0.048,0.246,1.842,True,stable
Purva Madhyamik Vidhyalaya Sihari,JALAUN,-1.412,2026-09-05 00:00:00,5,True,-1.375,-2.851,-1.478,-0.431,-0.066,0.037,1.21,True,stable
Purva Madhyamik Vidhyalaya Ladwari,LALITPUR,-0.761,2026-09-05 00:00:00,5,True,-0.743,-2.207,-0.825,0.032,-0.064,0.018,1.12,True,stable
Goshala Basela,HAMIRPUR,-0.359,2026-09-05 00:00:00,5,True,-0.341,-1.798,-0.429,0.005,-0.07,0.018,0.901,True,stable
Prathmik Vidhyalaya Manohari,JALAUN,-0.667,2026-09-05 00:00:00,5,True,-0.649,-2.1,-0.738,-0.145,-0.071,0.018,0.978,True,stable
Upper Primary Kasampur,MUZAFFARNAGAR,-4.417,2026-09-05 00:00:00,5,True,-4.202,-5.845,-4.389,-1.207,0.028,0.215,2.319,True,stable
Primary School Pahara,ETAH,-11.856,2026-09-05 00:00:00,5,True,-11.61,-13.279,-11.793,-9.122,0.063,0.246,2.078,True,stable
"Office of the Development Officer, Dakore",JALAUN,-0.779,2026-09-05 00:00:00,5,True,-0.742,-2.204,-0.849,-0.217,-0.07,0.037,0.994,True,stable
Veterinary Hospital Shahjahanpur,MEERUT,-10.007,2026-09-05 00:00:00,5,True,-9.746,-11.44,-9.973,-5.804,0.034,0.261,2.818,True,stable
Upper Primary School Urouliya,BUDAUN,-18.537,2026-09-05 00:00:00,5,True,-18.291,-19.96,-18.477,-16.618,0.06,0.246,1.671,True,stable
Purva Madhyamik Vidyalaya Chalakpur,SAHARANPUR,-5.188,2026-09-05 00:00:00,5,True,-4.989,-6.621,-5.142,-2.859,0.046,0.199,1.881,True,stable
Primary School Chandrapur Bichpuri,BAREILLY,-6.194,2026-09-05 00:00:00,5,True,-5.948,-7.627,-6.154,-3.245,0.04,0.246,2.191,True,stable
"Purva Madhyamik Vidhyalaya, Chackwara",AZAMGARH,-0.809,2026-09-05 00:00:00,5,True,-0.772,-2.239,-0.889,0.016,-0.08,0.037,1.127,True,stable
Primary School Campus Sikraura,AZAMGARH,-1.078,2026-09-05 00:00:00,5,True,-1.041,-2.501,-1.154,-0.724,-0.076,0.037,0.888,True,stable
Gadhela Panchayat Bhawan,JALAUN,-3.984,2026-09-05 00:00:00,5,True,-3.639,-5.431,-3.867,0.965,0.117,0.345,3.198,True,stable
Primary School No. 1 Barawad,BAGHPAT,-24.615,2026-09-04 18:00:00,5,True,-24.467,-26.036,-24.57,-22.953,0.045,0.148,1.542,True,stable
"Uccha Prathmik Vidhyalaya, Pathouli",MEERUT,-8.774,2026-09-05 00:00:00,5,True,-8.513,-10.207,-8.75,-4.334,0.024,0.261,2.936,True,stable
R.R.C. Center Aata,JALAUN,-0.214,2026-09-05 00:00:00,5,True,-0.196,-1.653,-0.285,0.358,-0.071,0.018,1.005,True,stable
Goshala Ghuri,BANDA,-1.126,2026-09-05 00:00:00,5,True,-1.089,-2.572,-1.133,0.021,-0.007,0.037,1.297,True,stable
Primary School Salawa,MEERUT,-2.291,2026-09-05 00:00:00,5,True,-2.231,-3.724,-2.269,-0.158,0.022,0.06,1.783,True,stable
Primary School Jatmujheda,MUZAFFARNAGAR,-7.857,2026-09-05 00:00:00,5,True,-7.596,-9.287,-7.833,-2.754,0.024,0.261,3.266,True,stable
"Composite School, Ghamhapur",MIRZAPUR,-1.711,2026-09-05 00:00:00,5,True,-1.674,-3.15,-1.706,-0.085,0.005,0.037,1.532,True,stable
Primary School Jagannathpur,BAREILLY,-15.124,2026-09-05 00:00:00,5,True,-14.878,-16.557,-15.084,-12.419,0.04,0.246,2.069,True,stable
Prathmik Vidhyalaya Takuli (Durahi Maafi),BANDA,-1.023,2026-09-05 00:00:00,5,True,-0.986,-2.469,-1.092,-0.333,-0.069,0.037,1.068,True,stable
"Primary School, Salhepur",FATEHPUR,-25.39,2026-09-05 00:00:00,5,True,-25.1,-26.856,-25.366,-20.938,0.024,0.29,2.959,True,stable
Upper Primary School Sarahan Bujurg,FATEHPUR,-58.39,2026-09-05 00:00:00,5,True,-58.144,-59.811,-58.342,-56.126,0.048,0.246,1.842,True,stable
Primary School Chobla,MEERUT,-6.708,2026-09-05 00:00:00,5,True,-6.447,-8.141,-6.674,-2.755,0.034,0.261,2.693,True,stable
Primary School Sahori,ETAH,-8.342,2026-09-05 00:00:00,5,True,-8.096,-9.765,-8.279,-5.603,0.063,0.246,2.081,True,stable
Goshala Bada Gaon,BANDA,-1.736,2026-09-05 00:00:00,5,True,-2.748,-3.183,-1.72,0.214,0.016,-1.012,1.698,True,stable
Goshala Pachhahan,BANDA,-16.204,2026-09-05 00:00:00,5,True,-15.943,-17.647,-16.176,-11.182,0.028,0.261,3.233,True,stable
Purva Madhyamik Vidhyalaya Piphara,ETAH,-8.01,2026-09-05 00:00:00,5,True,-7.764,-9.433,-7.947,-5.671,0.063,0.246,1.881,True,stable
"Pratmik Vidhyalaya, Kakaruwa",LALITPUR,-3.826,2026-09-05 00:00:00,5,True,-3.481,-5.265,-3.704,-0.224,0.122,0.345,2.521,True,stable
Primary School Harivanshpur,SIDDHARTHNAGAR,-2.57,2026-09-05 00:00:00,5,True,-2.374,-3.997,-2.484,-0.477,0.086,0.196,1.76,True,stable
Uccha Prathmik Vidhyalaya Odera,HAMIRPUR,-0.053,2026-09-05 00:00:00,5,True,-0.035,-1.492,-0.123,0.266,-0.07,0.018,0.879,True,stable
Primary School Jagdishpur Pratham,GORAKHPUR,-3.441,2026-09-05 00:00:00,5,True,-3.167,-4.874,-3.355,-0.895,0.086,0.274,1.989,True,stable
Kushinagar Khadda Khadda,KUSHINAGAR,-1.27,2026-09-05 00:00:00,5,True,-1.233,-2.703,-1.348,-0.399,-0.078,0.037,1.152,True,stable
Panchayat Bhawan Kuda Nar Singhpur,BUDAUN,,2026-09-05 00:00:00,5,False,,,,,-0.427,-0.427,,False,unreliable
Primary School Bilona,FATEHPUR,-11.143,2026-09-05 00:00:00,5,True,-10.853,-12.609,-11.115,-4.81,0.028,0.29,3.9,True,stable
Uccha Prathmik Vidhyalaya Uldan,JHANSI,-9.625,2026-09-05 00:00:00,5,True,-9.197,-11.091,-9.508,-2.363,0.117,0.428,4.364,True,stable
"Uccha Prathmik Vidhyalaya, Gangapur",FATEHPUR,-23.4,2026-09-05 00:00:00,5,True,-23.11,-24.866,-23.376,-19.419,0.024,0.29,2.723,True,stable
B.D.O. Office Lar,DEORIA,-5.351,2026-09-05 00:00:00,5,True,-5.077,-6.776,-5.271,-2.161,0.08,0.274,2.307,True,stable
Primary School Charkonwa,SONBHADRA,-1.762,2026-09-05 00:00:00,5,True,-1.725,-3.192,-1.821,-0.472,-0.059,0.037,1.36,True,stable
Primary School Mainhe hardo,SIDDHARTHNAGAR,-0.224,2026-09-05 00:00:00,5,True,-0.206,-1.657,-0.295,0.74,-0.071,0.018,1.199,True,stable
"Uccha Prathmik Vidhyalaya, Kapsarh",MEERUT,-2.754,2026-09-05 00:00:00,5,True,-2.617,-4.182,-2.732,-0.754,0.022,0.137,1.714,True,stable
Primary School Kucharam,CHITRAKOOT,-9.961,2026-08-26 18:00:00,14,True,-9.671,-11.427,-9.889,-4.914,0.072,0.29,3.257,True,stable
Composite School Sagarpur,MIRZAPUR,-0.672,2026-09-05 00:00:00,5,True,-1.703,-2.118,-0.626,1.073,0.046,-1.031,1.596,True,stable
Composite Girls Primary School Mai,JALAUN,-27.732,2026-09-04 06:00:00,5,True,-27.375,-29.153,-27.686,-24.912,0.046,0.357,2.12,True,stable
Panchayat Bhawan Usmanpur,BUDAUN,-6.225,2026-09-05 00:00:00,5,True,-5.979,-7.65,-6.173,-3.271,0.052,0.246,2.189,True,stable
Purva Madhyamik Vidhyalaya Bhitaura,JHANSI,-3.237,2026-09-05 00:00:00,5,True,-2.993,-4.676,-3.141,-0.765,0.096,0.244,1.955,True,stable
Prathmik Vidhyalaya Pipra Sarvan,DEORIA,-3.057,2026-09-05 00:00:00,5,True,-2.783,-4.49,-2.971,-0.51,0.086,0.274,1.99,True,stable
Aaganwadi Kendra Pakri Bazaar,DEORIA,-3.809,2026-09-05 00:00:00,5,True,-3.535,-5.242,-3.723,-1.122,0.086,0.274,2.06,True,stable
Aagan Wadi Kendra Chandni,JALAUN,-1.125,2026-09-05 00:00:00,5,True,-1.088,-2.571,-1.07,-0.395,0.055,0.037,1.088,True,stable
Primary School Shekhpuri,MEERUT,-5.33,2026-08-15 18:00:00,25,True,-5.131,-6.755,-5.284,-3.667,0.046,0.199,1.544,True,stable
"Prathmik Vidhyalaya, Makarndpur",FATEHPUR,-23.937,2026-09-05 00:00:00,5,True,-23.676,-25.39,-23.913,-19.58,0.024,0.261,2.905,True,stable
Composite School katar,AZAMGARH,-5.07,2026-09-05 00:00:00,5,True,-4.796,-6.491,-5.018,-3.514,0.052,0.274,1.489,True,stable
Comosite School Campus Badalganj,AZAMGARH,-6.054,2026-09-05 00:00:00,5,True,-5.697,-7.482,-5.967,-1.172,0.087,0.357,3.155,True,stable
Goshala Bhadehdu,BANDA,-6.264,2026-09-05 00:00:00,5,True,-5.974,-7.711,-6.236,-1.704,0.028,0.29,3.003,True,stable
"Prathmik Vidhyalaya, Katiliaha",FATEHPUR,-16.649,2026-09-05 00:00:00,5,True,-16.359,-18.115,-16.621,-9.071,0.028,0.29,4.522,True,stable
Primary School Jairampur,JALAUN,-23.047,2026-09-05 00:00:00,5,True,-22.69,-24.48,-22.946,-18.471,0.101,0.357,3.005,True,stable
primary school kapasi,SAHARANPUR,-7.054,2026-09-05 00:00:00,5,True,-6.793,-8.487,-7.03,-2.613,0.024,0.261,2.937,True,stable
Primary School Pinna,MUZAFFARNAGAR,-12.913,2026-09-05 00:00:00,5,True,-12.667,-14.346,-12.872,-8.782,0.041,0.246,2.782,True,stable
Primary School Bhata Diha,GORAKHPUR,-1.547,2026-09-05 00:00:00,5,True,-1.51,-2.975,-1.62,-0.388,-0.073,0.037,1.293,True,stable
Rajkia High School Pakhrauli,BANDA,-13.386,2026-08-17 18:00:00,23,True,-13.096,-14.852,-13.314,-7.534,0.072,0.29,3.659,True,stable
"Uccha Prathmik Vidhyalaya, Lohra (Pampawan)",SONBHADRA,-2.228,2026-09-05 00:00:00,5,True,-3.24,-3.674,-2.104,0.209,0.124,-1.012,1.942,True,stable
"Office of Assistant Director, Resham",SONBHADRA,-0.693,2026-09-04 18:00:00,5,True,-0.675,-2.123,-0.765,-0.041,-0.072,0.018,1.041,True,stable
Primary School Nandapur,FATEHPUR,-18.466,2026-09-01 18:00:00,8,True,-18.205,-19.919,-18.394,-12.908,0.072,0.261,3.505,True,stable
"B.D.O. Office, Binauli",BAGHPAT,-26.736,2026-09-05 00:00:00,5,True,-26.475,-28.189,-26.712,-22.085,0.024,0.261,3.052,True,stable
Primary School Gudha,LALITPUR,-1.478,2026-09-05 00:00:00,5,True,-1.441,-2.917,-1.529,-0.803,-0.051,0.037,1.057,True,stable
Primary School Cholahe,SHRAWASTI,-3.538,2026-09-05 00:00:00,5,True,-3.323,-4.968,-3.516,-1.356,0.022,0.215,1.806,True,stable
Composite School Sanjarpur,MIRZAPUR,-3.137,2026-09-05 00:00:00,5,True,-2.863,-4.567,-3.05,-0.479,0.087,0.274,2.044,True,stable
"Primary School, Kritikhand",FATEHPUR,-13.213,2026-09-05 00:00:00,5,True,-12.923,-14.679,-13.185,-8.416,0.028,0.29,3.132,True,stable
Composite School Kilhora,GHAZIABAD,-16.307,2026-09-05 00:00:00,5,True,-16.061,-17.732,-16.256,-14.209,0.051,0.246,1.762,True,stable
Upper Primary School Rijaula,BUDAUN,-20.745,2026-09-05 00:00:00,5,True,-20.499,-22.168,-20.685,-18.878,0.06,0.246,1.645,True,stable
Punchayat Bhawan Vijaypur,MIRZAPUR,-1.291,2026-09-05 00:00:00,5,True,-1.254,-2.73,-1.354,-0.153,-0.063,0.037,1.288,True,stable
Inter Collage Khampar,DEORIA,-2.686,2026-09-05 00:00:00,5,True,-2.49,-4.119,-2.602,-0.709,0.084,0.196,1.705,True,stable
Prathmik Vidhyalaya Sirasiya Pawar,DEORIA,-2.73,2026-09-05 00:00:00,5,True,-2.534,-4.163,-2.644,-0.361,0.086,0.196,1.901,True,stable
Rajkia Balika Inter College Kamasin,BANDA,-10.806,2026-08-22 00:00:00,19,True,-10.516,-12.272,-10.718,-5.973,0.088,0.29,3.15,True,stable
"Prathmik Vidhyalaya, Nehlawa",SIDDHARTHNAGAR,-1.5,2026-09-05 00:00:00,5,True,-1.463,-2.933,-1.565,-0.239,-0.065,0.037,1.347,True,stable
Primary School Campus Aurangabad,AZAMGARH,-0.699,2026-09-05 00:00:00,5,True,-0.681,-2.129,-0.769,0.103,-0.07,0.018,1.116,True,stable
Primary School Sonda,GHAZIABAD,-4.285,2026-09-05 00:00:00,5,True,-4.086,-5.708,-4.225,-3.001,0.06,0.199,1.354,True,stable
Punchayat Bhawan Bhaluwani,DEORIA,-0.814,2026-09-04 18:00:00,5,True,-0.777,-2.247,-0.894,0.008,-0.08,0.037,1.127,True,stable
Primary School Ashadh,VARANASI,-9.947,2026-09-05 00:00:00,5,True,-9.519,-11.413,-9.832,-4.388,0.115,0.428,3.512,True,stable
Goshala Churaha,HAMIRPUR,-22.832,2026-09-05 00:00:00,5,True,-22.467,-24.298,-22.714,-15.393,0.118,0.365,4.452,True,stable
Composite School Nagla Bair,GHAZIABAD,-8.883,2026-08-09 18:00:00,31,True,-8.637,-10.308,-8.836,-6.404,0.047,0.246,1.952,True,stable
Purva Madhyamik Vidhyalaya Achausa,JHANSI,-2.403,2026-09-05 00:00:00,5,True,-2.18,-3.842,-2.293,-0.684,0.11,0.223,1.579,True,stable
"Uccha Prathmik Vidhyalaya, Hasanpur Kadim",MEERUT,-30.232,2026-09-04 06:00:00,5,True,-30.125,-31.657,-30.179,-28.029,0.053,0.107,1.814,True,stable
Primary School Odaraha,VARANASI,-13.515,2026-09-05 00:00:00,5,True,-13.087,-14.981,-13.41,-6.936,0.105,0.428,4.023,True,stable
Composite School Biralsi,MUZAFFARNAGAR,-8.606,2026-08-27 18:00:00,13,True,-8.345,-10.036,-8.58,-3.488,0.026,0.261,3.274,True,stable
"Purva Madhyamik Vidhyalaya, Chandapur",VARANASI,-2.986,2026-09-05 00:00:00,5,True,-2.641,-4.432,-2.859,-0.593,0.127,0.345,1.919,True,stable
Primary School Dohriya,GORAKHPUR,-0.073,2026-09-05 00:00:00,5,True,-0.055,-1.506,-0.154,0.656,-0.081,0.018,1.081,True,stable
"Prathmik Vidhyalaya, Phaprana",GHAZIABAD,-7.837,2026-08-22 18:00:00,18,True,-7.576,-9.27,-7.809,-3.461,0.028,0.261,2.904,True,stable
Prmary School Rajpura,VARANASI,-8.404,2026-09-05 00:00:00,5,True,-7.976,-9.87,-8.293,-3.404,0.111,0.428,3.233,True,stable
Primary School chandsina,MUZAFFARNAGAR,-75.8,2026-09-05 00:00:00,5,True,-75.554,-77.221,-75.75,-73.535,0.05,0.246,1.843,True,stable
Primary School Campus Powai,AZAMGARH,-9.164,2026-09-05 00:00:00,5,True,-8.807,-10.587,-9.106,-6.897,0.058,0.357,1.845,True,stable
"Prathmik Vidhyalaya, Thavai",FATEHPUR,-5.81,2026-09-05 00:00:00,5,True,-5.549,-7.24,-5.782,-1.118,0.028,0.261,3.061,True,stable
Poorv Madhamik Vidhyalaya Kaseti,ETAH,-7.679,2026-09-05 00:00:00,5,True,-7.389,-9.137,-7.651,-2.733,0.028,0.29,3.202,True,stable
Uccha Prathmik Vidhyalaya Deaval,CHITRAKOOT,-18.359,2026-08-04 18:00:00,36,True,-18.014,-19.825,-18.331,-13.948,0.028,0.345,2.939,True,stable
Primary School Madari,FATEHPUR,-22.957,2026-09-04 18:00:00,5,True,-22.696,-24.41,-22.933,-18.249,0.024,0.261,3.08,True,stable
Primary School Jamunia,MIRZAPUR,-0.717,2026-09-05 00:00:00,5,True,-0.699,-2.147,-0.786,0.081,-0.069,0.018,1.114,True,stable
"Uccha Prathmik Vidhyalaya, Chero",DEORIA,-3.155,2026-08-02 12:00:00,38,True,-2.742,-4.585,-3.046,-0.947,0.109,0.413,1.819,True,stable
Prathmik Vidhyalaya Barha,JALAUN,-0.174,2026-09-05 00:00:00,5,True,-0.156,-1.604,-0.245,0.253,-0.071,0.018,0.929,True,stable
"Composite School, Dhamna Khurd",FATEHPUR,-14.239,2026-08-15 18:00:00,25,True,-14.091,-15.667,-14.19,-11.811,0.049,0.148,1.928,True,stable
Composite School Basantpur Saitali-1,GHAZIABAD,-8.613,2026-08-15 18:00:00,25,True,-8.43,-10.038,-8.552,-6.713,0.061,0.183,1.663,True,stable
Primary School Vamanpura,BUDAUN,-23.004,2026-09-05 00:00:00,5,True,-22.758,-24.429,-22.948,-19.533,0.056,0.246,2.448,True,stable
Prathmik Vidhyalaya Bant,LALITPUR,-2.035,2026-09-05 00:00:00,5,True,-1.998,-3.474,-2.024,-0.194,0.011,0.037,1.64,True,stable
Primary School Bargdhi,GORAKHPUR,-1.424,2026-08-15 18:00:00,25,True,-1.387,-2.849,-1.493,-1.295,-0.069,0.037,0.777,True,stable
primary school Chaura khurd,SAHARANPUR,-15.995,2026-09-05 00:00:00,5,True,-15.749,-17.418,-15.93,-13.951,0.065,0.246,1.733,True,stable
Uccha Prathmik Vidhyalaya Devaratha,BANDA,-5.234,2026-09-05 00:00:00,5,True,-4.99,-6.673,-5.206,-1.22,0.028,0.244,2.726,True,stable
Primary School English Medium Qutubpur Labdauna,SAHARANPUR,-5.759,2026-09-05 00:00:00,5,True,-5.498,-7.187,-5.731,-1.105,0.028,0.261,3.041,True,stable
"Primary School, Purakalan, Talbehat, Lalitpur_1",LALITPUR,-4.074,2026-08-29 00:00:00,12,True,-3.8,-5.499,-4.002,-2.329,0.072,0.274,1.585,True,stable
Primary School Mohammadpur Gurjar,SAHARANPUR,-18.915,2026-09-05 00:00:00,5,True,-18.669,-20.348,-18.875,-16.115,0.04,0.246,2.117,True,stable
Primary School Masuri,GHAZIABAD,,2026-06-08 18:00:00,93,False,,,,,-0.053,-0.053,,False,unreliable
Mahoba Charkhari Kuaan,MAHOBA,-6.175,2026-09-04 12:00:00,5,True,-5.818,-7.605,-6.058,0.594,0.117,0.357,4.099,True,stable
"Composite Uccha Prathmik Vidhyalaya, Paltadevi",SIDDHARTHNAGAR,,2026-09-05 00:00:00,5,False,,,,,-0.037,-0.037,,False,unreliable
Priamry School Mukasim,SONBHADRA,-0.412,2026-09-05 00:00:00,5,True,-0.394,-1.842,-0.483,0.445,-0.071,0.018,1.143,True,stable
"Primary School, Motiyari, Mahuaa, Banda_1",BANDA,-0.578,2026-08-29 00:00:00,12,True,-0.56,-2.024,-0.694,-0.058,-0.116,0.018,0.983,True,stable
"Swarg Dham, Hardua",JHANSI,-0.108,2026-09-05 00:00:00,5,True,-0.09,-1.554,-0.056,0.795,0.052,0.018,1.174,True,stable
Primary School Baijnathpur,GORAKHPUR,-5.3,2026-09-05 00:00:00,5,True,-5.026,-6.723,-5.237,-3.077,0.063,0.274,1.823,True,stable
"Uccha Prathmik Vidhyalaya, Simra",JHANSI,-9.856,2026-05-24 12:00:00,108,True,-10.092,-11.283,-9.991,-9.464,-0.135,-0.236,0.909,False,unreliable
Upper Primary School Lehra,ETAH,-2.445,2026-09-05 00:00:00,5,True,-2.308,-3.875,-2.424,-0.743,0.021,0.137,1.566,True,stable
Primary School Radnool Azizpur,BUDAUN,-6.546,2026-09-05 00:00:00,5,True,-6.285,-7.979,-6.522,-2.58,0.024,0.261,2.699,True,stable
primary school jalalpura,SAHARANPUR,-10.628,2026-04-02 12:00:00,160,True,-10.924,-12.062,-10.772,-9.489,-0.144,-0.296,1.286,False,unreliable
"Primary School, Pashu palan Vibhag Masuri",MEERUT,-16.775,2026-08-29 00:00:00,12,True,-16.529,-18.208,-16.734,-13.788,0.041,0.246,2.21,True,stable
