station,found_2026,n_records,min_ts,max_ts,block_lo,block_hi,nearest,api_calls,error
390713- Jairampur PMS -Shallow,True,544,2026-01-01T00:00:00,2026-05-30T00:00:00,0,544,,21,
750128- PMS Sulemapur -Medium,False,0,,,,,390713- Jairampur PMS -Shallow,20,
750523- Kakalpur PMS -Medium,True,242,2026-01-01T06:00:00,2026-06-02T18:00:00,544,786,,20,
750718- Primary Sch Matuka -Medium,True,106,2026-01-01T00:00:00,2026-02-02T00:00:00,786,892,,20,
750825- Primary Sch Shivrampur -Medium,True,57,2026-01-01T00:00:00,2026-01-14T18:41:00,892,949,,21,
ASHADHA PRATHMIK VIDYALAYA,False,0,,,,,390713- Jairampur PMS -Shallow,20,
Aadarsh Kisaan Inter College Bhabhuwa,True,12,2026-08-12T00:00:00,2026-08-15T18:00:00,949,961,,20,
Aadarsh Prathmik Vidhyalaya Mahua,True,624,2026-01-01T00:00:00,2026-08-15T18:00:00,961,1585,,20,
Aagan Waadi Kender Dwarkapur,True,548,2026-01-01T00:00:00,2026-08-15T18:00:00,1585,2133,,20,
Aagan Wadi Kendra Chandni,True,868,2026-01-02T00:00:00,2026-08-28T18:00:00,2531,3399,,21,
Aaganwadi Kender Kakrawali,True,386,2026-05-13T12:00:00,2026-08-28T18:00:00,2133,2519,,21,
Aaganwadi Kender Khanjarpur,True,12,2026-08-12T00:00:00,2026-08-15T18:00:00,2519,2531,,21,
Aaganwadi Kendra Pakri Bazaar,True,870,2026-01-01T00:00:00,2026-08-28T18:00:00,3399,4269,,21,
Aanganwadi Kendra,True,794,2026-01-01T00:00:00,2026-07-23T12:00:00,5063,5857,,21,
Aanganwadi kendra,True,794,2026-01-01T00:00:00,2026-07-23T06:00:00,4269,5063,,21,
"Aanganwadi kendra, Barhara",True,762,2026-01-01T00:00:00,2026-07-23T06:00:00,5857,6619,,21,
Aasao Pura,True,520,2026-02-01T00:00:00,2026-08-28T18:00:00,6619,7139,,21,
Abdullahpur Primary School -Medium,True,573,2026-01-01T00:00:00,2026-05-30T00:00:00,7139,7712,,20,
Abhauli (UP-153),True,153,2026-01-01T00:00:00,2026-02-08T00:00:00,7712,7865,,20,
Adari_2,True,462,2026-02-01T00:00:00,2026-08-28T18:00:00,7865,8327,,21,
"Adarsh Primary School, Dubar Kalan",True,810,2026-01-01T00:00:00,2026-08-28T12:00:00,8327,9137,,21,
Agan Wadi Kendra Kuchendu,True,868,2026-01-01T00:00:00,2026-08-28T18:00:00,9137,10005,,20,
Aganwadi Kendra Rupauli,True,784,2026-01-01T12:00:00,2026-07-23T12:00:00,10005,10789,,21,
Agra City (UP-017),True,566,2026-01-01T12:00:00,2026-05-30T06:00:00,10789,11355,,21,
Ahmad Ganj,True,440,2026-02-01T00:00:00,2026-08-26T06:00:00,11355,11795,,21,
Ahmadpur Savant (UP-163),True,567,2026-01-01T06:00:00,2026-06-03T18:00:00,11795,12362,,20,
Airayan  (UP-023),True,495,2026-01-01T00:00:00,2026-05-30T00:00:00,12362,12857,,21,
Alakchandra Inter college Bhinga,True,799,2026-01-01T00:00:00,2026-08-28T12:00:00,12857,13656,,21,
Aligarh Chandaus  Somana,True,826,2026-01-01T00:00:00,2026-08-24T00:00:00,15272,16098,,21,
Aligarh Chandaus Chuharpur,True,733,2026-01-23T10:50:00,2026-08-28T18:00:00,13656,14389,,21,
Aligarh Chandaus Lohput,False,0,,,,,Ahmadpur Savant (UP-163),21,
Aligarh Chandaus Maharajpur,True,883,2026-01-01T00:00:00,2026-08-28T18:00:00,14389,15272,,21,
Aligarh Gonda Chuhurpur Kinala,True,491,2026-01-12T00:00:00,2026-08-28T18:00:00,16098,16589,,21,
Aligarh Jawa Bahadurpur Kota,True,782,2026-01-01T00:00:00,2026-08-28T00:00:00,16589,17371,,21,
Aligarh Jawa Jamalpur Siya,True,730,2026-01-01T00:00:00,2026-08-28T18:00:00,17371,18101,,20,
Aligarh Jawa Sogera,True,817,2026-01-01T06:00:00,2026-08-28T18:00:00,18101,18918,,21,
Aligarh Khair Arrana,True,901,2026-01-01T00:00:00,2026-08-28T12:00:00,18918,19819,,20,
Aligarh Khair Utwara,True,793,2026-01-01T00:00:00,2026-08-28T18:00:00,19819,20612,,21,
Aligarh Lodha Aisi Kol,True,836,2026-01-01T00:00:00,2026-08-28T18:00:00,20612,21448,,21,
Aligarh Lodha Mahrawalpur Nagariya,True,841,2026-01-01T00:00:00,2026-08-28T18:00:00,21448,22289,,21,
Alipur,True,787,2026-01-01T00:00:00,2026-08-28T12:00:00,22289,23076,,20,
Alipur Aterna_1,True,257,2026-02-01T00:00:00,2026-04-18T00:00:00,23076,23333,,20,
Allahabad City (UP-046),False,0,,,,,Aligarh Lodha Aisi Kol,20,
Allaiha Badhaiya,True,406,2026-02-01T00:00:00,2026-08-28T18:00:00,23333,23739,,20,
Amauli (UP-027),True,549,2026-01-01T00:00:00,2026-05-30T06:00:00,23739,24288,,21,
Amchurnirua,True,622,2026-01-01T00:00:00,2026-08-28T18:00:00,24288,24910,,21,
Amgaon (UP-067),True,76,2026-01-01T00:00:00,2026-01-19T13:29:00,24910,24986,,21,
Amliha_1,True,432,2026-02-01T00:00:00,2026-08-28T18:00:00,24986,25418,,21,
Amlour,True,647,2026-01-01T18:00:00,2026-08-28T18:00:00,25418,26065,,21,
"Amroha Forest Department, Medium",True,571,2026-01-01T00:00:00,2026-05-29T12:00:00,26065,26636,,20,
"Amroha Forest Department, Shallow",True,588,2026-01-01T00:00:00,2026-06-28T00:00:00,26636,27224,,21,
"Anganwadi Kedra, Baini",True,794,2026-01-01T00:00:00,2026-08-28T12:00:00,27224,28018,,21,
Artauli_1,False,0,,,,,Amlour,20,
Aryavart Madhyamik Vidhyalaya Sindhora,True,802,2026-01-01T00:00:00,2026-08-28T12:00:00,28018,28820,,20,
Asafpur (UP-077),True,567,2026-01-01T00:00:00,2026-05-30T12:00:00,28820,29387,,21,
Ashapur Dak Banglow-Malawan-Medium,True,569,2026-01-01T00:00:00,2026-05-30T00:00:00,30197,30766,,21,
Ashapur Dak Banglow-Malawan-Shallow,True,553,2026-01-01T00:00:00,2026-05-30T00:00:00,30766,31319,,20,
Aspur Deosara (UP-040),False,0,,,,,Aryavart Madhyamik Vidhyalaya Sindhora,20,
Aswaniya Pr. Vid.,True,807,2026-01-01T00:00:00,2026-08-28T12:00:00,31319,32126,,20,
Atarahat,True,295,2026-01-01T06:00:00,2026-04-17T00:00:00,32126,32421,,20,
Atrada Pi_1,True,428,2026-01-03T00:00:00,2026-07-19T00:00:00,32421,32849,,21,
Aurai (UP-150),True,49,2026-01-01T00:00:00,2026-01-15T00:00:00,32849,32898,,21,
Awagarh (UP-005),True,802,2026-01-01T00:00:00,2026-08-28T00:00:00,32898,33700,,20,
Azamgarh Ahiraula Bahera,True,917,2026-01-01T00:00:00,2026-08-28T18:00:00,33700,34617,,21,
Azamgarh Ahiraula Kandara,True,917,2026-01-01T00:00:00,2026-08-28T18:00:00,34617,35534,,21,
Azamgarh Atrauliya Atrauliya,True,808,2026-01-01T00:00:00,2026-08-28T18:00:00,35534,36342,,21,
Azamgarh Jahanganj Godhaura,True,917,2026-01-01T00:00:00,2026-08-28T18:00:00,36342,37259,,21,
Azamgarh Lalganj Lalganj,True,911,2026-01-01T00:00:00,2026-08-28T18:00:00,37259,38170,,20,
Azamgarh Palhana Balahi Lahucha,True,793,2026-01-01T06:00:00,2026-08-28T18:00:00,38170,38963,,20,
Azamgarh Palhana Jamui Bhatauli,True,806,2026-01-01T00:00:00,2026-08-28T18:00:00,38963,39769,,21,
Azamgarh Pavai Velasiya,True,917,2026-01-01T00:00:00,2026-08-28T18:00:00,39769,40686,,20,
Azamgarh Sathiyavn Gajahada,True,829,2026-01-01T00:00:00,2026-08-28T18:00:00,40686,41515,,21,
Azamgarh Thekama Bardah,True,917,2026-01-01T00:00:00,2026-08-28T18:00:00,41515,42432,,21,
BADHANI PRATHMIK VIDYALAYA,False,0,,,,,B.D.O Office Ratanpura,21,
Baba BelkharNath Dham (UP-045),False,0,,,,,B.D.O Office Ratanpura,21,
Babina Rular,False,0,,,,,B.D.O Office Ratanpura,21,
Badagaon (UP-049),False,0,,,,,B.D.O Office Ratanpura,21,
Badagaon_1,False,0,,,,,B.D.O Office Ratanpura,21,
Badalpur (UP-091),False,0,,,,,B.D.O Office Ratanpura,21,
Badaun Salarpur BDO Office,False,0,,,,,B.D.O Office Ratanpura,21,
Badaun Ujhani Sports Stadium,False,0,,,,,B.D.O Office Ratanpura,21,
Badaun Usawan BDO Office,False,0,,,,,B.D.O Office Ratanpura,21,
Badhai Khurd Pr. Vid.,False,0,,,,,B.D.O Office Ratanpura,21,
Badhouli,False,0,,,,,B.D.O Office Ratanpura,21,
Bagadari,False,0,,,,,B.D.O Office Ratanpura,21,
Baghora_1,False,0,,,,,B.D.O Office Ratanpura,21,
Baghpat Meerut Kheda Balrampur Itiyara,False,0,,,,,B.D.O Office Ratanpura,21,
Baghpat Sardhana Julaida,False,0,,,,,B.D.O Office Ratanpura,21,
Baghura_1,False,0,,,,,B.D.O Office Ratanpura,21,
Bahjoi (UP-128),False,0,,,,,B.D.O Office Ratanpura,21,
Bahuwa (UP-024),False,0,,,,,B.D.O Office Ratanpura,21,
Baije mau,False,0,,,,,B.D.O Office Ratanpura,21,
Bajehta_1,False,0,,,,,B.D.O Office Ratanpura,21,
