station,trend_direction,trend_m_yr,level_now,proj_90d,lo_90d,hi_90d,proj_180d,lo_180d,hi_180d,caution,critical,multi_cov_90,priority,narrative
390713- Jairampur PMS -Shallow,declining,-0.199,-0.266,-0.525,-0.54,-0.431,-0.524,-0.539,-0.431,-0.372,-0.542,0.053,MONITOR,"390713- Jairampur PMS -Shallow: level -0.27 m, declining 0.20 m/yr. projected +90d -0.53 m, +180d -0.52 m. caution -0.37 m, critical -0.54 m. -> MONITOR: watch trend, reassess quarterly. (long-horizon forecast weak: recursive 90% coverage 5% < 60%)"
750128- PMS Sulemapur -Medium,stable,-0.009,-12.009,-9.706,-9.822,-9.568,-9.685,-9.835,-9.55,-9.66,-9.723,0.773,PRIORITY,"750128- PMS Sulemapur -Medium: level -12.01 m, stable 0.01 m/yr. projected +90d -9.71 m, +180d -9.69 m. caution -9.66 m, critical -9.72 m. -> PRIORITY: investigate recharge status / step up monitoring."
750523- Kakalpur PMS -Medium,indeterminate,,-13.769,-12.328,-12.521,-12.118,-12.368,-12.589,-12.206,-14.209,-14.707,0.67,OK,"750523- Kakalpur PMS -Medium: level -13.77 m, trend indeterminate (sensor-blocks). Recent record shows a sensor step-block; direction not trustworthy. projected +90d -12.33 m, +180d -12.37 m. caution -14.21 m, critical -14.71 m. -> OK: no immediate action."
750718- Primary Sch Matuka -Medium,declining,-2.566,-13.74,-4.816,-17.076,-16.112,-6.701,-17.094,-16.102,-16.725,-18.404,0.117,MONITOR,"750718- Primary Sch Matuka -Medium: level -13.74 m, declining 2.57 m/yr. projected +90d -4.82 m, +180d -6.70 m. caution -16.73 m, critical -18.40 m. -> MONITOR: watch trend, reassess quarterly. (long-horizon forecast weak: recursive 90% coverage 12% < 60%)"
750825- Primary Sch Shivrampur -Medium,indeterminate,,-9.522,-12.018,-12.49,-11.834,-12.721,-12.39,-11.813,-15.486,-16.707,0.064,OK,"750825- Primary Sch Shivrampur -Medium: level -9.52 m, trend indeterminate (sensor-blocks). Recent record shows a sensor step-block; direction not trustworthy. projected +90d -12.02 m, +180d -12.72 m. caution -15.49 m, critical -16.71 m. -> OK: no immediate action. (long-horizon forecast weak: recursive 90% coverage 6% < 60%)"
ASHADHA PRATHMIK VIDYALAYA,declining,-1.274,-6.135,-6.724,-7.401,-6.527,-6.241,-7.057,-6.126,-14.739,-14.839,0.776,MONITOR,"ASHADHA PRATHMIK VIDYALAYA: level -6.13 m, declining 1.27 m/yr. projected +90d -6.72 m, +180d -6.24 m. caution -14.74 m, critical -14.84 m. -> MONITOR: watch trend, reassess quarterly."
Aadarsh Kisaan Inter College Bhabhuwa,indeterminate,,-9.135,10.767,6.162,16.291,10.515,5.849,16.189,-20.934,-22.141,0.047,OK,"Aadarsh Kisaan Inter College Bhabhuwa: level -9.13 m, trend indeterminate (sensor-blocks). Recent record shows a sensor step-block; direction not trustworthy. projected +90d 10.77 m, +180d 10.52 m. caution -20.93 m, critical -22.14 m. -> OK: no immediate action. (long-horizon forecast weak: recursive 90% coverage 5% < 60%)"
Aadarsh Prathmik Vidhyalaya Mahua,indeterminate,,-5.546,-6.09,-6.273,-5.644,-6.576,-6.734,-6.128,-7.17,-7.542,0.371,OK,"Aadarsh Prathmik Vidhyalaya Mahua: level -5.55 m, trend indeterminate (sensor-blocks). Recent record shows a sensor step-block; direction not trustworthy. projected +90d -6.09 m, +180d -6.58 m. caution -7.17 m, critical -7.54 m. -> OK: no immediate action. (long-horizon forecast weak: recursive 90% coverage 37% < 60%)"
Aagan Waadi Kender Dwarkapur,indeterminate,,-20.736,-22.329,-22.376,-21.962,-22.33,-22.376,-21.962,-21.67,-22.206,0.449,PRIORITY,"Aagan Waadi Kender Dwarkapur: level -20.74 m, trend indeterminate (sensor-blocks). Recent record shows a sensor step-block; direction not trustworthy. projected +90d -22.33 m, +180d -22.33 m. caution -21.67 m, critical -22.21 m. -> PRIORITY: investigate recharge status / step up monitoring. (long-horizon forecast weak: recursive 90% coverage 45% < 60%)"
Aagan Wadi Kendra Chandni,indeterminate,,-0.95,-3.082,-3.507,-0.435,-4.008,-4.353,-1.207,-5.459,-6.962,0.126,OK,"Aagan Wadi Kendra Chandni: level -0.95 m, trend indeterminate (sensor-blocks). Recent record shows a sensor step-block; direction not trustworthy. projected +90d -3.08 m, +180d -4.01 m. caution -5.46 m, critical -6.96 m. -> OK: no immediate action. (long-horizon forecast weak: recursive 90% coverage 13% < 60%)"
Aaganwadi Kender Kakrawali,indeterminate,,-2.136,-3.948,-4.175,-3.768,-4.771,-4.94,-4.562,-5.456,-6.307,0.295,OK,"Aaganwadi Kender Kakrawali: level -2.14 m, trend indeterminate (sensor-blocks). Recent record shows a sensor step-block; direction not trustworthy. projected +90d -3.95 m, +180d -4.77 m. caution -5.46 m, critical -6.31 m. -> OK: no immediate action. (long-horizon forecast weak: recursive 90% coverage 30% < 60%)"
Aaganwadi Kender Khanjarpur,indeterminate,,-10.448,-9.922,-10.009,-9.897,-9.925,-10.008,-9.896,-10.298,-10.667,0.11,MONITOR,"Aaganwadi Kender Khanjarpur: level -10.45 m, trend indeterminate (sensor-blocks). Recent record shows a sensor step-block; direction not trustworthy. projected +90d -9.92 m, +180d -9.93 m. caution -10.30 m, critical -10.67 m. -> MONITOR: watch trend, reassess quarterly. (long-horizon forecast weak: recursive 90% coverage 11% < 60%)"
Aaganwadi Kendra Pakri Bazaar,indeterminate,,-4.094,-4.109,-4.201,-4.006,-4.618,-4.746,-4.359,-4.34,-4.562,0.657,PRIORITY,"Aaganwadi Kendra Pakri Bazaar: level -4.09 m, trend indeterminate (sensor-blocks). Recent record shows a sensor step-block; direction not trustworthy. projected +90d -4.11 m, +180d -4.62 m. caution -4.34 m, critical -4.56 m. -> PRIORITY: investigate recharge status / step up monitoring."
Aanganwadi Kendra,indeterminate,,-11.609,-8.892,-10.633,4.182,-5.529,-10.785,4.239,-11.059,-11.414,0.027,PRIORITY,"Aanganwadi Kendra: level -11.61 m, trend indeterminate (sensor-blocks). Recent record shows a sensor step-block; direction not trustworthy. projected +90d -8.89 m, +180d -5.53 m. caution -11.06 m, critical -11.41 m. -> PRIORITY: investigate recharge status / step up monitoring. (long-horizon forecast weak: recursive 90% coverage 3% < 60%)"
Aanganwadi kendra,indeterminate,,-22.025,-21.274,-22.066,-17.534,-26.618,-23.395,-17.726,-21.934,-22.448,0.862,PRIORITY,"Aanganwadi kendra: level -22.02 m, trend indeterminate (sensor-blocks). Recent record shows a sensor step-block; direction not trustworthy. projected +90d -21.27 m, +180d -26.62 m. caution -21.93 m, critical -22.45 m. -> PRIORITY: investigate recharge status / step up monitoring."
"Aanganwadi kendra, Barhara",indeterminate,,-12.216,-3.331,-3.48,-2.65,-1.639,-3.251,-2.259,-3.383,-3.574,0.431,PRIORITY,"Aanganwadi kendra, Barhara: level -12.22 m, trend indeterminate (sensor-blocks). Recent record shows a sensor step-block; direction not trustworthy. projected +90d -3.33 m, +180d -1.64 m. caution -3.38 m, critical -3.57 m. -> PRIORITY: investigate recharge status / step up monitoring. (long-horizon forecast weak: recursive 90% coverage 43% < 60%)"
Aasao Pura,indeterminate,,-0.95,9.888,27.146,27.451,29.237,27.405,27.586,27.1,27.1,0.31,PRIORITY,"Aasao Pura: level -0.95 m, trend indeterminate (sensor-blocks). Recent record shows a sensor step-block; direction not trustworthy. projected +90d 9.89 m, +180d 29.24 m. caution 27.10 m, critical 27.10 m. -> PRIORITY: investigate recharge status / step up monitoring. (long-horizon forecast weak: recursive 90% coverage 31% < 60%)"
Abdullahpur Primary School -Medium,declining,-0.321,-18.6,-19.553,-19.816,-19.218,-19.742,-19.812,-19.626,-19.595,-19.757,0.701,MONITOR,"Abdullahpur Primary School -Medium: level -18.60 m, declining 0.32 m/yr. projected +90d -19.55 m, +180d -19.74 m. caution -19.59 m, critical -19.76 m. -> MONITOR: watch trend, reassess quarterly."
Abhauli (UP-153),declining,-3.674,-14.482,-13.856,-13.936,-12.847,-13.938,-13.955,-12.847,-10.16,-14.03,0.341,PRIORITY,"Abhauli (UP-153): level -14.48 m, declining 3.67 m/yr. projected +90d -13.86 m, +180d -13.94 m. caution -10.16 m, critical -14.03 m. -> PRIORITY: investigate recharge status / step up monitoring. (long-horizon forecast weak: recursive 90% coverage 34% < 60%)"
Adari_2,indeterminate,,26.09,23.907,24.052,27.366,23.521,24.109,27.389,28.3,14.094,0.111,MONITOR,"Adari_2: level 26.09 m, trend indeterminate (sensor-blocks). Recent record shows a sensor step-block; direction not trustworthy. projected +90d 23.91 m, +180d 23.52 m. caution 28.30 m, critical 14.09 m. -> MONITOR: watch trend, reassess quarterly. (long-horizon forecast weak: recursive 90% coverage 11% < 60%)"
"Adarsh Primary School, Dubar Kalan",rising,0.887,-2.603,-1.701,-2.157,-1.566,-1.699,-2.159,-1.564,-2.901,-4.824,0.477,OK,"Adarsh Primary School, Dubar Kalan: level -2.60 m, rising 0.89 m/yr. projected +90d -1.70 m, +180d -1.70 m. caution -2.90 m, critical -4.82 m. -> OK: no immediate action. (long-horizon forecast weak: recursive 90% coverage 48% < 60%)"
Agan Wadi Kendra Kuchendu,indeterminate,,-20.694,-29.032,-30.57,-23.621,-31.062,-31.385,-23.746,-20.661,-27.695,0.284,PRIORITY,"Agan Wadi Kendra Kuchendu: level -20.69 m, trend indeterminate (sensor-blocks). Recent record shows a sensor step-block; direction not trustworthy. projected +90d -29.03 m, +180d -31.06 m. caution -20.66 m, critical -27.70 m. -> PRIORITY: investigate recharge status / step up monitoring. (long-horizon forecast weak: recursive 90% coverage 28% < 60%)"
Aganwadi Kendra Rupauli,indeterminate,,-9.71,-10.284,-10.42,-8.236,-8.748,-8.724,-8.206,-10.09,-10.328,0.509,OK,"Aganwadi Kendra Rupauli: level -9.71 m, trend indeterminate (sensor-blocks). Recent record shows a sensor step-block; direction not trustworthy. projected +90d -10.28 m, +180d -8.75 m. caution -10.09 m, critical -10.33 m. -> OK: no immediate action. (long-horizon forecast weak: recursive 90% coverage 51% < 60%)"
Agra City (UP-017),rising,0.392,-26.426,-28.064,-28.106,-27.984,-28.061,-28.103,-27.984,-27.801,-28.247,0.026,OK,"Agra City (UP-017): level -26.43 m, rising 0.39 m/yr. projected +90d -28.06 m, +180d -28.06 m. caution -27.80 m, critical -28.25 m. -> OK: no immediate action. (long-horizon forecast weak: recursive 90% coverage 3% < 60%)"
Ahmad Ganj,indeterminate,,1.0,29.615,28.118,29.65,29.628,28.118,29.65,27.66,1.0,0.008,PRIORITY,"Ahmad Ganj: level 1.00 m, trend indeterminate (sensor-blocks). Recent record shows a sensor step-block; direction not trustworthy. projected +90d 29.61 m, +180d 29.63 m. caution 27.66 m, critical 1.00 m. -> PRIORITY: investigate recharge status / step up monitoring. (long-horizon forecast weak: recursive 90% coverage 1% < 60%)"
Ahmadpur Savant (UP-163),declining,-1.282,-7.717,-11.019,-11.299,-10.382,-11.955,-11.994,-11.134,-9.614,-10.791,0.07,PRIORITY,"Ahmadpur Savant (UP-163): level -7.72 m, declining 1.28 m/yr. projected +90d -11.02 m, +180d -11.96 m. caution -9.61 m, critical -10.79 m. -> PRIORITY: investigate recharge status / step up monitoring. (long-horizon forecast weak: recursive 90% coverage 7% < 60%)"
Airayan  (UP-023),stable,0.036,-18.184,-22.42,-22.559,-21.913,-22.459,-22.57,-21.913,-20.838,-22.732,0.135,OK,"Airayan  (UP-023): level -18.18 m, stable 0.04 m/yr. projected +90d -22.42 m, +180d -22.46 m. caution -20.84 m, critical -22.73 m. -> OK: no immediate action. (long-horizon forecast weak: recursive 90% coverage 14% < 60%)"
Alakchandra Inter college Bhinga,indeterminate,,-5.339,-9.765,-9.84,-9.287,-9.748,-9.807,-9.275,-7.246,-10.044,0.066,OK,"Alakchandra Inter college Bhinga: level -5.34 m, trend indeterminate (sensor-blocks). Recent record shows a sensor step-block; direction not trustworthy. projected +90d -9.77 m, +180d -9.75 m. caution -7.25 m, critical -10.04 m. -> OK: no immediate action. (long-horizon forecast weak: recursive 90% coverage 7% < 60%)"
Aligarh Chandaus  Somana,indeterminate,,-2.631,-14.05,-12.534,-8.552,-18.854,-13.345,-8.545,-7.71,-8.733,0.014,PRIORITY,"Aligarh Chandaus  Somana: level -2.63 m, trend indeterminate (sensor-blocks). Recent record shows a sensor step-block; direction not trustworthy. projected +90d -14.05 m, +180d -18.85 m. caution -7.71 m, critical -8.73 m. -> PRIORITY: investigate recharge status / step up monitoring. (long-horizon forecast weak: recursive 90% coverage 1% < 60%)"
Aligarh Chandaus Chuharpur,rising,0.681,-8.142,-7.035,-7.324,-7.009,-7.056,-7.326,-7.006,-9.336,-9.561,0.584,OK,"Aligarh Chandaus Chuharpur: level -8.14 m, rising 0.68 m/yr. projected +90d -7.04 m, +180d -7.06 m. caution -9.34 m, critical -9.56 m. -> OK: no immediate action. (long-horizon forecast weak: recursive 90% coverage 58% < 60%)"
Aligarh Chandaus Lohput,insufficient,,-15.318,-15.133,-15.167,-15.069,-15.167,-15.2,-15.11,-15.127,-15.324,0.144,MONITOR,"Aligarh Chandaus Lohput: level -15.32 m, trend indeterminate (sensor-blocks). projected +90d -15.13 m, +180d -15.17 m. caution -15.13 m, critical -15.32 m. -> MONITOR: watch trend, reassess quarterly. (long-horizon forecast weak: recursive 90% coverage 14% < 60%)"
Aligarh Chandaus Maharajpur,rising,0.152,-4.402,-6.232,-6.533,-5.967,-5.884,-6.215,-5.688,-7.48,-8.427,0.448,OK,"Aligarh Chandaus Maharajpur: level -4.40 m, rising 0.15 m/yr. projected +90d -6.23 m, +180d -5.88 m. caution -7.48 m, critical -8.43 m. -> OK: no immediate action. (long-horizon forecast weak: recursive 90% coverage 45% < 60%)"
Aligarh Gonda Chuhurpur Kinala,declining,-1.865,-2.639,-5.149,-5.366,-5.025,-5.527,-5.498,-5.238,-5.227,-5.52,0.348,PRIORITY,"Aligarh Gonda Chuhurpur Kinala: level -2.64 m, declining 1.86 m/yr. projected +90d -5.15 m, +180d -5.53 m. caution -5.23 m, critical -5.52 m. -> PRIORITY: investigate recharge status / step up monitoring. (long-horizon forecast weak: recursive 90% coverage 35% < 60%)"
Aligarh Jawa Bahadurpur Kota,rising,1.012,-7.111,-8.531,-9.003,-8.49,-9.198,-9.463,-9.086,-11.967,-12.584,0.361,OK,"Aligarh Jawa Bahadurpur Kota: level -7.11 m, rising 1.01 m/yr. projected +90d -8.53 m, +180d -9.20 m. caution -11.97 m, critical -12.58 m. -> OK: no immediate action. (long-horizon forecast weak: recursive 90% coverage 36% < 60%)"
Aligarh Jawa Jamalpur Siya,rising,0.5,-15.394,-14.885,-15.204,-14.881,-14.888,-15.204,-14.902,-15.976,-16.61,0.172,OK,"Aligarh Jawa Jamalpur Siya: level -15.39 m, rising 0.50 m/yr. projected +90d -14.88 m, +180d -14.89 m. caution -15.98 m, critical -16.61 m. -> OK: no immediate action. (long-horizon forecast weak: recursive 90% coverage 17% < 60%)"
Aligarh Jawa Sogera,rising,0.425,-4.019,-4.259,-4.568,-4.195,-4.208,-4.523,-4.144,-6.708,-7.177,0.179,OK,"Aligarh Jawa Sogera: level -4.02 m, rising 0.42 m/yr. projected +90d -4.26 m, +180d -4.21 m. caution -6.71 m, critical -7.18 m. -> OK: no immediate action. (long-horizon forecast weak: recursive 90% coverage 18% < 60%)"
Aligarh Khair Arrana,rising,0.197,-4.525,-4.68,-5.072,-4.593,-4.671,-5.166,-4.552,-7.384,-8.508,0.09,OK,"Aligarh Khair Arrana: level -4.53 m, rising 0.20 m/yr. projected +90d -4.68 m, +180d -4.67 m. caution -7.38 m, critical -8.51 m. -> OK: no immediate action. (long-horizon forecast weak: recursive 90% coverage 9% < 60%)"
Aligarh Khair Utwara,declining,-0.254,-4.778,-6.145,-6.329,-6.089,-6.56,-6.696,-6.456,-6.983,-7.88,0.358,MONITOR,"Aligarh Khair Utwara: level -4.78 m, declining 0.25 m/yr. projected +90d -6.14 m, +180d -6.56 m. caution -6.98 m, critical -7.88 m. -> MONITOR: watch trend, reassess quarterly. (long-horizon forecast weak: recursive 90% coverage 36% < 60%)"
Aligarh Lodha Aisi Kol,rising,0.501,-22.638,-21.353,-24.405,-23.606,-19.022,-23.955,-23.343,-24.567,-25.082,0.24,OK,"Aligarh Lodha Aisi Kol: level -22.64 m, rising 0.50 m/yr. projected +90d -21.35 m, +180d -19.02 m. caution -24.57 m, critical -25.08 m. -> OK: no immediate action. (long-horizon forecast weak: recursive 90% coverage 24% < 60%)"
Aligarh Lodha Mahrawalpur Nagariya,declining,-0.055,-20.429,-21.265,-21.528,-21.16,-21.214,-21.513,-21.148,-23.149,-23.547,0.378,MONITOR,"Aligarh Lodha Mahrawalpur Nagariya: level -20.43 m, declining 0.06 m/yr. projected +90d -21.27 m, +180d -21.21 m. caution -23.15 m, critical -23.55 m. -> MONITOR: watch trend, reassess quarterly. (long-horizon forecast weak: recursive 90% coverage 38% < 60%)"
Alipur,rising,1.011,-1.802,-1.996,-2.294,-2.019,-2.072,-2.407,-2.017,-4.094,-4.759,0.075,OK,"Alipur: level -1.80 m, rising 1.01 m/yr. projected +90d -2.00 m, +180d -2.07 m. caution -4.09 m, critical -4.76 m. -> OK: no immediate action. (long-horizon forecast weak: recursive 90% coverage 7% < 60%)"
Alipur Aterna_1,indeterminate,,-24.55,21.044,24.036,24.829,19.475,24.038,24.815,24.5,24.35,0.831,PRIORITY,"Alipur Aterna_1: level -24.55 m, trend indeterminate (sensor-blocks). Recent record shows a sensor step-block; direction not trustworthy. projected +90d 21.04 m, +180d 19.48 m. caution 24.50 m, critical 24.35 m. -> PRIORITY: investigate recharge status / step up monitoring."
Allahabad City (UP-046),indeterminate,,-25.862,-19.242,-20.431,-9.978,-20.559,-22.211,-10.625,-24.972,-25.688,0.157,PRIORITY,"Allahabad City (UP-046): level -25.86 m, trend indeterminate (sensor-blocks). Recent record shows a sensor step-block; direction not trustworthy. projected +90d -19.24 m, +180d -20.56 m. caution -24.97 m, critical -25.69 m. -> PRIORITY: investigate recharge status / step up monitoring. (long-horizon forecast weak: recursive 90% coverage 16% < 60%)"
Allaiha Badhaiya,indeterminate,,-2.06,27.529,27.743,28.103,26.476,27.978,28.083,28.0,27.88,0.194,PRIORITY,"Allaiha Badhaiya: level -2.06 m, trend indeterminate (sensor-blocks). Recent record shows a sensor step-block; direction not trustworthy. projected +90d 27.53 m, +180d 26.48 m. caution 28.00 m, critical 27.88 m. -> PRIORITY: investigate recharge status / step up monitoring. (long-horizon forecast weak: recursive 90% coverage 19% < 60%)"
Amauli (UP-027),declining,-1.341,-27.21,-29.243,-29.352,-28.957,-29.884,-29.954,-29.582,-29.36,-30.273,0.134,MONITOR,"Amauli (UP-027): level -27.21 m, declining 1.34 m/yr. projected +90d -29.24 m, +180d -29.88 m. caution -29.36 m, critical -30.27 m. -> MONITOR: watch trend, reassess quarterly. (long-horizon forecast weak: recursive 90% coverage 13% < 60%)"
Amchurnirua,indeterminate,,-3.89,13.02,24.513,27.5,12.011,24.511,27.505,26.6,26.1,0.489,PRIORITY,"Amchurnirua: level -3.89 m, trend indeterminate (sensor-blocks). Recent record shows a sensor step-block; direction not trustworthy. projected +90d 13.02 m, +180d 12.01 m. caution 26.60 m, critical 26.10 m. -> PRIORITY: investigate recharge status / step up monitoring. (long-horizon forecast weak: recursive 90% coverage 49% < 60%)"
Amgaon (UP-067),rising,6.726,-1.977,-12.715,-14.877,-13.351,-10.083,-14.436,-13.673,-19.895,-20.511,0.059,OK,"Amgaon (UP-067): level -1.98 m, rising 6.73 m/yr. projected +90d -12.71 m, +180d -10.08 m. caution -19.89 m, critical -20.51 m. -> OK: no immediate action. (long-horizon forecast weak: recursive 90% coverage 6% < 60%)"
Amliha_1,indeterminate,,-3.16,26.838,26.684,26.959,26.756,26.576,26.792,26.3,26.0,0.046,PRIORITY,"Amliha_1: level -3.16 m, trend indeterminate (sensor-blocks). Recent record shows a sensor step-block; direction not trustworthy. projected +90d 26.84 m, +180d 26.76 m. caution 26.30 m, critical 26.00 m. -> PRIORITY: investigate recharge status / step up monitoring. (long-horizon forecast weak: recursive 90% coverage 5% < 60%)"
Amlour,indeterminate,,-22.63,10.899,-2.532,27.501,15.241,-2.64,27.507,26.2,25.2,0.038,PRIORITY,"Amlour: level -22.63 m, trend indeterminate (sensor-blocks). Recent record shows a sensor step-block; direction not trustworthy. projected +90d 10.90 m, +180d 15.24 m. caution 26.20 m, critical 25.20 m. -> PRIORITY: investigate recharge status / step up monitoring. (long-horizon forecast weak: recursive 90% coverage 4% < 60%)"
"Amroha Forest Department, Medium",declining,-0.541,-15.534,-16.548,-16.656,-16.349,-16.775,-16.868,-16.52,-16.769,-17.398,0.316,MONITOR,"Amroha Forest Department, Medium: level -15.53 m, declining 0.54 m/yr. projected +90d -16.55 m, +180d -16.77 m. caution -16.77 m, critical -17.40 m. -> MONITOR: watch trend, reassess quarterly. (long-horizon forecast weak: recursive 90% coverage 32% < 60%)"
"Amroha Forest Department, Shallow",declining,-0.418,-15.571,-16.603,-16.792,-16.501,-16.882,-17.106,-16.807,-17.123,-17.626,0.416,MONITOR,"Amroha Forest Department, Shallow: level -15.57 m, declining 0.42 m/yr. projected +90d -16.60 m, +180d -16.88 m. caution -17.12 m, critical -17.63 m. -> MONITOR: watch trend, reassess quarterly. (long-horizon forecast weak: recursive 90% coverage 42% < 60%)"
"Anganwadi Kedra, Baini",indeterminate,,-0.74,-0.94,-1.542,-0.783,-0.873,-1.401,-0.794,-4.752,-5.408,0.272,OK,"Anganwadi Kedra, Baini: level -0.74 m, trend indeterminate (sensor-blocks). Recent record shows a sensor step-block; direction not trustworthy. projected +90d -0.94 m, +180d -0.87 m. caution -4.75 m, critical -5.41 m. -> OK: no immediate action. (long-horizon forecast weak: recursive 90% coverage 27% < 60%)"
Artauli_1,stable,-0.0,28.4,24.288,27.832,29.019,24.29,27.91,29.019,28.4,28.4,0.951,PRIORITY,"Artauli_1: level 28.40 m, stable 0.00 m/yr. projected +90d 24.29 m, +180d 24.29 m. caution 28.40 m, critical 28.40 m. -> PRIORITY: investigate recharge status / step up monitoring."
Aryavart Madhyamik Vidhyalaya Sindhora,stable,0.044,-7.226,-7.998,-8.241,-7.935,-8.041,-8.245,-7.92,-9.952,-10.79,0.108,OK,"Aryavart Madhyamik Vidhyalaya Sindhora: level -7.23 m, stable 0.04 m/yr. projected +90d -8.00 m, +180d -8.04 m. caution -9.95 m, critical -10.79 m. -> OK: no immediate action. (long-horizon forecast weak: recursive 90% coverage 11% < 60%)"
Asafpur (UP-077),declining,-0.802,-16.188,-16.51,-16.545,-16.404,-16.582,-16.611,-16.458,-16.397,-16.79,0.129,MONITOR,"Asafpur (UP-077): level -16.19 m, declining 0.80 m/yr. projected +90d -16.51 m, +180d -16.58 m. caution -16.40 m, critical -16.79 m. -> MONITOR: watch trend, reassess quarterly. (long-horizon forecast weak: recursive 90% coverage 13% < 60%)"
Ashapur Dak Banglow-Malawan-Medium,declining,-0.85,-16.615,-16.972,-17.501,-16.902,-16.999,-17.471,-16.963,-18.173,-18.326,0.074,MONITOR,"Ashapur Dak Banglow-Malawan-Medium: level -16.61 m, declining 0.85 m/yr. projected +90d -16.97 m, +180d -17.00 m. caution -18.17 m, critical -18.33 m. -> MONITOR: watch trend, reassess quarterly. (long-horizon forecast weak: recursive 90% coverage 7% < 60%)"
Ashapur Dak Banglow-Malawan-Shallow,declining,-0.475,-20.442,-22.143,-22.246,-22.072,-22.163,-22.268,-22.079,-22.486,-22.863,0.024,MONITOR,"Ashapur Dak Banglow-Malawan-Shallow: level -20.44 m, declining 0.47 m/yr. projected +90d -22.14 m, +180d -22.16 m. caution -22.49 m, critical -22.86 m. -> MONITOR: watch trend, reassess quarterly. (long-horizon forecast weak: recursive 90% coverage 2% < 60%)"
Aspur Deosara (UP-040),declining,-1.127,-5.083,-5.959,-5.981,-5.019,-5.872,-5.882,-5.019,-4.24,-5.006,0.215,PRIORITY,"Aspur Deosara (UP-040): level -5.08 m, declining 1.13 m/yr. projected +90d -5.96 m, +180d -5.87 m. caution -4.24 m, critical -5.01 m. -> PRIORITY: investigate recharge status / step up monitoring. (long-horizon forecast weak: recursive 90% coverage 22% < 60%)"
Aswaniya Pr. Vid.,rising,0.156,-3.824,-1.023,-1.386,-0.993,-1.222,-1.585,-0.941,-3.217,-4.326,0.096,MONITOR,"Aswaniya Pr. Vid.: level -3.82 m, rising 0.16 m/yr. projected +90d -1.02 m, +180d -1.22 m. caution -3.22 m, critical -4.33 m. -> MONITOR: watch trend, reassess quarterly. (long-horizon forecast weak: recursive 90% coverage 10% < 60%)"
Atarahat,indeterminate,,-10.27,26.251,26.036,26.143,26.249,26.044,26.145,26.0,25.83,0.003,PRIORITY,"Atarahat: level -10.27 m, trend indeterminate (sensor-blocks). Recent record shows a sensor step-block; direction not trustworthy. projected +90d 26.25 m, +180d 26.25 m. caution 26.00 m, critical 25.83 m. -> PRIORITY: investigate recharge status / step up monitoring. (long-horizon forecast weak: recursive 90% coverage 0% < 60%)"
Atrada Pi_1,indeterminate,,-22.94,27.914,27.452,28.103,28.793,27.435,28.999,25.2,24.17,0.001,PRIORITY,"Atrada Pi_1: level -22.94 m, trend indeterminate (sensor-blocks). Recent record shows a sensor step-block; direction not trustworthy. projected +90d 27.91 m, +180d 28.79 m. caution 25.20 m, critical 24.17 m. -> PRIORITY: investigate recharge status / step up monitoring. (long-horizon forecast weak: recursive 90% coverage 0% < 60%)"
Aurai (UP-150),declining,-2.76,-15.181,-15.122,-15.273,-14.459,-15.549,-15.641,-14.822,-15.55,-17.513,0.2,MONITOR,"Aurai (UP-150): level -15.18 m, declining 2.76 m/yr. projected +90d -15.12 m, +180d -15.55 m. caution -15.55 m, critical -17.51 m. -> MONITOR: watch trend, reassess quarterly. (long-horizon forecast weak: recursive 90% coverage 20% < 60%)"
Awagarh (UP-005),rising,3.012,-16.573,-16.428,-17.825,-14.822,-16.617,-17.782,-14.975,-21.11,-21.611,0.283,OK,"Awagarh (UP-005): level -16.57 m, rising 3.01 m/yr. projected +90d -16.43 m, +180d -16.62 m. caution -21.11 m, critical -21.61 m. -> OK: no immediate action. (long-horizon forecast weak: recursive 90% coverage 28% < 60%)"
Azamgarh Ahiraula Bahera,declining,-0.452,-4.251,-4.434,-4.343,-4.144,-4.65,-4.549,-4.146,-3.571,-3.912,0.028,PRIORITY,"Azamgarh Ahiraula Bahera: level -4.25 m, declining 0.45 m/yr. projected +90d -4.43 m, +180d -4.65 m. caution -3.57 m, critical -3.91 m. -> PRIORITY: investigate recharge status / step up monitoring. (long-horizon forecast weak: recursive 90% coverage 3% < 60%)"
Azamgarh Ahiraula Kandara,rising,0.053,-3.845,-2.983,-3.026,-2.959,-2.962,-3.021,-2.953,-3.476,-3.668,0.244,PRIORITY,"Azamgarh Ahiraula Kandara: level -3.85 m, rising 0.05 m/yr. projected +90d -2.98 m, +180d -2.96 m. caution -3.48 m, critical -3.67 m. -> PRIORITY: investigate recharge status / step up monitoring. (long-horizon forecast weak: recursive 90% coverage 24% < 60%)"
Azamgarh Atrauliya Atrauliya,rising,1.713,-1.647,0.111,-0.187,0.079,0.126,-0.187,0.087,-2.709,-3.074,0.263,OK,"Azamgarh Atrauliya Atrauliya: level -1.65 m, rising 1.71 m/yr. projected +90d 0.11 m, +180d 0.13 m. caution -2.71 m, critical -3.07 m. -> OK: no immediate action. (long-horizon forecast weak: recursive 90% coverage 26% < 60%)"
Azamgarh Jahanganj Godhaura,declining,-0.323,-4.941,-4.683,-4.746,-4.604,-4.763,-4.806,-4.708,-4.765,-4.871,0.311,PRIORITY,"Azamgarh Jahanganj Godhaura: level -4.94 m, declining 0.32 m/yr. projected +90d -4.68 m, +180d -4.76 m. caution -4.76 m, critical -4.87 m. -> PRIORITY: investigate recharge status / step up monitoring. (long-horizon forecast weak: recursive 90% coverage 31% < 60%)"
Azamgarh Lalganj Lalganj,stable,-0.015,-3.747,-3.693,-3.804,-3.577,-3.703,-3.76,-3.592,-3.89,-4.004,0.244,OK,"Azamgarh Lalganj Lalganj: level -3.75 m, stable 0.01 m/yr. projected +90d -3.69 m, +180d -3.70 m. caution -3.89 m, critical -4.00 m. -> OK: no immediate action. (long-horizon forecast weak: recursive 90% coverage 24% < 60%)"
Azamgarh Palhana Balahi Lahucha,declining,-0.08,-5.369,-5.478,-5.46,-5.329,-5.422,-5.502,-5.303,-5.383,-5.502,0.636,MONITOR,"Azamgarh Palhana Balahi Lahucha: level -5.37 m, declining 0.08 m/yr. projected +90d -5.48 m, +180d -5.42 m. caution -5.38 m, critical -5.50 m. -> MONITOR: watch trend, reassess quarterly."
Azamgarh Palhana Jamui Bhatauli,declining,-0.503,-2.722,-2.699,-2.646,-2.495,-2.69,-2.651,-2.491,-2.435,-2.657,0.199,PRIORITY,"Azamgarh Palhana Jamui Bhatauli: level -2.72 m, declining 0.50 m/yr. projected +90d -2.70 m, +180d -2.69 m. caution -2.44 m, critical -2.66 m. -> PRIORITY: investigate recharge status / step up monitoring. (long-horizon forecast weak: recursive 90% coverage 20% < 60%)"
Azamgarh Pavai Velasiya,indeterminate,,-1.198,-1.018,-1.474,-0.972,-4.002,-4.395,-3.739,-5.062,-5.722,0.512,OK,"Azamgarh Pavai Velasiya: level -1.20 m, trend indeterminate (sensor-blocks). Recent record shows a sensor step-block; direction not trustworthy. projected +90d -1.02 m, +180d -4.00 m. caution -5.06 m, critical -5.72 m. -> OK: no immediate action. (long-horizon forecast weak: recursive 90% coverage 51% < 60%)"
Azamgarh Sathiyavn Gajahada,indeterminate,,-0.285,-3.549,-3.695,-3.501,-3.497,-3.647,-3.437,-3.613,-3.923,0.186,OK,"Azamgarh Sathiyavn Gajahada: level -0.28 m, trend indeterminate (sensor-blocks). Recent record shows a sensor step-block; direction not trustworthy. projected +90d -3.55 m, +180d -3.50 m. caution -3.61 m, critical -3.92 m. -> OK: no immediate action. (long-horizon forecast weak: recursive 90% coverage 19% < 60%)"
Azamgarh Thekama Bardah,stable,0.05,-1.18,-4.699,-4.8,-4.559,-4.71,-4.775,-4.578,-4.203,-4.782,0.073,OK,"Azamgarh Thekama Bardah: level -1.18 m, stable 0.05 m/yr. projected +90d -4.70 m, +180d -4.71 m. caution -4.20 m, critical -4.78 m. -> OK: no immediate action. (long-horizon forecast weak: recursive 90% coverage 7% < 60%)"
BADHANI PRATHMIK VIDYALAYA,rising,0.336,-3.663,-2.049,-2.317,-1.948,-2.097,-2.371,-1.975,-3.836,-4.802,0.069,OK,"BADHANI PRATHMIK VIDYALAYA: level -3.66 m, rising 0.34 m/yr. projected +90d -2.05 m, +180d -2.10 m. caution -3.84 m, critical -4.80 m. -> OK: no immediate action. (long-horizon forecast weak: recursive 90% coverage 7% < 60%)"
Baba BelkharNath Dham (UP-045),declining,-0.504,-8.822,-8.342,-8.358,-8.21,-8.531,-8.542,-8.34,-8.234,-8.821,0.003,PRIORITY,"Baba BelkharNath Dham (UP-045): level -8.82 m, declining 0.50 m/yr. projected +90d -8.34 m, +180d -8.53 m. caution -8.23 m, critical -8.82 m. -> PRIORITY: investigate recharge status / step up monitoring. (long-horizon forecast weak: recursive 90% coverage 0% < 60%)"
Babina Rular,indeterminate,,32.0,28.203,28.204,28.297,28.197,28.266,28.298,28.2,28.19,0.426,OK,"Babina Rular: level 32.00 m, trend indeterminate (sensor-blocks). Recent record shows a sensor step-block; direction not trustworthy. projected +90d 28.20 m, +180d 28.20 m. caution 28.20 m, critical 28.19 m. -> OK: no immediate action. (long-horizon forecast weak: recursive 90% coverage 43% < 60%)"
Badagaon (UP-049),declining,-0.641,-11.698,-12.287,-12.587,-11.709,-11.855,-12.071,-11.374,-10.677,-12.25,0.069,PRIORITY,"Badagaon (UP-049): level -11.70 m, declining 0.64 m/yr. projected +90d -12.29 m, +180d -11.86 m. caution -10.68 m, critical -12.25 m. -> PRIORITY: investigate recharge status / step up monitoring. (long-horizon forecast weak: recursive 90% coverage 7% < 60%)"
Badagaon_1,indeterminate,,-24.01,29.574,27.962,28.241,30.131,27.988,28.242,28.05,-20.74,0.179,PRIORITY,"Badagaon_1: level -24.01 m, trend indeterminate (sensor-blocks). Recent record shows a sensor step-block; direction not trustworthy. projected +90d 29.57 m, +180d 30.13 m. caution 28.05 m, critical -20.74 m. -> PRIORITY: investigate recharge status / step up monitoring. (long-horizon forecast weak: recursive 90% coverage 18% < 60%)"
Badalpur (UP-091),declining,-1.52,-11.181,-10.419,-10.494,-10.223,-10.373,-10.475,-10.103,-10.672,-11.283,0.22,PRIORITY,"Badalpur (UP-091): level -11.18 m, declining 1.52 m/yr. projected +90d -10.42 m, +180d -10.37 m. caution -10.67 m, critical -11.28 m. -> PRIORITY: investigate recharge status / step up monitoring. (long-horizon forecast weak: recursive 90% coverage 22% < 60%)"
Badaun Salarpur BDO Office,declining,-0.479,-20.581,-21.463,-21.544,-21.333,-22.214,-22.223,-21.716,-21.189,-21.654,0.236,PRIORITY,"Badaun Salarpur BDO Office: level -20.58 m, declining 0.48 m/yr. projected +90d -21.46 m, +180d -22.21 m. caution -21.19 m, critical -21.65 m. -> PRIORITY: investigate recharge status / step up monitoring. (long-horizon forecast weak: recursive 90% coverage 24% < 60%)"
Badaun Ujhani Sports Stadium,declining,-0.49,-15.238,-15.335,-15.415,-15.239,-15.352,-15.425,-15.259,-15.648,-16.107,0.372,MONITOR,"Badaun Ujhani Sports Stadium: level -15.24 m, declining 0.49 m/yr. projected +90d -15.34 m, +180d -15.35 m. caution -15.65 m, critical -16.11 m. -> MONITOR: watch trend, reassess quarterly. (long-horizon forecast weak: recursive 90% coverage 37% < 60%)"
Badaun Usawan BDO Office,declining,-0.268,-21.23,-21.509,-21.587,-21.389,-21.622,-21.77,-21.444,-21.3,-21.523,0.606,PRIORITY,"Badaun Usawan BDO Office: level -21.23 m, declining 0.27 m/yr. projected +90d -21.51 m, +180d -21.62 m. caution -21.30 m, critical -21.52 m. -> PRIORITY: investigate recharge status / step up monitoring."
Badhai Khurd Pr. Vid.,declining,-0.525,-7.819,-10.241,-9.72,-8.9,-9.754,-9.844,-8.919,-7.441,-8.386,0.104,PRIORITY,"Badhai Khurd Pr. Vid.: level -7.82 m, declining 0.53 m/yr. projected +90d -10.24 m, +180d -9.75 m. caution -7.44 m, critical -8.39 m. -> PRIORITY: investigate recharge status / step up monitoring. (long-horizon forecast weak: recursive 90% coverage 10% < 60%)"
Badhouli,indeterminate,,-29.05,22.846,27.949,28.226,22.846,27.949,28.223,28.15,27.95,0.109,PRIORITY,"Badhouli: level -29.05 m, trend indeterminate (sensor-blocks). Recent record shows a sensor step-block; direction not trustworthy. projected +90d 22.85 m, +180d 22.85 m. caution 28.15 m, critical 27.95 m. -> PRIORITY: investigate recharge status / step up monitoring. (long-horizon forecast weak: recursive 90% coverage 11% < 60%)"
Bagadari,indeterminate,,-6.31,24.792,24.711,26.12,27.429,24.958,26.437,28.1,25.21,0.356,PRIORITY,"Bagadari: level -6.31 m, trend indeterminate (sensor-blocks). Recent record shows a sensor step-block; direction not trustworthy. projected +90d 24.79 m, +180d 27.43 m. caution 28.10 m, critical 25.21 m. -> PRIORITY: investigate recharge status / step up monitoring. (long-horizon forecast weak: recursive 90% coverage 36% < 60%)"
Baghora_1,indeterminate,,-8.04,28.814,28.568,29.705,28.548,28.544,29.194,28.6,28.1,0.102,PRIORITY,"Baghora_1: level -8.04 m, trend indeterminate (sensor-blocks). Recent record shows a sensor step-block; direction not trustworthy. projected +90d 28.81 m, +180d 28.55 m. caution 28.60 m, critical 28.10 m. -> PRIORITY: investigate recharge status / step up monitoring. (long-horizon forecast weak: recursive 90% coverage 10% < 60%)"
Baghpat Meerut Kheda Balrampur Itiyara,declining,-0.474,-12.816,-13.155,-13.164,-13.033,-13.454,-13.458,-13.204,-12.826,-13.09,0.194,PRIORITY,"Baghpat Meerut Kheda Balrampur Itiyara: level -12.82 m, declining 0.47 m/yr. projected +90d -13.15 m, +180d -13.45 m. caution -12.83 m, critical -13.09 m. -> PRIORITY: investigate recharge status / step up monitoring. (long-horizon forecast weak: recursive 90% coverage 19% < 60%)"
Baghpat Sardhana Julaida,declining,-3.678,-8.337,-8.463,-8.623,-8.166,-7.907,-8.158,-7.397,-8.45,-8.669,0.848,MONITOR,"Baghpat Sardhana Julaida: level -8.34 m, declining 3.68 m/yr. projected +90d -8.46 m, +180d -7.91 m. caution -8.45 m, critical -8.67 m. -> MONITOR: watch trend, reassess quarterly."
Baghura_1,indeterminate,,-1.87,24.003,25.036,27.543,24.003,25.207,27.543,27.7,27.28,0.017,PRIORITY,"Baghura_1: level -1.87 m, trend indeterminate (sensor-blocks). Recent record shows a sensor step-block; direction not trustworthy. projected +90d 24.00 m, +180d 24.00 m. caution 27.70 m, critical 27.28 m. -> PRIORITY: investigate recharge status / step up monitoring. (long-horizon forecast weak: recursive 90% coverage 2% < 60%)"
Bahjoi (UP-128),rising,0.873,-15.509,-17.216,-17.297,-17.137,-17.245,-17.334,-17.172,-17.268,-17.675,0.057,OK,"Bahjoi (UP-128): level -15.51 m, rising 0.87 m/yr. projected +90d -17.22 m, +180d -17.25 m. caution -17.27 m, critical -17.68 m. -> OK: no immediate action. (long-horizon forecast weak: recursive 90% coverage 6% < 60%)"
Bahuwa (UP-024),declining,-0.052,-4.17,-5.278,-5.545,-5.216,-5.47,-5.72,-5.397,-6.863,-7.973,0.039,MONITOR,"Bahuwa (UP-024): level -4.17 m, declining 0.05 m/yr. projected +90d -5.28 m, +180d -5.47 m. caution -6.86 m, critical -7.97 m. -> MONITOR: watch trend, reassess quarterly. (long-horizon forecast weak: recursive 90% coverage 4% < 60%)"
Baije mau,indeterminate,,-21.71,25.765,25.28,26.386,25.962,25.648,26.661,24.44,22.3,0.55,PRIORITY,"Baije mau: level -21.71 m, trend indeterminate (sensor-blocks). Recent record shows a sensor step-block; direction not trustworthy. projected +90d 25.77 m, +180d 25.96 m. caution 24.44 m, critical 22.30 m. -> PRIORITY: investigate recharge status / step up monitoring. (long-horizon forecast weak: recursive 90% coverage 55% < 60%)"
Bajehta_1,declining,-0.76,25.8,25.947,25.463,25.792,25.964,25.46,25.939,25.6,24.4,0.092,MONITOR,"Bajehta_1: level 25.80 m, declining 0.76 m/yr. projected +90d 25.95 m, +180d 25.96 m. caution 25.60 m, critical 24.40 m. -> MONITOR: watch trend, reassess quarterly. (long-horizon forecast weak: recursive 90% coverage 9% < 60%)"
