station,label,reason,coverage,shallow_error,gwl_span,n_obs,tail_half_width,half_width_at_horizon,horizon_days,max_depth
Asafpur (UP-077),reliable,held-out calibrated coverage at/above floor,0.9572,0.0219,2.123,6307,0.6043,0.5901,90.0,2168
Amgaon (UP-067),reliable,held-out calibrated coverage at/above floor,0.8293,0.1164,87.548,6298,16.5794,6.8181,90.0,1511
Agra City (UP-017),directional,90-day interval width 1.47m exceeds half the observed range; direction-only beyond mid-range,0.9033,0.0349,2.383,6116,1.819,1.4729,90.0,2162
Airayan  (UP-023),reliable,held-out calibrated coverage at/above floor,0.9515,0.0387,9.985,6102,4.9406,3.3496,90.0,2101
Badagaon (UP-049),reliable,held-out calibrated coverage at/above floor,0.9522,0.2321,9.516,5870,3.9573,3.6289,90.0,1604
Bahjoi (UP-128),directional,90-day interval width 1.46m exceeds half the observed range; direction-only beyond mid-range,0.8214,0.0345,2.729,5859,1.8807,1.4599,90.0,2053
Baba BelkharNath Dham (UP-045),reliable,held-out calibrated coverage at/above floor,0.9152,0.0482,2.856,5839,1.1771,1.1771,90.0,2074
Awagarh (UP-005),reliable,held-out calibrated coverage at/above floor,0.9203,0.0993,48.407,5579,4.7509,0.3061,90.0,2131
Amauli (UP-027),reliable,held-out calibrated coverage at/above floor,0.9902,0.8927,7.07,5736,5.799,2.1058,90.0,1955
Aspur Deosara (UP-040),directional,90-day interval width 3.00m exceeds half the observed range; direction-only beyond mid-range,0.9784,0.1282,5.855,5675,3.0358,3.0008,90.0,1358
Badalpur (UP-091),reliable,held-out calibrated coverage at/above floor,0.9514,0.0182,3.614,5471,1.1713,0.6675,90.0,1470
Bahuwa (UP-024),reliable,held-out calibrated coverage at/above floor,0.9601,0.0782,4.588,5004,1.5459,0.8095,90.0,1434
Abhauli (UP-153),reliable,held-out calibrated coverage at/above floor,0.9754,0.1077,12.886,5002,2.4781,1.1702,90.0,1129
Ahmadpur Savant (UP-163),reliable,held-out calibrated coverage at/above floor,0.9457,1.0974,5.498,4997,3.1953,2.2406,90.0,2010
"Amroha Forest Department, Shallow",reliable,held-out calibrated coverage at/above floor,0.9277,0.0454,2.55,4825,1.1432,0.3511,90.0,1771
Allahabad City (UP-046),reliable,held-out calibrated coverage at/above floor,0.8926,0.3696,27.446,4817,9.5098,6.0466,90.0,937
"Amroha Forest Department, Medium",reliable,held-out calibrated coverage at/above floor,0.9572,0.1321,2.01,4792,1.0779,0.4124,90.0,1371
Aurai (UP-150),reliable,held-out calibrated coverage at/above floor,0.9554,0.1489,14.394,4719,5.7513,3.507,90.0,2091
Ashapur Dak Banglow-Malawan-Medium,reliable,held-out calibrated coverage at/above floor,0.843,0.051,2.014,4673,1.5422,0.946,90.0,1870
Amlour,reliable,held-out calibrated coverage at/above floor,0.961,0.1074,79.32,4480,40.6499,26.9719,90.0,1489
Amchurnirua,reliable,held-out calibrated coverage at/above floor,0.9791,0.0466,34.01,4422,30.828,14.0433,90.0,1491
Adari_2,directional,90-day interval width 18.89m exceeds half the observed range; direction-only beyond mid-range,0.8273,0.1903,30.3,4402,23.5209,18.8909,90.0,1075
Amliha_1,reliable,held-out calibrated coverage at/above floor,0.9637,0.045,38.47,4388,35.5393,1.7906,90.0,1068
Bagadari,reliable,held-out calibrated coverage at/above floor,0.9695,1.1514,41.59,4384,38.9903,3.1811,90.0,1076
Ashapur Dak Banglow-Malawan-Shallow,reliable,held-out calibrated coverage at/above floor,0.9028,0.0742,3.841,4285,2.0225,0.744,90.0,1696
Aasao Pura,reliable,held-out calibrated coverage at/above floor,0.9236,0.0282,33.62,4244,35.3907,1.9703,90.0,1108
Atrada Pi_1,reliable,held-out calibrated coverage at/above floor,0.8974,3.1475,53.36,4161,53.0587,3.944,90.0,1569
Badhai Khurd Pr. Vid.,reliable,held-out calibrated coverage at/above floor,0.9168,0.4948,19.37,4144,2.9339,1.4298,90.0,1672
Badhouli,reliable,held-out calibrated coverage at/above floor,0.9298,0.4328,64.65,4106,65.1243,2.024,90.0,1446
Babina Rular,reliable,held-out calibrated coverage at/above floor,0.9535,0.0306,35.17,4095,31.3403,0.1247,90.0,1418
Alipur,reliable,held-out calibrated coverage at/above floor,0.8747,0.0451,5.427,4069,1.7016,1.1947,90.0,1633
Aswaniya Pr. Vid.,reliable,held-out calibrated coverage at/above floor,0.919,0.34,5.495,4067,3.0791,1.4517,90.0,1675
Alipur Aterna_1,reliable,held-out calibrated coverage at/above floor,0.9873,8.8184,51.4,4061,44.8352,13.7125,90.0,1438
Baije mau,reliable,held-out calibrated coverage at/above floor,0.9808,0.0564,56.38,4019,56.7985,0.1842,90.0,1040
Baghora_1,reliable,held-out calibrated coverage at/above floor,0.8111,0.0364,44.34,4008,44.0174,0.1459,90.0,1635
Baghura_1,reliable,held-out calibrated coverage at/above floor,0.882,0.0534,37.22,3971,33.6706,4.7084,90.0,1100
Atarahat,reliable,held-out calibrated coverage at/above floor,0.9798,0.4444,48.92,3826,48.9677,2.1026,90.0,1142
Ahmad Ganj,reliable,held-out calibrated coverage at/above floor,0.8945,1.7398,69.59,3768,45.5252,30.6306,90.0,963
Alakchandra Inter college Bhinga,directional,90-day interval width 4.36m exceeds half the observed range; direction-only beyond mid-range,0.908,0.0922,6.336,3757,5.5765,4.3587,90.0,1635
Allaiha Badhaiya,reliable,held-out calibrated coverage at/above floor,0.8932,0.0333,43.41,3722,45.5895,3.0367,90.0,940
Baghpat Meerut Kheda Balrampur Itiyara,reliable,held-out calibrated coverage at/above floor,0.7972,0.0106,1.587,3720,0.8071,0.1681,90.0,1150
ASHADHA PRATHMIK VIDYALAYA,reliable,held-out calibrated coverage at/above floor,0.977,0.0903,11.878,3604,1.3676,0.3458,90.0,1529
BADHANI PRATHMIK VIDYALAYA,reliable,held-out calibrated coverage at/above floor,0.8211,0.0821,5.713,3581,3.231,2.001,90.0,1536
"Adarsh Primary School, Dubar Kalan",reliable,held-out calibrated coverage at/above floor,0.9156,0.0733,6.509,3553,2.581,0.4722,90.0,1574
Aryavart Madhyamik Vidhyalaya Sindhora,reliable,held-out calibrated coverage at/above floor,0.7731,0.0895,5.2,3535,3.2664,1.4321,90.0,1508
"Anganwadi Kedra, Baini",reliable,held-out calibrated coverage at/above floor,0.8184,0.0448,7.031,3533,1.1631,0.3891,90.0,1538
Aligarh Lodha Mahrawalpur Nagariya,reliable,held-out calibrated coverage at/above floor,0.8646,0.0643,3.406,3478,1.8255,0.3302,90.0,1490
Aligarh Lodha Aisi Kol,reliable,held-out calibrated coverage at/above floor,0.8955,0.2208,32.447,3468,6.1063,0.4186,90.0,1509
Badaun Ujhani Sports Stadium,reliable,held-out calibrated coverage at/above floor,0.8524,0.0136,1.698,3439,0.3409,0.2065,90.0,1532
Aligarh Gonda Chuhurpur Kinala,reliable,held-out calibrated coverage at/above floor,0.9307,0.0387,3.314,3439,2.7744,0.5409,90.0,1200
Aligarh Chandaus  Somana,reliable,held-out calibrated coverage at/above floor,0.933,0.4171,30.988,3403,10.328,2.0855,90.0,1034
Aligarh Jawa Sogera,reliable,held-out calibrated coverage at/above floor,0.7621,0.0141,4.944,3418,2.0851,0.5639,90.0,1476
Aligarh Khair Utwara,reliable,held-out calibrated coverage at/above floor,0.7818,0.007,3.711,3417,1.5947,0.6131,90.0,1425
Aligarh Khair Arrana,reliable,held-out calibrated coverage at/above floor,0.8668,0.0934,5.829,3383,2.8432,1.3802,90.0,1485
Aligarh Chandaus Chuharpur,reliable,held-out calibrated coverage at/above floor,0.8921,0.024,3.176,3361,1.2244,0.3125,90.0,1036
Aligarh Jawa Jamalpur Siya,reliable,held-out calibrated coverage at/above floor,0.868,0.0261,2.434,3340,0.6473,0.2209,90.0,1076
Badagaon_1,directional,90-day interval width 58.92m exceeds half the observed range; direction-only beyond mid-range,0.893,0.0177,54.93,3248,59.0449,58.923,90.0,1231
Aligarh Jawa Bahadurpur Kota,reliable,held-out calibrated coverage at/above floor,0.9119,0.0299,5.868,3239,1.5009,0.551,90.0,1467
Azamgarh Palhana Jamui Bhatauli,reliable,held-out calibrated coverage at/above floor,0.8814,0.0742,2.367,3236,0.6036,0.3493,90.0,1448
Badaun Salarpur BDO Office,reliable,held-out calibrated coverage at/above floor,0.8521,0.0329,3.168,3226,1.5315,0.2299,90.0,1465
Azamgarh Sathiyavn Gajahada,reliable,held-out calibrated coverage at/above floor,0.8595,0.1354,4.394,3212,3.614,0.197,90.0,1408
Badaun Usawan BDO Office,reliable,held-out calibrated coverage at/above floor,0.8995,0.0366,1.106,3203,0.2257,0.2257,90.0,1482
Azamgarh Pavai Velasiya,reliable,held-out calibrated coverage at/above floor,0.9433,0.2789,6.817,3201,2.9586,1.5114,90.0,996
Azamgarh Palhana Balahi Lahucha,reliable,held-out calibrated coverage at/above floor,0.9853,0.1007,2.103,3180,0.1628,0.1628,90.0,1442
Azamgarh Ahiraula Bahera,directional,90-day interval width 2.33m exceeds half the observed range; direction-only beyond mid-range,0.9377,0.3171,3.173,3169,2.3299,2.3299,90.0,917
Azamgarh Atrauliya Atrauliya,reliable,held-out calibrated coverage at/above floor,0.7653,0.0219,3.672,3142,1.7559,0.6622,90.0,1523
Azamgarh Thekama Bardah,directional,90-day interval width 2.15m exceeds half the observed range; direction-only beyond mid-range,0.8752,0.1653,4.258,3125,3.405,2.1475,90.0,1451
Aganwadi Kendra Rupauli,reliable,held-out calibrated coverage at/above floor,0.9499,0.032,24.716,3115,4.2817,1.3852,90.0,1384
Aanganwadi Kendra,reliable,held-out calibrated coverage at/above floor,0.9329,2.0879,25.543,2504,7.2694,7.2694,90.0,1313
Azamgarh Jahanganj Godhaura,reliable,held-out calibrated coverage at/above floor,0.8677,0.0384,0.95,3029,0.2934,0.1422,90.0,1618
Azamgarh Lalganj Lalganj,directional,90-day interval width 1.67m exceeds half the observed range; direction-only beyond mid-range,0.9237,0.0551,1.96,3002,1.6702,1.6702,90.0,985
Aligarh Chandaus Maharajpur,reliable,held-out calibrated coverage at/above floor,0.9028,0.0275,27.404,2998,1.7609,1.0682,90.0,1501
750718- Primary Sch Matuka -Medium,reliable,held-out calibrated coverage at/above floor,0.8669,0.0285,79.979,2897,4.2872,1.7075,90.0,1421
Artauli_1,reliable,held-out calibrated coverage at/above floor,0.991,0.0414,62.1,2894,9.3473,9.1801,90.0,556
Azamgarh Ahiraula Kandara,directional,coverage 74% below 75% floor,0.7363,0.0073,0.936,2848,0.8598,0.1606,90.0,633
"Aanganwadi kendra, Barhara",reliable,held-out calibrated coverage at/above floor,0.95,0.0031,19.291,2519,11.6618,1.878,90.0,1280
Aagan Waadi Kender Dwarkapur,reliable,held-out calibrated coverage at/above floor,0.9048,0.0726,50.122,1799,1.5785,0.3752,90.0,700
Bajehta_1,reliable,held-out calibrated coverage at/above floor,0.8306,2.3367,55.28,1916,8.8475,8.8475,90.0,354
Aagan Wadi Kendra Chandni,reliable,held-out calibrated coverage at/above floor,0.8276,0.1301,34.035,1859,3.8733,2.3543,90.0,756
Aadarsh Prathmik Vidhyalaya Mahua,reliable,held-out calibrated coverage at/above floor,0.8713,0.0075,32.346,1787,1.7085,1.6376,90.0,706
Agan Wadi Kendra Kuchendu,reliable,held-out calibrated coverage at/above floor,0.8293,0.1568,59.364,1790,15.6487,15.6487,90.0,562
Aaganwadi Kendra Pakri Bazaar,reliable,held-out calibrated coverage at/above floor,0.9198,0.0106,31.688,1740,1.1124,0.8628,90.0,671
750825- Primary Sch Shivrampur -Medium,reliable,held-out calibrated coverage at/above floor,0.771,0.1539,85.216,1845,7.3766,4.2786,90.0,1085
Abdullahpur Primary School -Medium,reliable,held-out calibrated coverage at/above floor,0.9215,0.0672,5.09,1840,0.8839,0.292,90.0,1155
Aaganwadi Kender Khanjarpur,reliable,held-out calibrated coverage at/above floor,0.8165,0.0394,36.535,1751,2.7192,2.3546,90.0,687
750523- Kakalpur PMS -Medium,reliable,held-out calibrated coverage at/above floor,0.8635,0.0626,4.723,1693,1.0914,0.7221,90.0,568
Aaganwadi Kender Kakrawali,reliable,held-out calibrated coverage at/above floor,0.9062,0.0722,32.175,1557,3.0292,0.797,90.0,676
390713- Jairampur PMS -Shallow,reliable,held-out calibrated coverage at/above floor,0.7908,0.0099,0.754,1526,0.395,0.1542,90.0,1218
750128- PMS Sulemapur -Medium,reliable,held-out calibrated coverage at/above floor,0.9281,0.0241,2.835,1507,0.1062,0.1062,90.0,838
Aadarsh Kisaan Inter College Bhabhuwa,weak,data-quality: error dominates GWL range,0.986,25.9963,48.358,1188,26.6232,26.6232,90.0,1230
Baghpat Sardhana Julaida,reliable,held-out calibrated coverage at/above floor,0.9146,0.0745,5.095,937,0.2351,0.2351,90.0,189
Aligarh Chandaus Lohput,reliable,held-out calibrated coverage at/above floor,0.7835,0.0265,1.027,602,0.4611,0.4611,90.0,3706
Aanganwadi kendra,reliable,held-out calibrated coverage at/above floor,0.9692,0.3173,46.923,2552,4.4692,4.0455,90.0,1281
