station,n_test,one_step_rmse,one_step_mae,one_step_r2,multi_step_rmse,multi_step_mae,multi_step_r2,multi_coverage_90,multi_interval_width,error
390713- Jairampur PMS -Shallow,282,0.078,0.0589,0.8566,0.23235740356787635,0.18861358142152745,-0.27387622536213074,0.05319148936170213,0.11300314962863922,
750128- PMS Sulemapur -Medium,278,0.1567,0.0211,0.0833,0.16481842429094848,0.0546414417019851,-0.014696708727904628,0.7733812949640287,0.07943281531333923,
750523- Kakalpur PMS -Medium,315,0.358,0.2884,-0.1258,0.5018931581756817,0.3975157534160311,-1.2121153020152606,0.6698412698412698,0.745249330997467,
750718- Primary Sch Matuka -Medium,556,8.3969,5.0453,-1.2845,5.73817836384537,1.821776798632505,-0.0668116067371396,0.11690647482014388,0.3662183880805969,
750825- Primary Sch Shivrampur -Medium,345,15.2366,8.6659,-2.0978,9.402122068138539,3.4997728193863584,-0.1795834003980279,0.06376811594202898,0.6172332763671875,
ASHADHA PRATHMIK VIDYALAYA,697,0.2553,0.1741,0.4907,0.5227613306327629,0.39909422785514054,-1.1362121222564197,0.776183644189383,0.8851215243339539,
Aadarsh Kisaan Inter College Bhabhuwa,214,19.5957,16.7482,-108.5446,19.670807358520744,16.99543199963436,-109.38539728149053,0.04672897196261682,7.964038372039795,
Aadarsh Prathmik Vidhyalaya Mahua,334,0.212,0.1212,0.8026,0.7882141291717524,0.5081358507122109,-1.7280822605031108,0.3712574850299401,0.7171351313591003,
Aagan Waadi Kender Dwarkapur,336,0.1172,0.0962,0.9209,0.4586034105669162,0.33079655147734155,-0.21122803793097344,0.4494047619047619,0.43526187539100647,
Aagan Wadi Kendra Chandni,348,0.3297,0.2127,0.971,1.8677794234354148,1.6942894259540515,0.06829544363257223,0.12643678160919541,3.0700528621673584,
Aaganwadi Kender Kakrawali,288,0.2596,0.2064,0.9405,1.0598379120135608,0.6318356248935063,0.008401290592390476,0.2951388888888889,0.4005710482597351,
Aaganwadi Kender Khanjarpur,327,0.0628,0.0392,0.9442,1.2591511167589027,0.8248620127406688,-21.412748774617576,0.11009174311926606,4.2129950523376465,
Aaganwadi Kendra Pakri Bazaar,324,0.2106,0.1156,0.1834,0.47463318184730163,0.3026730163656635,-3.1465261629006003,0.6574074074074074,0.32394829392433167,
Aanganwadi Kendra,477,4.5036,3.8268,-577.8208,5.2259692496001,4.6490437620110985,-778.4131905648956,0.027253668763102725,14.51366138458252,
Aanganwadi kendra,487,2.6966,2.1642,-150.46,2.6641528206487264,2.0937388937321533,-146.83658633410528,0.8624229979466119,4.857468605041504,
"Aanganwadi kendra, Barhara",480,4.6392,2.5566,-0.6951,4.733413969976494,2.672751086688042,-0.7646690763349473,0.43125,0.934496283531189,
Aasao Pura,825,23.4355,14.4193,-1.2961,22.60894366665308,15.925669453661369,-1.1370064364460637,0.3103030303030303,0.12646344304084778,
Abdullahpur Primary School -Medium,344,0.1528,0.0858,0.6395,0.23861571398863193,0.16151230851994003,0.12088029659993249,0.7005813953488372,0.31044110655784607,
Abhauli (UP-153),977,0.9169,0.7609,-1.1101,1.1575220171417,0.9583769274880479,-2.3629568277023085,0.34083930399181167,0.9335773587226868,
Adari_2,857,13.7211,10.8311,-1.2342,13.768827238882693,11.13338344961231,-1.2497513365724942,0.11085180863477247,3.289447069168091,
"Adarsh Primary School, Dubar Kalan",687,0.2124,0.1534,0.9109,0.7953567186896283,0.5087423496523973,-0.2493337509257949,0.4774381368267831,0.5938552021980286,
Agan Wadi Kendra Kuchendu,334,0.6887,0.5377,0.9838,11.412306113226487,10.103902951406148,-3.4421884342063453,0.2844311377245509,8.223430633544922,
Aganwadi Kendra Rupauli,599,1.8421,1.1821,-2.5962,1.796952971091009,1.1633267344250307,-2.4222253399638216,0.5091819699499165,1.57816743850708,
Agra City (UP-017),1200,0.2338,0.1471,0.7952,1.05173153236685,0.9555426393890382,-3.1449379550749326,0.025833333333333333,0.12010149657726288,
Ahmad Ganj,730,20.4006,16.7813,-0.1205,29.276966871716667,21.99533952101616,-1.3076773698322968,0.00821917808219178,1.5257315635681152,
Ahmadpur Savant (UP-163),976,0.4546,0.4134,0.7309,1.5895201273028592,1.427835976694451,-2.2895890220817985,0.06967213114754098,0.7950772047042847,
Airayan  (UP-023),1197,0.2142,0.1223,0.9843,2.9673192878718053,2.56173972558298,-2.0193256840250533,0.13533834586466165,0.8148494362831116,
Alakchandra Inter college Bhinga,728,0.3064,0.1813,0.9448,3.9284313168443217,3.732280683506976,-8.076712445191932,0.06593406593406594,0.5519068241119385,
Aligarh Chandaus  Somana,657,0.7481,0.2965,0.144,2.8788029582412684,2.163586176827255,-11.67764927577948,0.0136986301369863,0.9627454876899719,
Aligarh Chandaus Chuharpur,649,0.1695,0.1123,0.8223,0.4250650727226788,0.2803172813027592,-0.11732963880156233,0.5839753466872111,0.3298954963684082,
Aligarh Chandaus Lohput,97,0.151,0.1109,0.0071,0.17933176377338103,0.13395802417243885,-0.40021828881098465,0.14432989690721648,0.10641547292470932,
Aligarh Chandaus Maharajpur,576,0.2557,0.1247,0.9292,0.6639651172606238,0.5271822249359555,0.5226284419511243,0.4479166666666667,0.5568628311157227,
Aligarh Gonda Chuhurpur Kinala,664,0.134,0.0882,0.9669,0.8519480980967195,0.4656600884874183,-0.3406382705833382,0.34789156626506024,0.33926835656166077,
Aligarh Jawa Bahadurpur Kota,624,0.2069,0.1222,0.6259,0.3736587625321049,0.30577552527647756,-0.22007132287806241,0.3605769230769231,0.3607625365257263,
Aligarh Jawa Jamalpur Siya,644,0.1143,0.0955,0.4898,0.16419056523897144,0.1236709891491055,-0.05218403964820095,0.17236024844720496,0.31923994421958923,
Aligarh Jawa Sogera,660,0.0858,0.0469,0.9734,0.8786979848998333,0.6708858884753602,-1.792430600265575,0.1787878787878788,0.3682982325553894,
Aligarh Khair Arrana,653,0.1137,0.0756,0.9697,1.3318840125985203,1.1698005876176023,-3.164618289640969,0.0903522205206738,0.5056384205818176,
Aligarh Khair Utwara,660,0.0996,0.0287,0.9532,0.6985132232661315,0.5777867802359841,-1.3006350039909753,0.3575757575757576,0.3356683552265167,
Aligarh Lodha Aisi Kol,670,1.4941,0.7673,-22.7536,1.9222221372821122,1.1355575308500832,-38.31520008855033,0.24029850746268658,0.38153359293937683,
Aligarh Lodha Mahrawalpur Nagariya,672,0.1685,0.08,0.9328,0.804212151363956,0.5514649387768338,-0.5303922084361345,0.37797619047619047,0.3419818580150604,
Alipur,790,0.2893,0.2105,0.5461,0.9755817736929648,0.8943947209068491,-4.1603562261869325,0.07468354430379746,0.3389100730419159,
Alipur Aterna_1,789,19.9825,14.4112,-0.2562,17.372839879915965,10.88028812497892,0.05048572670681717,0.8314321926489227,0.7789760231971741,
Allahabad City (UP-046),940,0.3726,0.2964,0.5441,4.576674740640382,3.8091707243006283,-67.76682595138061,0.1574468085106383,7.233314514160156,
Allaiha Badhaiya,721,25.4859,17.7038,-0.8039,27.614228925917654,19.375864699915276,-1.1178019721824346,0.1941747572815534,0.11266031861305237,
Amauli (UP-027),1124,0.1584,0.0519,0.977,1.0935273811721278,0.7794343971714006,-0.09680996537249276,0.13434163701067617,0.39514151215553284,
Amchurnirua,861,9.6299,6.1712,0.6165,12.829167151695293,9.984190169117314,0.31933330022462825,0.4889663182346109,2.1862800121307373,
Amgaon (UP-067),1236,5.0395,3.5226,-0.7626,8.188535743815676,7.366474153654474,-3.6535373296029627,0.05906148867313916,0.6796565651893616,
Amliha_1,854,28.976,19.3803,-2.1381,21.792155230281633,14.490249715264563,-0.7749796157884887,0.04566744730679157,0.2131001055240631,
Amlour,872,37.7152,25.6175,-1.0273,30.041089413579485,27.65176456475477,-0.2862321339848217,0.03784403669724771,29.39467430114746,
"Amroha Forest Department, Medium",935,0.1169,0.0888,0.8176,0.36446404123803977,0.30189262900938957,-0.7735922500536501,0.3155080213903743,0.30457958579063416,
"Amroha Forest Department, Shallow",941,0.1111,0.0655,0.8863,0.27164802502688934,0.20953447840951075,0.3197086924493808,0.4155154091392136,0.2380596101284027,
"Anganwadi Kedra, Baini",683,0.1944,0.1347,0.4635,0.3202492799456966,0.26855240429163324,-0.4557496664413283,0.27232796486090777,0.6274775862693787,
Artauli_1,555,0.0005,0.0005,-5.338951785807922e+21,6.780694747698673,5.346821700903746,-9.106845737388537e+29,0.9513513513513514,0.9016569256782532,
Aryavart Madhyamik Vidhyalaya Sindhora,683,0.2908,0.1731,0.9038,1.6185616405326035,1.349053807544848,-1.9806199548605612,0.10834553440702782,0.3226657807826996,
Asafpur (UP-077),1238,0.0292,0.0182,0.992,0.3241683072828357,0.2791790278346935,0.009882363969076047,0.12924071082390953,0.1513320654630661,
Ashapur Dak Banglow-Malawan-Medium,911,0.1228,0.0754,0.821,1.0343364901613648,0.9449748630795861,-11.704424510016755,0.07354555433589462,0.48939642310142517,
Ashapur Dak Banglow-Malawan-Shallow,833,0.3867,0.2378,0.7312,0.9708017862740426,0.8527117910946118,-0.6947742869208795,0.024009603841536616,0.17076827585697174,
Aspur Deosara (UP-040),1111,0.1122,0.06,0.9845,1.7685767306765032,1.5219430152110214,-2.847779455514171,0.2151215121512151,0.9029988050460815,
Aswaniya Pr. Vid.,790,0.2353,0.1745,0.904,1.5978213470200784,1.4044990529676027,-3.42565251953583,0.09620253164556962,0.4341994524002075,
Atarahat,742,32.7853,23.76,-1.0417,32.744139645328225,23.353207174337136,-1.0366123918629078,0.0026954177897574125,0.10588590055704117,
Atrada Pi_1,809,38.1032,30.0564,-1.6126,35.721336984995986,26.51433211987923,-1.29615901540209,0.0012360939431396785,0.8924990296363831,
Aurai (UP-150),920,0.7582,0.3929,0.762,2.728238401784806,2.2168462263356083,-2.081972604294802,0.2,0.7978740930557251,
Awagarh (UP-005),1092,0.7533,0.4723,0.7752,2.499820660613945,2.0143308200766317,-1.4762505756565507,0.28296703296703296,1.6392905712127686,
Azamgarh Ahiraula Bahera,610,0.0939,0.079,0.958,1.4537220679962084,1.3600573601081722,-9.067149696023826,0.027868852459016394,0.4041087031364441,
Azamgarh Ahiraula Kandara,546,0.0661,0.0526,0.9585,0.43900158794761074,0.30533430251446403,-0.8311029164811017,0.24358974358974358,0.06470263004302979,
Azamgarh Atrauliya Atrauliya,605,0.8047,0.6339,-1.9017,0.8067376023642644,0.6343736447333304,-1.9163935253177553,0.2628099173553719,0.2639792561531067,
Azamgarh Jahanganj Godhaura,582,0.0959,0.0784,0.0418,0.14775912920637488,0.12085585511591017,-1.2746312291509123,0.31099656357388317,0.12777478992938995,
Azamgarh Lalganj Lalganj,577,0.2172,0.1449,0.877,0.9172712067273285,0.6495007522523507,-1.1930429309536192,0.24436741767764297,0.16029666364192963,
Azamgarh Palhana Balahi Lahucha,612,0.0754,0.0583,-0.0797,0.07225745652692213,0.057876149127685926,0.008613714349818724,0.6356209150326797,0.18385586142539978,
Azamgarh Palhana Jamui Bhatauli,624,0.0885,0.0695,0.6554,0.27486378182120613,0.23634536824470914,-2.3241530108489856,0.1987179487179487,0.2350044995546341,
Azamgarh Pavai Velasiya,617,0.2441,0.1646,0.9595,0.8517370555493357,0.5687936581807932,0.5064988930947762,0.5121555915721232,0.7617733478546143,
Azamgarh Sathiyavn Gajahada,619,0.6539,0.4,0.1879,0.7197428904879987,0.3596519952844919,0.016136836835393353,0.18578352180936994,0.24245959520339966,
Azamgarh Thekama Bardah,601,0.8442,0.6837,-0.0747,1.4607559862976105,1.2651362430363051,-2.2178054290383273,0.07321131447587355,0.27034303545951843,
BADHANI PRATHMIK VIDYALAYA,693,0.3274,0.2653,0.8102,1.714320969849859,1.5514075100721219,-4.202416855863328,0.06926406926406926,0.38904479146003723,
Baba BelkharNath Dham (UP-045),1144,0.4966,0.4146,-2.6088,0.5921576990443489,0.5147790722080045,-4.132326456333782,0.0026223776223776225,0.184185191988945,
Babina Rular,795,20.8095,14.3329,-0.8713,20.825905467430232,14.351685463383513,-0.8742470281796626,0.42641509433962266,0.08727848529815674,
Badagaon (UP-049),1150,0.3018,0.1621,0.9444,2.720092658936854,2.538989298818837,-3.5179613134762517,0.06869565217391305,1.2480099201202393,
Badagaon_1,626,40.5606,31.8207,-1.5351,42.788642271930975,33.878347465710135,-1.8212672407024528,0.17891373801916932,0.3240373134613037,
Badalpur (UP-091),1071,0.1893,0.1193,0.8938,0.6284656955034041,0.5228481754691215,-0.1711453314846283,0.2203548085901027,0.31297004222869873,
Badaun Salarpur BDO Office,622,0.1288,0.054,0.9195,0.397713644563865,0.24524113280366858,0.23300193918903922,0.23633440514469453,0.24760490655899048,
Badaun Ujhani Sports Stadium,664,0.0505,0.0349,0.9209,0.18763871176380092,0.1513424427538033,-0.0905930924370093,0.37198795180722893,0.1716718077659607,
Badaun Usawan BDO Office,617,0.0798,0.0606,0.8854,0.12191497001790737,0.10215762015022763,0.7326050454752873,0.6061588330632091,0.22477850317955017,
Badhai Khurd Pr. Vid.,805,0.476,0.2198,0.5738,1.1161204834936393,0.962836042657698,-1.3434199210028153,0.10434782608695652,0.569362461566925,
Badhouli,798,39.6137,28.0043,-0.8993,40.9732917899819,29.0158187541149,-1.0319234876025987,0.10902255639097744,0.12552496790885925,
Bagadari,853,24.5119,16.6522,-1.0363,23.159854741695273,16.072783257237354,-0.8178782801578219,0.3563892145369285,1.1309094429016113,
Baghora_1,778,22.5323,13.3315,-0.3994,23.496607953432125,13.951371301096938,-0.5217042669220173,0.10154241645244216,0.246013343334198,
Baghpat Meerut Kheda Balrampur Itiyara,720,0.0538,0.0274,0.9662,0.34134783559657783,0.2499029580116272,-0.36398177712375723,0.19444444444444445,0.12905646860599518,
Baghpat Sardhana Julaida,164,0.1349,0.0974,0.3678,0.18431229576285987,0.1568574296439567,-0.1804121119529738,0.8475609756097561,0.46803873777389526,
Baghura_1,771,22.3314,15.8561,-0.7753,21.097238652284002,16.16830676522855,-0.5844691848268346,0.016861219195849545,2.3064193725585938,
Bahjoi (UP-128),1148,0.7949,0.6984,-0.8445,1.4263385905398418,1.3070037951984472,-4.938894829512183,0.05749128919860627,0.15604150295257568,
Bahuwa (UP-024),977,0.3256,0.2562,0.8393,0.7699221658818863,0.7186057240262613,0.10121095109536726,0.038894575230296824,0.34209880232810974,
Baije mau,780,22.6687,15.1123,0.2576,35.0529339296885,23.37165136532906,-0.7752652528088624,0.55,0.6011149883270264,
Bajehta_1,360,2.9708,0.7833,0.3637,9.796177753813186,6.108867085605859,-5.918987147642608,0.09166666666666666,1.3245761394500732,
