Station,District,lat,lon,sand_0_30,silt_0_30,clay_0_30,bdod_0_30,sand_60_100,silt_60_100,clay_60_100,bdod_60_100
ASHADHA PRATHMIK VIDYALAYA,KAUSHAMBI,25.441184,81.392245,33.4,40.56666666666667,26.0,1.4466666666666665,28.8,37.7,33.5,1.51
Aagan Wadi Kendra Chandni,JALAUN,25.929918,79.141493,38.916666666666664,33.083333333333336,28.016666666666666,1.4083333333333334,36.0,31.9,32.1,1.49
Aaganwadi Kendra Pakri Bazaar,DEORIA,26.402128,83.682103,29.683333333333334,42.96666666666667,27.35,1.3666666666666667,27.4,39.7,32.9,1.46
"Adarsh Primary School, Dubar Kalan",MIRZAPUR,24.969207,82.40254,28.066666666666666,37.916666666666664,33.96666666666667,1.5783333333333334,27.9,36.5,35.6,1.6
Agan Wadi Kendra Kuchendu,BANDA,25.517708,80.72346,28.766666666666666,44.75,26.4,1.4316666666666664,24.8,42.5,32.7,1.51
Alakchandra Inter college Bhinga,SHRAWASTI,27.70074,81.93912,38.56666666666667,37.766666666666666,23.666666666666668,1.3933333333333333,38.3,37.1,24.7,1.5
Aligarh Chandaus  Somana,AGRA,28.051907,77.940847,43.916666666666664,32.88333333333333,23.216666666666665,1.4466666666666665,40.5,34.1,25.3,1.53
Aligarh Jawa Bahadurpur Kota,AGRA,28.028578,78.035291,46.96666666666667,28.316666666666666,24.716666666666665,1.46,44.0,29.3,26.7,1.52
Aligarh Chandaus Maharajpur,AGRA,28.036628,77.935134,46.766666666666666,28.883333333333333,24.333333333333332,1.4666666666666666,43.1,29.9,27.0,1.54
Amchurnirua,CHITRAKOOT,25.024236,80.949377,39.21666666666667,35.4,25.333333333333332,1.5283333333333333,37.3,35.8,26.9,1.58
Aligarh Khair Utwara,AGRA,27.975292,77.905854,43.13333333333333,31.266666666666666,25.65,1.4266666666666665,39.0,31.2,29.8,1.53
Aligarh Jawa Sogera,AGRA,28.082428,78.045757,47.5,29.016666666666666,23.466666666666665,1.4483333333333333,44.1,29.3,26.6,1.52
Amlour,BANDA,25.73234167,80.37475,35.3,39.38333333333333,25.316666666666666,1.4483333333333335,32.5,38.9,28.7,1.52
"Anganwadi Kedra, Baini",SONBHADRA,24.723333,83.325833,21.216666666666665,37.016666666666666,41.75,1.6233333333333335,20.1,35.5,44.4,1.68
Aligarh Lodha Mahrawalpur Nagariya,AGRA,27.930579,78.028279,45.8,31.616666666666667,22.533333333333335,1.4449999999999998,42.7,32.4,25.0,1.49
Aligarh Khair Arrana,AGRA,27.931641,77.885149,46.85,28.366666666666667,24.783333333333335,1.4516666666666667,42.7,29.0,28.2,1.52
Aligarh Jawa Jamalpur Siya,AGRA,27.980335,78.0421724,45.65,31.45,22.9,1.4416666666666667,41.5,30.2,28.3,1.51
Aryavart Madhyamik Vidhyalaya Sindhora,MIRZAPUR,25.098525,82.805053,30.8,34.8,34.38333333333333,1.52,32.2,35.6,32.2,1.59
Aswaniya Pr. Vid.,AZAMGARH,25.80388889,82.90472222,26.366666666666667,42.36666666666667,31.233333333333334,1.4116666666666664,25.0,40.5,34.4,1.5
Azamgarh Ahiraula Bahera,AZAMGARH,26.208262,82.89867,27.133333333333333,47.983333333333334,24.883333333333333,1.3883333333333332,24.9,44.6,30.5,1.46
Awagarh (UP-005),ETAH,27.449722,78.483889,48.7,29.0,22.3,1.4383333333333332,44.3,29.0,26.7,1.52
Aligarh Lodha Aisi Kol,AGRA,27.819827,78.05289,45.483333333333334,28.533333333333335,26.016666666666666,1.4516666666666667,42.6,29.8,27.6,1.5
Azamgarh Atrauliya Atrauliya,AZAMGARH,26.345894,82.924121,25.466666666666665,54.06666666666667,20.516666666666666,1.3716666666666666,21.9,48.4,29.7,1.44
Azamgarh Ahiraula Kandara,AZAMGARH,26.141442,82.844798,25.016666666666666,47.0,27.983333333333334,1.3816666666666668,23.0,42.8,34.2,1.49
Azamgarh Lalganj Lalganj,AZAMGARH,25.802837,83.023635,24.266666666666666,44.36666666666667,31.383333333333333,1.3866666666666667,22.7,42.7,34.6,1.47
Azamgarh Pavai Velasiya,AZAMGARH,26.08387,82.77718,27.9,42.083333333333336,29.983333333333334,1.375,25.8,39.6,34.6,1.44
Azamgarh Palhana Jamui Bhatauli,AZAMGARH,25.764525,83.105885,25.416666666666668,43.5,31.116666666666667,1.3766666666666667,23.2,40.7,36.1,1.47
Azamgarh Sathiyavn Gajahada,AZAMGARH,26.066121,83.279559,26.95,44.016666666666666,29.033333333333335,1.3916666666666666,24.2,41.9,33.9,1.5
Azamgarh Jahanganj Godhaura,AZAMGARH,25.981226,83.241639,27.016666666666666,43.833333333333336,29.15,1.3816666666666668,24.6,42.6,32.8,1.48
B.D.O. Office Lar,DEORIA,26.217608,83.964194,30.4,40.483333333333334,29.116666666666667,1.3966666666666667,28.5,37.5,34.0,1.49
BADHANI PRATHMIK VIDYALAYA,GORAKHPUR,26.652848,83.249116,30.15,43.11666666666667,26.733333333333334,1.4,27.6,40.2,32.2,1.46
B.D.O Office Bhatini,DEORIA,26.3795695,83.9241858,30.566666666666666,41.56666666666667,27.866666666666667,1.403333333333333,28.7,39.5,31.8,1.49
BANI KHAS C.V. VIDYALAYA,KAUSHAMBI,25.371537,81.365493,35.083333333333336,40.666666666666664,24.25,1.4716666666666667,31.5,38.9,29.5,1.52
Babina Rular,JHANSI,25.23668,78.48107,44.06666666666667,29.983333333333334,26.0,1.4916666666666667,42.1,30.5,27.4,1.53
"B.D.O. Office, Binauli",BAGHPAT,29.093959,77.399455,39.78333333333333,37.833333333333336,22.383333333333333,1.4549999999999998,36.7,35.5,27.8,1.47
Azamgarh Palhana Balahi Lahucha,AZAMGARH,25.756585,83.08177,24.866666666666667,44.95,30.183333333333334,1.3666666666666667,22.4,42.2,35.4,1.47
Azamgarh Thekama Bardah,AZAMGARH,25.808029,82.851187,26.383333333333333,40.833333333333336,32.733333333333334,1.4016666666666666,24.4,38.9,36.7,1.5
Badhai Khurd Pr. Vid.,MUZAFFARNAGAR,29.54611111,77.65583333,36.416666666666664,35.03333333333333,28.6,1.3983333333333332,34.2,34.2,31.6,1.41
Baghora_1,MAHOBA,25.151588,79.405231,44.583333333333336,29.966666666666665,25.483333333333334,1.5383333333333336,44.2,29.9,25.9,1.6
Badaun Usawan BDO Office,BAREILLY,27.810859,79.348935,,,,,,,,
Badaun Ujhani Sports Stadium,BAREILLY,28.029062,79.098363,38.55,39.93333333333333,21.516666666666666,1.3599999999999999,35.6,37.4,27.0,1.49
Badaun Salarpur BDO Office,BAREILLY,28.069433,79.13294,36.86666666666667,41.7,21.433333333333334,1.3716666666666666,34.6,39.1,26.3,1.48
BANSGAON PRATHMIK VIDYALAYA,GORAKHPUR,26.554779,83.344517,33.05,43.5,23.45,1.3533333333333333,29.8,40.4,29.8,1.45
Banda Baberu Anvan,CHITRAKOOT,25.571618,80.72094,28.95,44.0,27.083333333333332,1.4266666666666665,25.2,42.7,32.1,1.49
Baghpat Meerut Kheda Balrampur Itiyara,MEERUT,28.890512,77.67112,35.85,39.516666666666666,24.633333333333333,1.4466666666666665,32.3,38.8,28.9,1.48
Badhouli,HAMIRPUR,25.83808,79.57949,37.71666666666667,33.38333333333333,28.9,1.4283333333333335,35.4,33.0,31.6,1.5
Banda Baberu Umrehani,CHITRAKOOT,25.534149,80.755587,31.45,40.983333333333334,27.566666666666666,1.4316666666666669,28.2,40.5,31.4,1.5
Banda Kamasin Tilowsa,CHITRAKOOT,25.504452,80.834118,32.88333333333333,42.016666666666666,25.1,1.4433333333333331,29.1,41.0,29.8,1.5
Banda Bisndha Mrooli,CHITRAKOOT,25.420368,80.721114,31.766666666666666,39.65,28.616666666666667,1.4516666666666667,30.0,38.5,31.5,1.5
Bdo Office Campus Pipraich,GORAKHPUR,26.819999,83.519995,29.15,42.016666666666666,28.883333333333333,1.3883333333333332,28.9,41.3,29.8,1.46
Banda Badokhar Khurd Chatgan,CHITRAKOOT,25.574309,80.303325,39.35,35.3,25.4,1.4433333333333331,37.0,34.6,28.4,1.52
Bhitari_2,CHITRAKOOT,25.22511,81.384666,35.666666666666664,35.55,28.766666666666666,1.4783333333333333,35.5,35.9,28.5,1.57
Bijijauri_1,MAHOBA,25.113551,79.448837,40.4,35.35,24.266666666666666,1.5483333333333333,38.5,36.4,25.1,1.6
Birdha /Poorabirdha,LALITPUR,25.1202,78.56495,37.38333333333333,32.516666666666666,30.1,1.47,35.2,34.6,30.2,1.53
Block Deoria Campus Deoria Sadar,DEORIA,26.4768311,83.7782245,30.783333333333335,41.916666666666664,27.35,1.3816666666666668,28.5,39.2,32.3,1.44
Block Development Office-Khekra-Shallow,BAGHPAT,28.86972222,77.28805556,,,,,,,,
Bhadarwara  P_1,JHANSI,25.21805556,79.18027778,45.21666666666667,31.85,23.016666666666666,1.4583333333333333,43.2,31.7,25.0,1.51
"Block office, Gursarai",JHANSI,25.613486,79.186343,41.53333333333333,31.066666666666666,27.366666666666667,1.4416666666666667,40.2,31.2,28.6,1.47
Budh Sainy_1,BAGHPAT,28.995556,77.427222,39.86666666666667,38.43333333333333,21.7,1.4716666666666667,36.8,35.3,28.0,1.47
Chakara  P_1,JHANSI,25.218333,79.26,42.15,34.25,23.566666666666666,1.4449999999999998,39.9,34.1,26.0,1.48
Chandi Kalan,HAMIRPUR,25.600441,80.224573,36.416666666666664,38.333333333333336,25.25,1.4466666666666665,34.3,39.1,26.7,1.51
Chhibaw_1,BANDA,25.363698,80.491501,34.61666666666667,37.2,28.183333333333334,1.4716666666666667,30.8,37.6,31.5,1.53
Banda Tindwari Bhindowra,CHITRAKOOT,25.651513,80.492621,35.6,39.666666666666664,24.783333333333335,1.4266666666666665,33.1,40.4,26.5,1.5
"Block Office, Kurara",HAMIRPUR,25.978748,79.984396,35.5,36.983333333333334,27.533333333333335,1.4316666666666664,31.5,36.9,31.6,1.5
Chirautha,BANDA,25.66132542,80.4762682,35.2,39.36666666666667,25.383333333333333,1.4233333333333333,31.4,38.3,30.3,1.5
Chitrakoot Karvi Khoha,CHITRAKOOT,25.20894,80.96,40.36666666666667,33.233333333333334,26.333333333333332,1.4533333333333334,40.5,34.9,24.6,1.56
Chitrakoot Manikpur Sardar Patel,CHITRAKOOT,25.23231,81.139761,33.78333333333333,37.416666666666664,28.8,1.5033333333333334,33.4,37.9,28.7,1.57
Chitrakoot Manikpur Agarhudha,CHITRAKOOT,25.211035,81.113057,34.983333333333334,34.8,30.216666666666665,1.4983333333333335,33.5,35.4,31.1,1.56
"Community Center, Ghorawal",SONBHADRA,24.7523638,82.7808874,20.566666666666666,36.8,42.61666666666667,1.65,20.1,35.0,44.8,1.75
Chorwa Bhari Prathmik Vidyalaya,SHRAWASTI,27.63231,81.977,36.28333333333333,40.46666666666667,23.25,1.375,34.4,38.5,27.1,1.44
Chitrakoot Karvi Shivrampur,CHITRAKOOT,25.217005,80.837699,38.333333333333336,35.53333333333333,26.133333333333333,1.4866666666666668,37.1,36.2,26.7,1.57
Composite Girls Primary School Mai,JALAUN,26.385551,79.191725,41.45,32.65,25.9,1.403333333333333,38.0,32.8,29.1,1.51
Comosite School Campus Badalganj,AZAMGARH,25.875983,83.310721,24.6,46.0,29.35,1.3883333333333332,22.5,43.5,33.9,1.48
Composite School Basantpur Saitali-1,GHAZIABAD,28.750761,77.48058,39.65,36.7,23.65,1.4533333333333331,37.0,36.4,26.6,1.48
Composite School Nagla Bair,GHAZIABAD,28.786482,77.584175,38.583333333333336,37.36666666666667,24.05,1.4233333333333331,35.5,35.4,29.0,1.49
Composite School Sagarpur,MIRZAPUR,25.202642,82.541757,28.816666666666666,37.016666666666666,34.166666666666664,1.4683333333333333,28.1,36.1,35.8,1.54
Composite School Sanjarpur,MIRZAPUR,26.00904,82.971338,25.1,42.266666666666666,32.6,1.3916666666666666,23.9,39.8,36.2,1.47
Composite School Biralsi,MUZAFFARNAGAR,29.567471,77.513423,35.85,36.56666666666667,27.583333333333332,1.4266666666666665,32.8,34.7,32.5,1.41
Composite School Kilhora,GHAZIABAD,28.776402,77.673884,36.8,39.13333333333333,24.066666666666666,1.4316666666666669,34.0,37.3,28.7,1.45
"Composite School, Dhamna Khurd",FATEHPUR,26.046995,80.274238,30.783333333333335,44.833333333333336,24.383333333333333,1.3316666666666668,27.1,42.9,30.0,1.46
Composite School katar,AZAMGARH,26.070408,82.708924,26.1,44.35,29.55,1.3983333333333334,24.6,43.2,32.2,1.49
"Composite School, Ghamhapur",MIRZAPUR,25.151821,82.500563,25.9,38.25,35.85,1.5316666666666667,25.2,37.4,37.4,1.58
"Composite School, Mungari",SANT RAVIDAS NAGAR,25.3578684,82.3248958,29.866666666666667,42.05,28.1,1.4616666666666667,27.9,41.4,30.7,1.54
"Composite School, Pathraha",MIRZAPUR,25.0898964,82.7618449,29.816666666666666,33.81666666666667,36.416666666666664,1.51,31.1,34.1,34.9,1.55
Composite Upper Primary School Sajania,SIDDHARTHNAGAR,27.250044,83.044202,29.15,41.53333333333333,29.366666666666667,1.405,29.2,41.3,29.5,1.49
"Composite Uccha Prathmik Vidhyalaya, Paltadevi",SIDDHARTHNAGAR,27.402635,83.024077,31.116666666666667,40.65,28.2,1.38,30.9,40.8,28.3,1.44
DEOCHALI C.V. VIDYALAYA,FATEHPUR,26.005258,80.340634,30.416666666666668,43.6,26.0,1.3733333333333335,26.9,41.7,31.4,1.49
Deoria Bhaluwani Markna,GORAKHPUR,26.328658,83.796855,28.566666666666666,42.78333333333333,28.7,1.3816666666666668,27.8,39.5,32.7,1.47
Deoria Bhatpar Rani Dharkwan,GORAKHPUR,26.281971,83.98506,31.416666666666668,37.55,31.033333333333335,1.4116666666666666,29.5,35.9,34.6,1.48
Deoria Salempur Manihari,GORAKHPUR,26.324727,83.895237,31.033333333333335,41.38333333333333,27.583333333333332,1.3833333333333333,28.6,39.2,32.2,1.48
Deoria Bhatani Mishrauli Dichit,GORAKHPUR,26.395355,83.950282,31.383333333333333,39.68333333333333,28.933333333333334,1.4216666666666666,29.7,38.5,31.8,1.5
Deoria Tarkulwa Tarkulwa,GORAKHPUR,26.627487,83.890943,32.56666666666667,37.61666666666667,29.833333333333332,1.405,30.9,36.8,32.4,1.48
Devrar_1,BANDA,25.263486,80.427572,33.96666666666667,39.13333333333333,26.9,1.4849999999999999,31.5,38.1,30.4,1.57
Etah Aavagarh Badhawali,AGRA,27.527159,78.372312,46.5,31.233333333333334,22.266666666666666,1.4216666666666666,43.6,30.5,25.8,1.52
Etah Jalesar Hasangarh,AGRA,27.492,78.351,45.333333333333336,30.783333333333335,23.966666666666665,1.4316666666666669,42.9,30.6,26.5,1.53
Dhikauli,JHANSI,25.4936,78.45125,37.266666666666666,35.43333333333333,27.3,1.4866666666666668,36.3,37.2,26.5,1.54
Etah Jalesar Sakrauli,AGRA,27.39305,78.30936,39.81666666666667,34.06666666666667,26.166666666666668,1.4083333333333334,36.0,33.4,30.7,1.53
Firozabad Madanpur Rudhawali,AGRA,27.038936,78.7711659,40.53333333333333,35.65,23.833333333333332,1.4016666666666666,35.2,34.6,30.3,1.48
FAREDUPUR PRATHMIK VIDYALAYA,PRATAPGARH,25.728768,81.50885,29.116666666666667,46.36666666666667,24.483333333333334,1.4066666666666665,25.8,44.1,30.1,1.48
Datt Naga_1,BAGHPAT,28.920261,77.401781,39.5,36.68333333333333,23.766666666666666,1.4716666666666667,35.7,35.1,29.3,1.52
GOVINDPUR BILARI PRATHMIK VIDYALAYA,FATEHPUR,25.963732,80.341446,29.933333333333334,44.483333333333334,25.633333333333333,1.385,26.1,42.0,31.9,1.5
Gadhela Panchayat Bhawan,JALAUN,26.233524,79.416822,38.46666666666667,34.56666666666667,26.983333333333334,1.3599999999999999,35.2,34.4,30.3,1.49
Gloragundera/Gewara,LALITPUR,25.15888,78.51844,34.63333333333333,35.166666666666664,30.2,1.4966666666666666,32.5,35.4,32.1,1.53
Gorakhpur Barahalganj Bhatpar (Saukhor),GORAKHPUR,26.332518,83.486744,28.016666666666666,42.46666666666667,29.516666666666666,1.3666666666666667,26.2,40.3,33.5,1.48
Gorakhpur Barahalganj Ojhauli,GORAKHPUR,26.290279,83.477789,30.25,41.38333333333333,28.333333333333332,1.4066666666666665,27.8,39.8,32.4,1.48
Gorakhpur Belghat Belghat,GORAKHPUR,26.432863,83.16397,29.333333333333332,42.333333333333336,28.333333333333332,1.3616666666666668,26.1,38.7,35.2,1.46
Gorakhpur Chargaon Beniganj,GORAKHPUR,26.851039,83.411243,30.566666666666666,44.583333333333336,24.866666666666667,1.41,29.3,42.2,28.5,1.46
Gorakhpur Gola Dhakwarchak,GORAKHPUR,26.405964,83.35375,28.0,45.21666666666667,26.8,1.3733333333333335,25.4,41.8,32.8,1.47
Gorakhpur Gola Gopalpur Patham,GORAKHPUR,26.370555,83.321349,28.966666666666665,44.81666666666667,26.216666666666665,1.3816666666666668,26.0,41.5,32.6,1.48
Gorakhpur Gagaha Gagaha,GORAKHPUR,26.448899,83.437416,29.783333333333335,43.65,26.516666666666666,1.3766666666666665,26.2,40.9,32.8,1.47
Gorakhpur Gola Turkwaliya,GORAKHPUR,26.877581,83.255728,32.766666666666666,40.983333333333334,26.25,1.375,31.7,40.4,27.9,1.47
Gorakhpur Kauriram Dhausa,GORAKHPUR,26.502734,83.395847,31.366666666666667,43.65,24.983333333333334,1.35,28.5,41.1,30.5,1.45
Gorakhpur Kauriram Jagdispur Bhaluwan 2Nd,GORAKHPUR,26.442209,83.437771,31.383333333333333,44.733333333333334,23.85,1.3866666666666667,27.5,42.0,30.6,1.49
Gorakhpur Pali Pali,GORAKHPUR,26.820966,83.199014,31.65,39.016666666666666,29.316666666666666,1.3733333333333335,30.3,38.1,31.5,1.47
Gorakhpur Sahjanwa Kasrol,GORAKHPUR,26.757395,83.15174,32.333333333333336,41.2,26.466666666666665,1.4,29.0,39.0,32.1,1.46
Gorakhpur Sardarnagr Awadpur,GORAKHPUR,26.673028,83.538627,29.516666666666666,44.016666666666666,26.433333333333334,1.3866666666666667,28.2,41.8,30.0,1.48
Gorakhpur Belghat Murarpur,GORAKHPUR,26.416214,83.260961,29.933333333333334,44.15,25.916666666666668,1.3616666666666668,26.7,40.7,32.6,1.43
Gorakhpur Urwa Malhanpar,GORAKHPUR,26.54411,83.288612,29.016666666666666,45.25,25.75,1.3649999999999998,26.6,41.9,31.5,1.45
Goshala Bankat,BANDA,25.557483,80.948938,33.25,41.2,25.55,1.4549999999999998,29.9,38.8,31.3,1.5
Goshala Bada Gaon,BANDA,25.507743,80.645981,31.133333333333333,39.86666666666667,29.016666666666666,1.4283333333333335,28.5,38.5,33.0,1.5
Goshala Basela,HAMIRPUR,25.533503,79.50998,41.833333333333336,32.56666666666667,25.6,1.4666666666666666,39.8,32.7,27.5,1.48
Goshala Churaha,HAMIRPUR,25.731688,79.494467,34.1,37.21666666666667,28.716666666666665,1.4183333333333332,31.8,38.2,30.1,1.48
Goshala Bhadehdu,BANDA,25.462597,80.706021,32.15,41.28333333333333,26.6,1.44,29.4,40.3,30.2,1.52
Goshala Ghuri,BANDA,25.427643,80.564512,32.766666666666666,40.55,26.633333333333333,1.4283333333333335,28.8,37.8,33.5,1.51
Gorakhpur Pali Dumari Niwas,GORAKHPUR,26.850334,83.145914,30.25,42.833333333333336,26.916666666666668,1.403333333333333,28.4,41.1,30.4,1.48
"Gram Panchayat Sachiwalaya / D.B.R. Ambedkar Samudayak Bhawan, Durkhuroo",JHANSI,25.604794,79.305284,39.8,35.483333333333334,24.733333333333334,1.4316666666666664,38.0,36.4,25.6,1.48
Goshala Pachhahan,BANDA,25.532277,80.927357,32.88333333333333,42.06666666666667,25.05,1.4516666666666667,30.5,40.5,29.0,1.48
Grampunchayat Sachiwalaya Deori,SONBHADRA,24.671632,83.147754,24.1,30.65,45.25,1.6133333333333333,24.4,29.4,46.3,1.66
Gyana Majra Pr. Vid.,MUZAFFARNAGAR,29.58694444,77.49777778,36.0,38.233333333333334,25.783333333333335,1.4233333333333331,33.4,36.8,29.7,1.43
Gundaha,HAMIRPUR,25.6046,80.162658,37.31666666666667,38.666666666666664,24.016666666666666,1.4533333333333334,34.9,39.5,25.5,1.5
HARNHAPUR PRATHAMIK VIDYALAYA,PRATAPGARH,25.829221,81.995258,27.6,46.88333333333333,25.533333333333335,1.445,24.4,43.1,32.5,1.54
HOLAGARH PURV MADHYAMIK VIDYALAYA,PRATAPGARH,25.641014,81.774224,30.933333333333334,42.1,26.966666666666665,1.3916666666666666,28.4,38.3,33.4,1.42
Hamirpur Kurara Damar,CHITRAKOOT,25.983688,79.960714,35.8,36.96666666666667,27.266666666666666,1.4383333333333332,31.4,37.2,31.4,1.51
Hamirpur Sarila Purani,CHITRAKOOT,25.755058,79.771884,34.31666666666667,36.13333333333333,29.566666666666666,1.4199999999999997,32.2,36.3,31.5,1.51
Hamirpur Sumerpur Etara,CHITRAKOOT,25.778761,80.1550852,35.56666666666667,35.56666666666667,28.816666666666666,1.4383333333333332,32.9,36.9,30.2,1.51
Hamirpur Sumerpur Para,CHITRAKOOT,25.807394,80.194179,31.366666666666667,42.483333333333334,26.15,1.4133333333333333,27.1,42.9,30.1,1.51
Halwana,SAHARANPUR,30.054007,77.717608,40.18333333333333,35.43333333333333,24.383333333333333,1.3233333333333335,36.1,34.2,29.6,1.3
Hamirpur Kurara Jalokhar,CHITRAKOOT,25.965865,80.021851,32.35,41.1,26.55,1.4333333333333333,28.3,40.9,30.9,1.5
High School & Inter College Boroda,MUZAFFARNAGAR,29.248289,77.433039,38.96666666666667,37.61666666666667,23.4,1.4433333333333331,36.0,35.2,28.7,1.49
Inter Collage Khampar,DEORIA,26.355798,84.059758,32.016666666666666,36.766666666666666,31.216666666666665,1.44,29.6,35.8,34.6,1.5
"Inter College, Sarv Hitakari",BAGHPAT,28.953525,78.291638,34.1,39.61666666666667,26.316666666666666,1.3433333333333335,32.4,38.7,28.9,1.39
"Inter college, Tindwara",BANDA,25.420436,80.363969,32.266666666666666,40.68333333333333,27.05,1.44,29.0,39.6,31.3,1.5
"Irrigation Department, Amawar",SONBHADRA,24.1269591,83.294159,17.233333333333334,43.61666666666667,39.11666666666667,1.66,16.9,37.1,45.9,1.74
Jamalpur_2,LALITPUR,24.92512,78.48457,30.783333333333335,38.93333333333333,30.333333333333332,1.4149999999999998,28.3,39.3,32.3,1.49
Hathras Mursan Chandapa Sandh,AGRA,27.520875,78.04112,41.8,33.13333333333333,25.066666666666666,1.4566666666666666,38.6,32.9,28.5,1.51
Jaunpur Dobhi Bagerwa,VARANASI,25.596996,83.013419,26.6,42.56666666666667,30.866666666666667,1.4416666666666667,24.3,40.2,35.4,1.54
"Janata Inter College, Lachheda",MUZAFFARNAGAR,29.410389,77.658445,34.233333333333334,37.483333333333334,28.283333333333335,1.3966666666666667,31.6,35.3,33.1,1.42
Jaunpur Dobhi Bankati,VARANASI,25.613383,83.012806,26.966666666666665,40.583333333333336,32.4,1.4216666666666666,26.1,38.1,35.8,1.51
Jaunpur Dobhi Kachhawan,VARANASI,25.62784,83.003728,26.55,41.86666666666667,31.6,1.4216666666666666,24.7,38.7,36.6,1.5
Jaunpur Dobhi Kakarapar,VARANASI,25.589937,83.038319,26.866666666666667,42.03333333333333,31.1,1.4366666666666668,24.5,40.0,35.4,1.53
Jauharpur,BANDA,25.708463,80.56846,32.63333333333333,42.86666666666667,24.5,1.4283333333333335,29.5,42.4,28.1,1.5
Jaunpur Jalalpur Katuwani,VARANASI,25.602903,82.852917,26.516666666666666,42.733333333333334,30.716666666666665,1.4116666666666664,23.9,40.8,35.4,1.5
Jaunpur Jalalpur Vanpurwa,VARANASI,25.598358,82.817138,25.95,43.43333333333333,30.616666666666667,1.4416666666666667,24.1,40.5,35.5,1.53
Jaunpur Jalalpur Vind,VARANASI,25.581071,82.845642,26.1,41.8,32.15,1.4649999999999999,22.8,39.7,37.5,1.55
Jaunpur Kerakat  Kharg Senpur,VARANASI,25.598953,82.873162,26.333333333333332,42.68333333333333,31.016666666666666,1.4133333333333333,24.3,39.5,36.2,1.51
Jaunpur Kerakat Mahali,VARANASI,25.579298,82.947359,26.883333333333333,43.45,29.666666666666668,1.45,24.4,40.7,34.9,1.52
Jaunpur Kerakat Nihalapur,VARANASI,25.58865,82.891742,26.033333333333335,43.2,30.733333333333334,1.4166666666666667,23.7,40.3,36.0,1.49
Jaunpur Rampur Kamaruddin,VARANASI,25.435949,82.712692,28.416666666666668,41.9,29.683333333333334,1.4716666666666667,25.3,39.8,34.9,1.56
Jaunpur Rampur Kathwatiya,VARANASI,25.441039,82.700215,29.166666666666668,43.0,27.833333333333332,1.4766666666666666,26.8,41.5,31.7,1.56
Jaunpur Kerakat Barbaspur (Sohani),VARANASI,25.598945,82.873246,26.333333333333332,42.68333333333333,31.016666666666666,1.4133333333333333,24.3,39.5,36.2,1.51
Jaunpur Rampur Sultanpur,VARANASI,25.461207,82.638461,29.366666666666667,42.43333333333333,28.216666666666665,1.4916666666666667,26.2,39.7,34.1,1.55
Jaurahi_1,BANDA,25.482499,80.438701,32.7,39.833333333333336,27.416666666666668,1.4416666666666667,29.9,40.2,29.8,1.5
"Jr. High School, Purwa Tarouha",CHITRAKOOT,25.2842,81.2466,34.05,37.3,28.566666666666666,1.4866666666666668,32.7,37.0,30.3,1.56
KOSHAK IMAM PRATHMIK VIDYALAYA,KAUSHAMBI,25.355687,81.389265,35.13333333333333,38.666666666666664,26.2,1.4866666666666666,32.1,37.4,30.5,1.56
Junior High School Sihiriya,JHANSI,25.244208,78.522504,41.36666666666667,33.166666666666664,25.466666666666665,1.4733333333333332,37.6,33.8,28.6,1.53
Kamhariya_1,HAMIRPUR,25.70844,80.03506,33.7,39.8,26.55,1.4333333333333333,31.6,41.8,26.7,1.51
Jaunpur Rampur Kaseru Nonara,VARANASI,25.476637,82.620935,29.483333333333334,43.45,27.116666666666667,1.475,26.4,41.4,32.2,1.55
Kandhari Kala,LALITPUR,25.18166,78.56607,41.96666666666667,33.3,24.716666666666665,1.4766666666666666,38.5,33.9,27.6,1.53
Khedki_1,BAGHPAT,29.038889,77.237337,39.5,35.583333333333336,24.883333333333333,1.4833333333333334,36.2,35.5,28.3,1.53
Khojapur,AZAMGARH,26.068889,83.238889,26.8,43.38333333333333,29.766666666666666,1.3733333333333335,24.1,40.4,35.5,1.48
Kukwa Khaas,BANDA,25.73427,80.40697157,34.2,41.31666666666667,24.516666666666666,1.4466666666666665,31.2,41.5,27.3,1.51
Khursropur,MUZAFFARNAGAR,29.513333,77.576389,34.983333333333334,37.06666666666667,27.95,1.4166666666666667,32.5,35.7,31.7,1.43
Kushinagar Captanganj Captanganj,GORAKHPUR,26.929571,83.722809,30.2,41.9,27.9,1.38,28.8,42.0,29.3,1.48
Kushinagar Captanganj Senduriya Vishunpur,GORAKHPUR,26.853547,83.570716,29.7,44.983333333333334,25.333333333333332,1.355,29.0,43.5,27.5,1.45
Kusarma,MAHOBA,25.474473,79.705984,34.95,41.233333333333334,23.816666666666666,1.4733333333333334,33.1,41.7,25.1,1.48
Kushinagar Dudhai Dudhai,GORAKHPUR,26.797767,84.156572,32.416666666666664,44.03333333333333,23.583333333333332,1.3866666666666667,30.8,42.8,26.4,1.41
Kushinagar Dudhai Gorariya,GORAKHPUR,26.842403,84.1513214,35.516666666666666,40.53333333333333,23.95,1.3883333333333332,33.5,39.0,27.5,1.41
Kushinagar Dudhai Lala Chhapra,GORAKHPUR,26.816625,84.087488,34.13333333333333,41.35,24.516666666666666,1.375,33.4,40.2,26.5,1.4
Kushinagar Fazilnagar  Belwakala,GORAKHPUR,26.641525,84.032483,32.13333333333333,39.65,28.216666666666665,1.4083333333333334,29.9,38.4,31.7,1.46
Kushinagar Khadda Basdila,GORAKHPUR,27.17613,83.885634,31.766666666666666,43.733333333333334,24.5,1.3966666666666667,32.1,40.8,27.1,1.46
Kushinagar Fazilnagar Jokwa Bujurg,GORAKHPUR,26.69364,84.013048,31.0,40.85,28.15,1.4149999999999998,29.2,40.3,30.5,1.46
Kushinagar Khadda Khadda,GORAKHPUR,26.863188,83.958825,31.133333333333333,42.833333333333336,26.033333333333335,1.4149999999999998,29.5,42.0,28.5,1.43
Kushinagar Fazilnagar Narayanpur Khoti,GORAKHPUR,26.585795,84.010243,32.53333333333333,34.483333333333334,32.983333333333334,1.4566666666666666,30.5,33.7,35.8,1.52
Kushinagar Motichak Mathauli Bazar,GORAKHPUR,26.857247,83.748407,30.166666666666668,42.18333333333333,27.65,1.38,29.2,42.5,28.3,1.46
Kushinagar Sewarhi  Rampur Bagra N0.2,GORAKHPUR,26.615684,84.3281556,33.9,38.4,27.7,1.3516666666666668,34.6,36.9,28.5,1.37
Kushinagar Motichak Motichak,GORAKHPUR,26.788696,83.716851,29.7,41.6,28.7,1.365,29.4,41.0,29.6,1.43
Kushinagar Sewarhi Sewarhi,GORAKHPUR,26.724761,84.216518,35.416666666666664,39.96666666666667,24.6,1.375,34.2,39.3,26.5,1.41
Kushinagar Tamkuhi Rajwatiya,GORAKHPUR,26.689937,84.115806,35.65,36.833333333333336,27.55,1.4016666666666666,32.2,36.4,31.4,1.42
Kushinagar Tamkuhi Tamkuhi,GORAKHPUR,26.88383,84.012076,32.733333333333334,40.75,26.483333333333334,1.3949999999999998,30.9,40.2,28.9,1.43
Lagdi Gullar Prathmik Vidyalaya,SHRAWASTI,27.596,81.7717,33.78333333333333,38.95,27.283333333333335,1.3916666666666666,32.7,37.3,30.1,1.44
MANDHATA PURV MADHYAMIK VIDYALAYA,PRATAPGARH,25.794536,81.88136,29.633333333333333,42.21666666666667,28.15,1.4,28.0,40.3,31.8,1.48
Madarpur_1,HAMIRPUR,25.64685518,80.1016,36.333333333333336,37.25,26.416666666666668,1.4533333333333334,32.8,37.2,30.0,1.51
"Madhyamik Vidhyalaya, Dulha Daul",MIRZAPUR,25.0510555,82.7976881,28.433333333333334,36.61666666666667,34.93333333333333,1.5433333333333334,29.8,37.0,33.2,1.59
Ladaka Purwa,BANDA,25.50235471,80.35637947,31.966666666666665,38.733333333333334,29.25,1.44,29.2,39.4,31.4,1.51
Maharajganj Dhani Nausagar,GORAKHPUR,27.170024,83.18968,29.05,42.3,28.6,1.4216666666666666,28.0,42.5,29.5,1.5
Luktra,BANDA,25.610073,80.320509,36.55,37.833333333333336,25.583333333333332,1.4333333333333333,34.3,37.5,28.2,1.51
Maharajganj Nautanwa Purniha,GORAKHPUR,27.37898,83.710192,30.35,44.083333333333336,25.533333333333335,1.4066666666666665,32.2,42.3,25.5,1.48
Maharajganj Mithaura Madanpura,GORAKHPUR,27.284935,83.691957,31.85,41.2,26.95,1.3883333333333332,31.5,41.6,26.8,1.41
Maharajganj Nichlaul Balaekhor,GORAKHPUR,27.23984,83.750953,31.6,41.06666666666667,27.333333333333332,1.4133333333333333,31.3,40.5,28.3,1.47
Maharajganj Nichlaul Garaura,GORAKHPUR,27.428224,83.448121,26.6,46.86666666666667,26.45,1.4116666666666664,25.0,47.5,27.5,1.47
Maharajganj Nautanwa Sampatiha,GORAKHPUR,27.349231,83.374206,22.983333333333334,47.75,29.2,1.403333333333333,22.7,47.3,30.0,1.46
Maharajganj Siswa Siswa,GORAKHPUR,27.141974,83.767362,29.833333333333332,41.53333333333333,28.633333333333333,1.3933333333333333,29.3,39.4,31.2,1.47
Mahgaon (UP-031),KAUSHAMBI,25.508611,81.6138994,31.533333333333335,44.03333333333333,24.4,1.4633333333333334,27.2,43.4,29.5,1.53
Mahoba Charkhari Kuaan,CHITRAKOOT,25.547944,79.880034,33.916666666666664,42.233333333333334,23.85,1.4483333333333335,31.8,43.5,24.7,1.49
Mahoba Charkhari Natara,CHITRAKOOT,25.463484,79.828343,35.166666666666664,40.6,24.183333333333334,1.4683333333333333,33.9,40.7,25.4,1.49
Mahoba Charkhari Padha,CHITRAKOOT,25.486655,79.879987,35.0,41.45,23.6,1.4733333333333334,33.7,42.3,24.0,1.49
Mahoba Kabrai Karaha,CHITRAKOOT,25.48727,80.086818,37.333333333333336,38.85,23.816666666666666,1.4533333333333334,34.5,39.4,26.1,1.49
Mahoba Jaitpur saguniyamaph,CHITRAKOOT,25.175313,79.466089,43.6,31.866666666666667,24.566666666666666,1.4433333333333331,41.2,31.7,27.1,1.5
Mahoba Panwari Didvara,CHITRAKOOT,25.381003,79.45285,39.4,34.65,25.95,1.4483333333333333,35.9,34.3,29.8,1.47
Maharajganj Mithaura Bhagatar,GORAKHPUR,27.219543,83.661949,30.233333333333334,40.983333333333334,28.75,1.3983333333333334,29.6,40.2,30.3,1.47
Mainpuri Karhal Naglamdari,AGRA,27.101155,78.986265,45.233333333333334,29.466666666666665,25.283333333333335,1.4083333333333334,42.1,28.9,29.1,1.48
Mainpuri Karhal Mohabbatpur,AGRA,26.961816,79.017749,38.03333333333333,36.53333333333333,25.516666666666666,1.3966666666666667,36.1,36.2,27.6,1.45
Mainpuri Karhal Takhrau,AGRA,28.994016,78.995099,34.71666666666667,37.21666666666667,28.05,1.3266666666666669,33.2,36.7,30.1,1.36
Mainpuri Karhal Timrakh,AGRA,27.069532,79.096808,43.7,33.733333333333334,22.583333333333332,1.4016666666666666,41.2,32.9,25.9,1.49
Mankuwar,CHITRAKOOT,25.24603172,81.41526157,33.0,35.516666666666666,31.483333333333334,1.5,32.1,34.4,33.4,1.56
Mandi Samiti-Muzaffar Nagar-Medium,MUZAFFARNAGAR,29.486809,77.686751,37.03333333333333,32.4,30.566666666666666,1.4116666666666664,34.0,31.2,34.8,1.41
Mathura Baldeo  Khanpur,AGRA,27.431282,77.785794,39.96666666666667,32.0,28.066666666666666,1.4433333333333331,37.2,30.9,31.9,1.51
Mathura Chhata Chandauri,AGRA,27.771346,77.50228,41.03333333333333,30.866666666666667,28.05,1.4349999999999998,39.6,32.1,28.3,1.53
Mathura Chhata Sher Nagar,AGRA,27.860366,77.534875,45.35,28.65,26.0,1.4433333333333331,44.2,29.7,26.1,1.5
Mathura Chaumuha Navagaon-11,AGRA,27.706068,77.605101,41.53333333333333,32.78333333333333,25.683333333333334,1.4583333333333333,38.6,33.3,28.1,1.48
Mathura Nandgaon Nandgaon Dehat,AGRA,27.716469,77.385499,41.55,31.15,27.25,1.4633333333333334,40.2,31.8,28.0,1.5
Mathura Nandgaon Vathainkala,AGRA,27.777899,77.38627,41.333333333333336,30.516666666666666,28.15,1.4716666666666667,39.0,30.9,30.1,1.51
Mathura Pharah Nagala Medhaki,AGRA,27.35226,77.72607,41.0,32.233333333333334,26.733333333333334,1.4283333333333335,39.1,31.2,29.6,1.49
Mathura Rayan Kharaba,AGRA,27.573159,77.793496,41.9,33.11666666666667,24.983333333333334,1.4533333333333334,38.6,32.0,29.3,1.51
Mathura Naujheel Badharra,AGRA,27.871051,77.687433,44.583333333333336,29.95,25.416666666666668,1.4466666666666665,41.1,29.7,29.2,1.48
Mahoba Kabrai Sisri Kala,CHITRAKOOT,25.464895,80.093568,39.31666666666667,35.4,25.366666666666667,1.4633333333333334,38.0,36.2,25.8,1.49
Meerut Sardhana Chhabariya,MEERUT,29.156717,77.577927,37.46666666666667,37.25,25.316666666666666,1.4316666666666669,34.5,35.4,30.1,1.44
Meerut Janikhurd Afjalpur Pavati,MEERUT,28.981737,77.610493,36.95,38.983333333333334,24.05,1.4266666666666665,34.6,36.8,28.6,1.46
Meerut Janikhurd Satvai,MEERUT,29.010587,77.545764,36.25,39.31666666666667,24.433333333333334,1.4416666666666667,33.7,36.4,29.9,1.45
"Nagar Palika Campus, Gyanpur",SANT RAVIDAS NAGAR,25.3332077,82.4683371,28.233333333333334,42.61666666666667,29.15,1.48,25.5,41.1,33.4,1.54
Murwa_1,BANDA,25.29273,80.40833,31.416666666666668,39.78333333333333,28.866666666666667,1.46,29.1,38.5,32.3,1.52
Narajit,BANDA,25.81312,80.29355,36.28333333333333,37.38333333333333,26.383333333333333,1.4316666666666669,33.8,38.3,27.9,1.51
Niwabhari Prathmik Vidyalaya,SHRAWASTI,27.7121,81.80311,36.13333333333333,39.05,24.866666666666667,1.3966666666666667,35.8,37.5,26.7,1.48
Navrasia,AZAMGARH,25.7725,83.186111,24.7,46.93333333333333,28.416666666666668,1.3866666666666667,22.5,44.9,32.7,1.5
"Office of the Development Officer, Dakore",JALAUN,25.875155,79.424354,38.53333333333333,34.85,26.616666666666667,1.4233333333333331,35.3,33.7,31.0,1.49
"Office of Assistant Director, Resham",SONBHADRA,24.70463,83.016432,25.516666666666666,31.383333333333333,43.1,1.6316666666666668,25.7,31.6,42.7,1.72
Naglakabu_1,MEERUT,28.897382,77.800233,35.11666666666667,40.86666666666667,24.033333333333335,1.41,31.3,38.0,30.6,1.44
P.S Engohata,HAMIRPUR,25.754925,80.11454,34.7,37.583333333333336,27.766666666666666,1.4516666666666667,32.2,38.7,29.1,1.49
PAHARPUR BARIGAWA PRATHMIK VIDYALAYA,FATEHPUR,25.961711,80.363301,29.316666666666666,44.8,25.883333333333333,1.3933333333333333,25.7,42.4,31.9,1.5
PRIMARY SCHOOL BAKAR GANJ,KAUSHAMBI,25.387514,81.305159,34.71666666666667,38.983333333333334,26.283333333333335,1.4316666666666664,31.7,36.9,31.3,1.51
PRIMARY SCHOOL RAMUGHAT,GORAKHPUR,26.89764,83.29065,28.966666666666665,40.53333333333333,30.45,1.365,28.8,40.1,31.1,1.49
Paderi,BANDA,25.80037425,80.44327684,34.083333333333336,40.55,25.416666666666668,1.4166666666666667,32.5,40.0,27.4,1.5
Pahara_2,CHITRAKOOT,25.228827,80.786165,38.25,32.3,29.45,1.4733333333333334,37.7,32.2,30.0,1.56
Palhari_1,BANDA,25.47025,80.364346,30.716666666666665,43.06666666666667,26.216666666666665,1.4466666666666665,27.1,41.7,31.2,1.52
Panchayat Bhawan  Suhel,CHITRAKOOT,25.325606,81.308109,32.86666666666667,41.28333333333333,25.85,1.4833333333333334,31.1,39.4,29.5,1.56
"Panchayat Bhawan , Jafarabad Nagla",BAGHPAT,29.0172,77.308,39.06666666666667,35.483333333333334,25.45,1.4666666666666666,36.7,36.4,26.8,1.53
Panchayat Bhawan Usmanpur,BUDAUN,28.121016,78.671116,38.96666666666667,35.06666666666667,25.966666666666665,1.3316666666666668,37.4,34.9,27.8,1.46
"Panchayat Bhawan, Dohri",MIRZAPUR,25.1685239,83.1094358,26.183333333333334,36.96666666666667,36.85,1.4516666666666667,26.5,35.6,38.0,1.49
Panchayat Bhawan Kuda Nar Singhpur,BUDAUN,28.005664,78.98789,37.18333333333333,40.7,22.166666666666668,1.3633333333333333,33.9,38.7,27.5,1.48
"Panchayat Bhawan, Kul Doomri",SONBHADRA,24.2102896,82.8047791,17.966666666666665,46.0,36.03333333333333,1.6466666666666667,17.5,41.3,41.2,1.75
Patanpur_1,HAMIRPUR,25.755958,80.054172,36.0,36.233333333333334,27.766666666666666,1.4433333333333331,33.4,37.1,29.5,1.49
"Panchayat Bhwan, Kon",SONBHADRA,24.3397623,83.3637455,19.733333333333334,41.63333333333333,38.63333333333333,1.5733333333333335,19.1,34.7,46.3,1.66
Pathrodi,CHITRAKOOT,25.21556,80.83345,38.65,35.483333333333334,25.866666666666667,1.4766666666666666,37.1,36.1,26.8,1.56
Piparaond,CHITRAKOOT,25.279,81.303,33.083333333333336,38.916666666666664,28.016666666666666,1.4633333333333334,29.8,37.1,33.1,1.54
Perthivipur Nayakh,JHANSI,25.204661,78.49704,38.583333333333336,30.383333333333333,30.983333333333334,1.4733333333333332,36.4,31.9,31.7,1.53
Pipraundha,HAMIRPUR,25.72944441,80.06851122,33.35,39.03333333333333,27.566666666666666,1.4416666666666667,31.4,40.6,28.1,1.51
"Prathmik Vidhyala, Riawali Nagla",MUZAFFARNAGAR,29.246667,77.527235,37.31666666666667,38.083333333333336,24.566666666666666,1.4366666666666665,34.3,35.3,30.4,1.49
Poorv Madhamik Vidhyalaya Kaseti,ETAH,27.583061,78.649359,47.016666666666666,30.466666666666665,22.516666666666666,1.44,43.7,30.2,26.0,1.53
Prathmik Vidhyalaya Barha,JALAUN,26.104594,79.108455,37.56666666666667,38.25,24.15,1.4233333333333333,33.9,36.9,29.2,1.49
Prathmik Vidhyalaya Mahugarh,MIRZAPUR,24.838229,82.263095,36.38333333333333,29.1,34.483333333333334,1.6283333333333332,35.6,27.4,37.0,1.65
Prathmik Vidhyalaya Bant,LALITPUR,24.495771,78.370748,28.2,40.38333333333333,31.416666666666668,1.5650000000000002,26.3,40.0,33.7,1.69
Prathmik Vidhyalaya Pahalgaon,JHANSI,25.543517,78.636492,41.65,33.06666666666667,25.333333333333332,1.4716666666666667,38.8,32.8,28.3,1.52
Prathmik Vidhyalaya Manohari,JALAUN,25.990895,79.252945,36.05,36.38333333333333,27.566666666666666,1.41,33.0,35.6,31.4,1.49
Prathmik Vidhyalaya Takuli (Durahi Maafi),BANDA,25.367995,80.523181,34.56666666666667,37.71666666666667,27.733333333333334,1.4616666666666667,31.1,36.0,32.9,1.52
Prathmik Vidhyalaya Sirasiya Pawar,DEORIA,26.365128,84.155879,34.5,36.25,29.25,1.3733333333333335,33.0,35.4,31.7,1.38
Prathmik Vidhyalaya Pipra Sarvan,DEORIA,26.219622,83.901575,29.566666666666666,43.15,27.283333333333335,1.405,27.5,41.0,31.6,1.49
"Prathmik Vidhyalaya, AhmadShahPur Padra",BAGHPAT,28.983832,77.301215,39.266666666666666,35.0,25.733333333333334,1.4783333333333333,35.7,35.3,29.0,1.52
"Prathmik Vidhyalaya, Bichpari Kamali",BAGHPAT,29.018045,77.297872,39.68333333333333,35.2,25.116666666666667,1.4633333333333334,37.5,34.3,28.2,1.51
"Prathmik Vidhyalaya, Biharipur",BAGHPAT,29.041019,77.21419,40.083333333333336,34.96666666666667,24.883333333333333,1.4833333333333334,37.0,34.7,28.3,1.56
"Prathmik Vidhyalaya, Didhora  Sadullapur",BAGHPAT,29.032115,77.296782,38.68333333333333,36.983333333333334,24.333333333333332,1.465,36.4,35.8,27.8,1.51
"Prathmik Vidhyalaya, Gwalikhera",BAGHPAT,29.015218,77.340526,38.05,37.733333333333334,24.183333333333334,1.4583333333333333,35.6,35.6,28.8,1.5
"Prathmik Vidhyalaya, Doula",BAGHPAT,28.95697,77.336225,36.6,37.666666666666664,25.733333333333334,1.4833333333333334,35.3,36.1,28.6,1.51
"Prathmik Vidhyalaya, Katiliaha",FATEHPUR,25.947553,80.538464,33.4,43.85,22.75,1.403333333333333,29.9,42.7,27.4,1.5
"Prathmik Vidhyalaya, Khera Islampur",BAGHPAT,29.04786,77.24112,39.81666666666667,35.8,24.35,1.4616666666666667,36.8,34.9,28.3,1.51
"Prathmik Vidhyalaya, Khampur",BAGHPAT,29.060907,77.189343,37.06666666666667,39.31666666666667,23.616666666666667,1.4683333333333333,34.3,37.9,27.8,1.53
"Prathmik Vidhyalaya, Makarndpur",FATEHPUR,25.971392,80.327558,31.033333333333335,43.18333333333333,25.733333333333334,1.3816666666666668,27.1,41.4,31.4,1.5
"Prathmik Vidhyalaya, Medpur",MEERUT,28.969047,77.80315,36.03333333333333,39.3,24.666666666666668,1.403333333333333,32.2,36.1,31.7,1.46
"Prathmik Vidhyalaya, Nehlawa",SIDDHARTHNAGAR,27.220485,82.895274,30.2,42.38333333333333,27.4,1.3900000000000001,29.0,41.8,29.2,1.48
"Prathmik Vidhyalaya, Ramnagar",BAGHPAT,29.021858,77.382751,39.666666666666664,36.916666666666664,23.45,1.4516666666666667,37.0,34.1,28.9,1.49
"Prathmik Vidhyalaya, Phaprana",GHAZIABAD,28.833155,77.553142,38.416666666666664,38.7,22.95,1.4233333333333331,34.6,36.9,28.5,1.48
"Prathmik Vidhyalaya, Sikhera_1",BAGHPAT,28.918155,77.368565,39.733333333333334,35.75,24.5,1.4616666666666667,36.9,35.3,27.9,1.51
"Prathmik Vidhyalaya, Taizullahpur",BAGHPAT,29.02142,77.204972,39.78333333333333,36.266666666666666,23.95,1.4633333333333334,36.2,35.5,28.3,1.51
"Prathmik Vidhyalaya, Thavai",FATEHPUR,25.858831,80.592363,30.883333333333333,47.016666666666666,22.116666666666667,1.3883333333333332,29.0,46.1,24.9,1.5
"Prathmik Vidhyalaya, Shahjahanpur_1",GHAZIABAD,28.839868,77.620735,38.016666666666666,37.65,24.366666666666667,1.4233333333333331,35.2,36.9,28.0,1.48
"Pratmik Vidhyalaya, Kakaruwa",LALITPUR,24.469372,78.630085,24.25,41.416666666666664,34.28333333333333,1.6216666666666668,23.1,40.6,36.2,1.68
Priamry School Mukasim,SONBHADRA,24.770778,82.926456,20.35,37.95,41.666666666666664,1.6766666666666665,19.1,36.4,44.5,1.75
"Primary  School, Nawada Kalan",SANT RAVIDAS NAGAR,25.4286191,82.5155066,30.416666666666668,41.95,27.683333333333334,1.475,28.4,40.9,30.7,1.53
"Primary / Composite School, Banwaripur",BAGHPAT,29.055191,77.522527,37.45,38.53333333333333,24.016666666666666,1.4366666666666668,33.9,36.7,29.4,1.44
"Primary / Composite School, Jainpur",BAGHPAT,29.130855,77.514345,36.71666666666667,37.233333333333334,26.066666666666666,1.403333333333333,33.9,36.1,29.9,1.46
"Primary / Composite School, Chiraudi",MEERUT,29.150527,77.679529,36.55,37.666666666666664,25.783333333333335,1.3916666666666666,33.3,36.2,30.5,1.44
"Primary / Composite School, Mahalaka",MEERUT,29.151556,77.777042,32.68333333333333,42.28333333333333,25.033333333333335,1.3816666666666668,30.0,40.8,29.3,1.41
"Primary / Composite School, Jasad",BAGHPAT,29.143684,77.520926,37.28333333333333,36.46666666666667,26.216666666666665,1.4116666666666664,34.5,35.3,30.2,1.46
"Primary / Composite School, Pepala",BAGHPAT,28.991386,77.614937,36.766666666666666,38.9,24.35,1.4383333333333332,34.2,36.8,29.1,1.47
Primary School  Bihasara,MIRZAPUR,25.14932,82.344415,29.883333333333333,37.95,32.13333333333333,1.4583333333333333,28.4,36.2,35.3,1.56
"Primary / Composite School, Mohaddinpur",BAGHPAT,28.888823,77.618969,38.36666666666667,37.31666666666667,24.35,1.4683333333333333,35.3,35.8,28.9,1.5
Primary School  Biraura,MIRZAPUR,25.215747,82.449342,29.066666666666666,40.266666666666666,30.716666666666665,1.3483333333333334,27.9,40.0,32.1,1.45
Primary School  Maharaji,GORAKHPUR,26.769306,83.467169,29.233333333333334,45.6,25.166666666666668,1.403333333333333,27.1,42.3,30.7,1.51
Primary School Ashadh,VARANASI,25.257645,82.783523,28.966666666666665,40.266666666666666,30.766666666666666,1.4566666666666668,26.6,38.6,34.8,1.53
Primary School Babura,MIRZAPUR,25.2154433,82.4476865,28.933333333333334,40.06666666666667,31.0,1.5066666666666668,27.5,39.7,32.8,1.57
Primary School Bargdhi,GORAKHPUR,26.873247,83.465318,29.683333333333334,40.9,29.416666666666668,1.3683333333333332,29.3,39.6,31.1,1.42
Primary School Bilona,FATEHPUR,25.950892,80.585982,29.333333333333332,45.5,25.15,1.4199999999999997,26.8,43.4,29.8,1.5
Primary School Campus Aurangabad,AZAMGARH,25.918269,82.842979,28.316666666666666,38.81666666666667,32.88333333333333,1.3766666666666667,26.9,37.1,36.0,1.44
Primary School Baijnathpur,GORAKHPUR,26.849192,83.36995,31.316666666666666,40.53333333333333,28.2,1.3983333333333334,29.1,38.2,32.7,1.48
Primary School Bhata Diha,GORAKHPUR,26.461038,83.192317,30.533333333333335,43.36666666666667,26.2,1.3616666666666668,27.4,40.7,32.0,1.46
Primary School Campus Powai,AZAMGARH,26.17301,82.724903,26.35,45.78333333333333,27.9,1.3616666666666668,24.2,43.6,32.3,1.42
Primary School Campus Sikraura,AZAMGARH,25.749317,82.96128,23.366666666666667,44.233333333333334,32.45,1.4200000000000002,21.8,42.9,35.3,1.5
Primary School Charkonwa,SONBHADRA,24.70805,83.285343,21.4,35.11666666666667,43.5,1.6166666666666667,20.2,33.8,46.0,1.67
Primary School Chobla,MEERUT,28.990055,77.525258,38.13333333333333,37.68333333333333,24.2,1.4383333333333332,35.2,35.2,29.6,1.45
Primary School Cholahe,SHRAWASTI,27.785702,82.021451,36.68333333333333,42.3,20.966666666666665,1.3866666666666667,36.3,43.0,20.7,1.44
Primary School Didhai,SIDDHARTHNAGAR,27.07485,82.836878,31.0,41.43333333333333,27.516666666666666,1.3583333333333334,29.4,40.1,30.4,1.46
Primary School Dohriya,GORAKHPUR,26.790972,83.276767,30.55,40.833333333333336,28.616666666666667,1.3933333333333333,28.3,38.4,33.3,1.47
Primary School English Medium Qutubpur Labdauna,SAHARANPUR,29.863856,77.582519,37.05,35.266666666666666,27.683333333333334,1.3816666666666668,36.0,35.1,28.9,1.43
Primary School Gudha,LALITPUR,24.576391,78.83249,27.1,39.88333333333333,33.016666666666666,1.6216666666666666,24.3,38.6,37.1,1.69
Primary School Harivanshpur,SIDDHARTHNAGAR,27.354405,83.262064,25.933333333333334,45.6,28.466666666666665,1.4083333333333334,25.6,46.4,28.0,1.47
Primary School Harinahpur,MIRZAPUR,25.144713,82.617596,29.6,33.266666666666666,37.13333333333333,1.495,28.1,32.8,39.1,1.56
Primary School Jagdishpur Pratham,GORAKHPUR,26.908421,83.369819,29.366666666666667,41.266666666666666,29.316666666666666,1.35,29.7,40.2,30.1,1.45
Primary School Jainpur,GORAKHPUR,26.901924,83.431349,29.483333333333334,41.63333333333333,28.883333333333333,1.3283333333333334,29.8,41.0,29.2,1.44
Primary School Jagannathpur,BAREILLY,28.391064,79.106635,36.75,37.15,26.133333333333333,1.3416666666666666,33.9,37.1,29.0,1.45
Primary School Chandrapur Bichpuri,BAREILLY,28.375688,79.469907,36.083333333333336,39.96666666666667,23.95,1.345,31.6,38.5,30.0,1.41
Primary School Jairampur,JALAUN,26.073342,79.736915,36.18333333333333,36.233333333333334,27.583333333333332,1.3883333333333332,32.4,35.5,32.2,1.52
Primary School Jamunia,MIRZAPUR,25.051105,82.429218,33.15,33.95,32.93333333333333,1.4883333333333333,32.9,33.1,33.9,1.58
Primary School Jatmujheda,MUZAFFARNAGAR,29.467576,77.812204,35.916666666666664,36.1,27.983333333333334,1.3800000000000001,34.9,34.5,30.6,1.4
Primary School Karwal,GORAKHPUR,26.4079892,83.4524448,29.95,43.05,27.05,1.3733333333333335,27.6,40.2,32.2,1.5
Primary School Keshawpur Pratham,GORAKHPUR,26.762616,83.247742,32.36666666666667,40.65,26.983333333333334,1.34,29.7,37.7,32.6,1.41
Primary School Kucharam,CHITRAKOOT,25.355584,80.937801,39.55,36.36666666666667,24.066666666666666,1.4683333333333333,36.3,36.6,27.1,1.54
Primary School Kurdi,BAGHPAT,29.242923,77.158297,40.1,36.333333333333336,23.583333333333332,1.4816666666666667,35.2,34.3,30.5,1.53
Primary School Masuri,GHAZIABAD,28.689048,77.546232,39.983333333333334,36.333333333333336,23.683333333333334,1.4533333333333331,37.0,36.2,26.7,1.48
Primary School Madari,FATEHPUR,26.001147,80.32093,28.75,45.46666666666667,25.783333333333335,1.3633333333333333,25.0,42.9,32.1,1.5
Primary School Mohammadpur Gurjar,SAHARANPUR,29.713612,77.301148,36.766666666666666,35.88333333333333,27.366666666666667,1.4316666666666664,35.7,35.1,29.2,1.44
Primary School Mainhe hardo,SIDDHARTHNAGAR,27.169413,82.741091,31.783333333333335,42.4,25.816666666666666,1.3583333333333334,30.3,41.5,28.2,1.43
"Primary School No.1, Bitaoda",MUZAFFARNAGAR,29.249461,77.462947,36.71666666666667,39.083333333333336,24.183333333333334,1.4416666666666667,32.1,38.3,29.6,1.46
Primary School Nandapur,FATEHPUR,26.046211,80.522639,30.283333333333335,42.75,26.933333333333334,1.3766666666666665,28.0,40.4,31.6,1.49
Primary School Odaraha,VARANASI,26.375212,82.747088,27.05,46.75,26.15,1.3716666666666666,24.6,43.6,31.8,1.42
Primary School No. 1 Barawad,BAGHPAT,29.075979,77.326252,39.78333333333333,35.11666666666667,25.1,1.4666666666666666,36.7,33.8,29.5,1.52
Primary School Radnool Azizpur,BUDAUN,28.175687,78.640889,37.9,39.63333333333333,22.483333333333334,1.3616666666666668,34.8,36.7,28.5,1.46
Primary School Pahara,ETAH,27.54868,79.129681,41.81666666666667,36.15,21.983333333333334,1.3783333333333334,38.7,34.1,27.2,1.47
"Primary School Sahjanwa , Pratham Pipra",GORAKHPUR,26.751279,83.208295,31.216666666666665,43.18333333333333,25.6,1.3633333333333333,28.6,41.4,30.0,1.46
Primary School Sahori,ETAH,27.594107,79.006204,39.46666666666667,35.38333333333333,25.133333333333333,1.3816666666666668,36.4,35.4,28.2,1.5
Primary School Salawa,MEERUT,29.227554,77.661928,36.833333333333336,39.45,23.716666666666665,1.4416666666666667,33.0,37.6,29.5,1.45
Primary School Sanda-Sanee,BANDA,25.501033,80.878924,33.333333333333336,40.46666666666667,26.166666666666668,1.46,32.1,39.0,28.9,1.5
Primary School Shekhpuri,MEERUT,28.997029,77.591019,36.95,39.95,23.083333333333332,1.4466666666666665,34.7,36.9,28.5,1.44
Primary School Sonda,GHAZIABAD,28.838694,77.523594,39.516666666666666,37.3,23.133333333333333,1.4383333333333332,35.5,35.7,28.8,1.49
Primary School Rathoda,BAGHPAT,29.206348,77.211355,37.18333333333333,37.516666666666666,25.35,1.4516666666666667,34.6,36.6,28.8,1.48
Primary School Vamanpura,BUDAUN,27.849259,79.32002,39.63333333333333,38.166666666666664,22.2,1.335,36.8,36.4,26.8,1.44
Primary School chandsina,MUZAFFARNAGAR,29.290644,77.666145,33.333333333333336,41.55,25.15,1.4083333333333334,28.6,39.0,32.4,1.46
Primary School kakrehwa,SIDDHARTHNAGAR,27.409922,83.214324,25.716666666666665,47.266666666666666,27.016666666666666,1.41,25.6,48.8,25.6,1.5
"Primary School,  Todarpur",VARANASI,25.2604258,82.8635575,28.366666666666667,41.5,30.133333333333333,1.4866666666666668,26.6,39.6,33.8,1.57
"Primary School, Asara Bighawati",BAGHPAT,29.245882,77.315409,38.25,38.95,22.783333333333335,1.4566666666666668,34.5,36.6,28.9,1.51
"Primary School, Anrabali",MEERUT,29.022015,77.608379,37.733333333333334,38.35,23.883333333333333,1.4233333333333331,35.3,35.6,29.2,1.45
"Primary School, Baghpokhar",SONBHADRA,24.7949281,82.839969,24.066666666666666,33.3,42.63333333333333,1.6366666666666665,24.6,33.0,42.4,1.71
"Primary School, Bamhauri",JHANSI,25.327954,79.22213,42.766666666666666,32.9,24.333333333333332,1.4633333333333334,40.5,33.0,26.4,1.5
"Primary School, Badagaon bharati form",JHANSI,25.52784,78.573978,39.983333333333334,30.283333333333335,29.783333333333335,1.4533333333333331,38.0,30.7,31.3,1.54
"Primary School, Bartha Lala",DEORIA,26.2619457,83.8599194,30.633333333333333,39.333333333333336,30.033333333333335,1.3666666666666667,28.4,38.0,33.5,1.47
"Primary School, Basti",JALAUN,26.056467,79.183745,35.1,38.483333333333334,26.466666666666665,1.4083333333333334,32.3,37.0,30.7,1.48
"Primary School, Belatal",MAHOBA,25.276829,79.551523,42.81666666666667,33.55,23.6,1.4583333333333333,40.4,33.3,26.3,1.5
"Primary School, Belaukh",SIDDHARTHNAGAR,27.0728875,82.9882,33.5,37.31666666666667,29.166666666666668,1.3783333333333334,31.6,37.5,30.9,1.49
"Primary School, Bgra khisani bujurg",JHANSI,25.277158,78.832417,43.56666666666667,34.11666666666667,22.333333333333332,1.4616666666666667,40.1,35.0,24.9,1.53
"Primary School, Bamhoori Khurd",MAHOBA,25.317413,79.679107,41.416666666666664,36.166666666666664,22.416666666666668,1.4616666666666667,39.0,37.1,23.8,1.52
"Primary School, Bandpur",BAGHPAT,28.901758,77.266898,41.78333333333333,33.96666666666667,24.266666666666666,1.4716666666666667,38.2,35.3,26.4,1.52
"Primary School, Bhadauda",MEERUT,29.040462,77.513905,36.06666666666667,40.96666666666667,22.983333333333334,1.4516666666666667,32.8,38.2,29.0,1.44
"Primary School, Bhagwanpur",BAGHPAT,29.183441,77.339036,41.0,35.333333333333336,23.666666666666668,1.4366666666666668,38.1,33.4,28.6,1.47
"Primary School, Bhalsona",MEERUT,29.14366,77.520861,37.28333333333333,36.46666666666667,26.216666666666665,1.4116666666666664,34.5,35.3,30.2,1.46
"Primary School, Bilata",LALITPUR,24.784226,78.706471,33.86666666666667,38.416666666666664,27.716666666666665,1.5233333333333332,30.6,37.2,32.2,1.57
"Primary School, Bhartpura",LALITPUR,24.767445,78.303356,30.283333333333335,37.766666666666666,31.983333333333334,1.5383333333333333,28.0,37.8,34.2,1.59
"Primary School, Bodha",BAGHPAT,29.284083,77.166521,39.95,35.96666666666667,24.083333333333332,1.4566666666666668,36.8,35.4,27.8,1.52
"Primary School, Bohra",JALAUN,26.260482,79.253268,37.766666666666666,37.46666666666667,24.733333333333334,1.3816666666666668,33.9,36.2,30.0,1.48
"Primary School, Brahmpur",GORAKHPUR,26.5810775,83.5814486,26.75,45.93333333333333,27.316666666666666,1.3316666666666668,25.1,42.7,32.2,1.41
"Primary School, Chariya Bujrag",DEORIA,26.638454,83.7077951,27.166666666666668,44.65,28.216666666666665,1.3566666666666667,26.9,43.4,29.7,1.45
"Primary School, Chiplatha",JHANSI,25.354984,78.764937,43.6,30.666666666666668,25.716666666666665,1.4783333333333333,40.8,31.6,27.6,1.53
"Primary School, Dewari",JALAUN,26.105777,79.289254,36.983333333333334,36.25,26.766666666666666,1.385,33.7,34.7,31.6,1.47
"Primary School, Dera Devra bujurg",JHANSI,25.744136,79.156663,38.65,30.416666666666668,30.933333333333334,1.41,36.9,30.0,33.1,1.49
"Primary School, Dagarpur Tigadi",BAGHPAT,28.811386,77.322459,39.416666666666664,35.733333333333334,24.866666666666667,1.4683333333333333,36.7,36.4,26.9,1.53
"Primary School, Dhankharpur",SIDDHARTHNAGAR,27.159064,82.579381,33.28333333333333,40.833333333333336,25.883333333333333,1.3766666666666667,31.0,40.4,28.7,1.46
"Primary School, Dhanaura",JHANSI,25.726924,79.289829,37.2,33.266666666666666,29.55,1.4383333333333332,36.8,33.8,29.4,1.49
"Primary School, Dhanaura Tikari",BAGHPAT,29.217309,77.451665,40.45,35.166666666666664,24.433333333333334,1.4066666666666665,36.8,33.8,29.4,1.43
"Primary School, Evani",JHANSI,25.43777,79.229519,41.483333333333334,33.4,25.1,1.4483333333333333,38.4,34.5,27.1,1.5
"Primary School, Gaidaira",LALITPUR,24.877889,78.607136,35.266666666666666,36.0,28.766666666666666,1.475,31.7,35.6,32.7,1.53
"Primary School, Garher",JALAUN,26.017751,79.382879,36.083333333333336,39.416666666666664,24.5,1.4016666666666666,32.3,39.0,28.7,1.48
"Primary School, Gauripur Javahar Nagar",BAGHPAT,28.991657,77.222013,40.36666666666667,34.21666666666667,25.383333333333333,1.4533333333333331,37.6,33.7,28.8,1.51
"Primary School, Gotaka",MEERUT,29.158535,77.518594,38.2,36.53333333333333,25.25,1.4116666666666664,35.4,36.2,28.4,1.49
"Primary School, Gursarai tahrauli tahshil",JHANSI,25.533412,78.986807,45.95,29.15,24.85,1.4366666666666665,43.7,30.1,26.2,1.5
"Primary School, Jhaaro Kalan",SONBHADRA,24.1816022,83.1503771,18.533333333333335,41.583333333333336,39.88333333333333,1.6666666666666667,17.0,35.5,47.5,1.75
"Primary School, Jogehthi",MEERUT,29.047064,77.642502,36.78333333333333,40.13333333333333,23.116666666666667,1.4516666666666667,33.4,37.9,28.7,1.47
"Primary School, Jogiya Khera",MUZAFFARNAGAR,29.294358,77.382058,36.55,39.333333333333336,24.116666666666667,1.4566666666666668,33.0,36.5,30.5,1.46
"Primary School, Johadi",BAGHPAT,29.103029,77.340707,39.56666666666667,36.1,24.333333333333332,1.44,35.9,34.5,29.6,1.5
"Primary School, Kakadipur",BAGHPAT,29.253637,77.280787,40.78333333333333,35.63333333333333,23.616666666666667,1.4483333333333333,37.9,33.9,28.2,1.47
"Primary School, Kakaurkala",BAGHPAT,29.173352,77.15018,39.9,35.333333333333336,24.75,1.4533333333333331,37.3,34.3,28.4,1.51
"Primary School, Kalan Bar Devran",LALITPUR,24.818359,78.50096,27.9,41.65,30.5,1.4683333333333333,24.3,40.6,35.0,1.53
"Primary School, Dhikana",BAGHPAT,29.08345,77.218858,39.35,35.266666666666666,25.383333333333333,1.4666666666666666,36.9,34.5,28.6,1.51
"Primary School, Kailgwan",LALITPUR,24.841849,78.760632,30.166666666666668,40.75,29.083333333333332,1.4683333333333333,27.2,40.2,32.6,1.52
"Primary School, Kalani Khurad",GORAKHPUR,26.690605,83.347525,29.333333333333332,42.35,28.316666666666666,1.3933333333333333,27.3,39.9,32.8,1.48
"Primary School, Kantit",MIRZAPUR,25.146835,82.5072723,26.066666666666666,35.4,38.53333333333333,1.525,25.8,36.2,38.0,1.57
"Primary School, Kevtam",SONBHADRA,24.6300111,83.340011,20.883333333333333,35.11666666666667,44.0,1.6216666666666666,21.9,35.7,42.4,1.72
"Primary School, Khiriya",JHANSI,25.683912,78.9886,42.11666666666667,33.05,24.883333333333333,1.4083333333333334,40.8,32.1,27.1,1.47
"Primary School, Karasdev Mandir",LALITPUR,25.133382,78.556367,37.45,32.1,30.4,1.4733333333333332,35.7,33.9,30.4,1.53
"Primary School, Khandeura",BANDA,25.100075,80.576999,38.31666666666667,37.983333333333334,23.7,1.495,35.3,38.7,25.9,1.56
"Primary School, Khujurahokhurd",JHANSI,26.017751,79.382879,36.083333333333336,39.416666666666664,24.5,1.4016666666666666,32.3,39.0,28.7,1.48
"Primary School, Koilar",VARANASI,25.4097142,82.723222,32.166666666666664,36.68333333333333,31.15,1.5100000000000002,29.3,36.1,34.6,1.6
"Primary School, Kodai",VARANASI,25.4061837,82.7441688,30.6,40.86666666666667,28.533333333333335,1.4716666666666667,28.3,38.9,32.8,1.58
"Primary School, Kritikhand",FATEHPUR,25.857666,80.580818,30.366666666666667,47.35,22.266666666666666,1.3649999999999998,28.2,47.0,24.8,1.48
"Primary School, Leharthkurpura",JHANSI,25.242715,78.54858,42.166666666666664,33.733333333333334,24.116666666666667,1.4866666666666668,38.2,34.4,27.4,1.51
"Primary School, Manupura",LALITPUR,24.839105,78.5107,34.06666666666667,35.85,30.083333333333332,1.4833333333333334,30.8,35.3,34.0,1.54
"Primary School, Marry",JHANSI,25.476462,78.602875,43.78333333333333,30.45,25.766666666666666,1.4783333333333333,40.5,30.8,28.7,1.54
"Primary School, Masaurakhurd",LALITPUR,24.652554,78.451204,28.1,40.7,31.15,1.6033333333333333,25.5,40.8,33.7,1.66
"Primary School, Motiyari, Mahuaa, Banda_1",BANDA,25.190927,80.504354,34.63333333333333,35.25,30.166666666666668,1.47,32.0,33.3,34.7,1.56
"Primary School, Narokhar",SONBHADRA,24.6313441,83.1693236,20.433333333333334,38.35,41.13333333333333,1.6366666666666667,19.5,36.5,44.0,1.68
"Primary School, Mithabel",GORAKHPUR,26.554835,83.588628,29.816666666666666,44.483333333333334,25.683333333333334,1.3483333333333334,27.3,40.1,32.7,1.46
"Primary School, Narouiya Daamar",SONBHADRA,24.3269571,83.370573,20.7,38.2,41.05,1.5883333333333336,19.3,32.8,47.9,1.68
"Primary School, Nota",JHANSI,25.472743,78.951012,44.833333333333336,30.316666666666666,24.8,1.4449999999999998,43.9,31.2,24.9,1.51
"Primary School, Padra",JHANSI,25.181223,78.887911,41.93333333333333,34.1,23.966666666666665,1.4866666666666668,39.7,34.5,25.8,1.54
"Primary School, Pakarhut",SONBHADRA,24.7199225,83.2871358,24.15,31.666666666666668,44.25,1.6316666666666668,24.4,30.8,44.8,1.69
"Primary School, Pachar",JHANSI,25.557226,78.746914,41.43333333333333,33.9,24.733333333333334,1.4583333333333333,38.4,33.5,28.1,1.51
"Primary School, Paraon",LALITPUR,24.937571,78.577925,35.333333333333336,37.166666666666664,27.55,1.475,31.6,37.5,30.9,1.53
"Primary School, Pashu palan Vibhag Masuri",MEERUT,29.069387,77.824426,34.38333333333333,41.46666666666667,24.2,1.3933333333333333,30.8,40.0,29.2,1.43
"Primary School, Purakalan, Talbehat, Lalitpur_1",LALITPUR,25.05684,78.612092,33.28333333333333,37.833333333333336,28.883333333333333,1.4683333333333333,30.8,38.0,31.2,1.51
"Primary School, R.K.Inter college",BAGHPAT,29.148995,77.168007,37.21666666666667,38.916666666666664,23.816666666666666,1.4533333333333331,35.5,37.7,26.9,1.51
"Primary School, Pali",MEERUT,29.121439,77.98385,34.06666666666667,39.85,26.116666666666667,1.3533333333333333,31.3,39.6,29.0,1.38
"Primary School, Safpuram Chandpur",MEERUT,29.131818,77.986433,34.083333333333336,39.05,26.866666666666667,1.3616666666666668,31.8,37.9,30.3,1.36
"Primary School, Radhana",MEERUT,28.909146,77.941918,34.9,40.4,24.633333333333333,1.3916666666666666,30.9,39.5,29.6,1.42
"Primary School, Salhepur",FATEHPUR,25.968726,80.375526,29.65,45.083333333333336,25.233333333333334,1.4166666666666667,25.8,43.4,30.7,1.51
"Primary School, Salarpur Jalalpur",MEERUT,29.010694,77.78043,38.56666666666667,37.31666666666667,24.116666666666667,1.4016666666666666,35.8,36.2,28.0,1.45
"Primary School, Sangholi taga",BAGHPAT,28.83171,78.380654,38.05,34.7,27.333333333333332,1.3883333333333332,34.8,33.7,31.5,1.42
"Primary School, Sanori",LALITPUR,25.044874,78.510011,34.71666666666667,37.65,27.633333333333333,1.485,32.1,38.4,29.5,1.53
"Primary School, Saina",HAMIRPUR,25.624833,79.539118,39.983333333333334,33.916666666666664,26.1,1.4583333333333333,37.1,34.1,28.9,1.5
"Primary School, Sarwa",JHANSI,25.305553,78.436288,37.233333333333334,33.15,29.666666666666668,1.4733333333333334,33.9,34.1,32.0,1.53
"Primary School, Silana",BAGHPAT,29.192123,77.220546,39.8,34.916666666666664,25.25,1.4716666666666667,37.5,34.5,28.0,1.51
"Primary School, Sindhan Kalan",BANDA,25.776833,80.444739,34.916666666666664,41.2,23.9,1.4083333333333334,32.2,41.1,26.7,1.51
"Primary School, Sirasi",SONBHADRA,24.6577646,83.2965612,19.916666666666668,38.56666666666667,41.56666666666667,1.6283333333333334,19.7,38.0,42.3,1.68
"Primary School, Sultanpur_1",MUZAFFARNAGAR,29.323405,77.506124,37.3,38.016666666666666,24.683333333333334,1.4183333333333332,33.8,36.4,29.7,1.45
"Primary School, Surikalan",LALITPUR,24.770929,78.684209,33.55,38.05,28.383333333333333,1.51,30.4,37.3,32.3,1.55
"Primary School, Shekhar",JHANSI,25.182275,78.497391,43.166666666666664,31.0,25.833333333333332,1.4633333333333334,39.3,31.3,29.4,1.52
"Primary School, Tewalagarhi",BAGHPAT,29.202959,77.454399,40.05,36.016666666666666,23.866666666666667,1.3933333333333333,36.8,35.3,27.9,1.45
"Primary School, Shivpur",MIRZAPUR,25.074478,82.867906,30.95,30.516666666666666,38.53333333333333,1.54,33.7,31.8,34.6,1.62
"Primary School, Tilaura",SIDDHARTHNAGAR,27.1813917,82.87247,31.3,41.75,26.933333333333334,1.4,30.2,41.5,28.4,1.46
"Primary School, Vansha Gram Panchayt",LALITPUR,24.627583,78.357904,27.566666666666666,40.083333333333336,32.3,1.6183333333333332,24.7,38.9,36.4,1.68
"Primary School/ Composite, Alampur",SAHARANPUR,29.77928,77.219398,37.25,34.766666666666666,28.016666666666666,1.4233333333333331,36.7,33.1,30.2,1.41
"Primary School/ Composite, Bhojpur Taga",SAHARANPUR,30.07703,77.541013,37.61666666666667,37.36666666666667,25.016666666666666,1.3433333333333335,35.7,37.9,26.4,1.32
"Primary School, Vijaypura",LALITPUR,24.565236,78.447389,26.433333333333334,40.4,33.13333333333333,1.6133333333333335,24.0,40.1,36.0,1.67
"Primary School/ Composite, Dadheru Kaian",MUZAFFARNAGAR,29.490602,77.619424,35.25,35.55,29.25,1.3983333333333334,34.4,34.1,31.6,1.4
"Primary School/ Composite, Chittora",MUZAFFARNAGAR,29.357824,77.81001,35.96666666666667,35.46666666666667,28.583333333333332,1.403333333333333,34.6,35.9,29.5,1.39
"Primary School/ Composite, Dholla Majra",SAHARANPUR,29.884476,77.266198,35.983333333333334,35.416666666666664,28.6,1.4316666666666669,35.2,35.3,29.5,1.44
"Primary School/ Composite, Fakreda",SAHARANPUR,29.893904,77.728096,38.166666666666664,35.516666666666666,26.283333333333335,1.3616666666666668,37.0,35.5,27.5,1.33
"Primary School/ Composite, Ghumawati",MUZAFFARNAGAR,29.578258,77.855488,35.8,37.13333333333333,27.066666666666666,1.3783333333333334,34.0,35.8,30.2,1.36
"Primary School/ Composite, Harsauli",MUZAFFARNAGAR,29.398522,77.600445,36.55,35.36666666666667,28.066666666666666,1.3983333333333334,34.2,34.5,31.3,1.43
"Primary School/ Composite, Jaula Dindauli",SAHARANPUR,29.853954,77.659518,39.016666666666666,35.06666666666667,25.95,1.3783333333333334,37.7,34.7,27.6,1.4
"Primary School/ Composite, Jeevna",MUZAFFARNAGAR,29.2929,77.666319,34.1,39.95,25.933333333333334,1.4133333333333333,29.6,37.3,33.1,1.46
"Primary School/ Composite, Haibatpur",MUZAFFARNAGAR,29.51064,77.605369,35.2,36.81666666666667,28.016666666666666,1.4066666666666665,33.6,35.6,30.8,1.41
"Primary School/ Composite, Jhabiran",SAHARANPUR,29.966511,77.400802,37.81666666666667,35.46666666666667,26.7,1.3566666666666667,35.4,34.5,30.1,1.41
"Primary School/ Composite, Jukhedi",SAHARANPUR,29.802393,77.308486,38.38333333333333,36.96666666666667,24.65,1.4266666666666665,36.1,35.0,28.9,1.42
"Primary School/ Composite, Katla Naveen",SAHARANPUR,30.044453,77.49411,38.46666666666667,35.9,25.583333333333332,1.3350000000000002,37.3,36.4,26.3,1.31
"Primary School/ Composite, Landhoura Junardar",SAHARANPUR,29.974588,77.57002,40.8,31.633333333333333,27.616666666666667,1.3566666666666667,37.6,32.0,30.4,1.37
"Primary School/ Composite, Chaappar",SAHARANPUR,29.871599,77.285221,35.583333333333336,35.55,28.866666666666667,1.4116666666666666,35.8,35.6,28.6,1.44
"Primary School/ Composite, Mandawali Khadar",MUZAFFARNAGAR,29.270732,77.58438,37.483333333333334,38.68333333333333,23.833333333333332,1.4066666666666665,33.8,37.2,29.0,1.45
"Primary School/ Composite, Manganpur",MUZAFFARNAGAR,29.544295,77.485792,36.11666666666667,36.266666666666666,27.616666666666667,1.4133333333333333,33.2,33.7,33.1,1.42
"Primary School/ Composite, Mehmoodpur",SAHARANPUR,29.81469,77.737876,37.75,34.95,27.316666666666666,1.3683333333333332,36.7,34.3,29.0,1.36
"Primary School/ Composite, Manoharpur",SAHARANPUR,30.019681,77.502639,39.65,35.56666666666667,24.783333333333335,1.335,37.9,35.9,26.2,1.35
"Primary School/ Composite, Manpur Qadeem",SAHARANPUR,29.75828,77.144628,35.31666666666667,37.0,27.65,1.4483333333333333,31.9,34.0,34.1,1.51
"Primary School/ Composite, Mundi Kheri",SAHARANPUR,29.817502,77.485792,37.61666666666667,35.88333333333333,26.5,1.3733333333333335,37.4,37.5,25.0,1.4
"Primary School/ Composite, Nagla Rajput",SAHARANPUR,29.81232,77.194552,35.63333333333333,36.666666666666664,27.75,1.4433333333333331,33.7,34.5,31.8,1.48
"Primary School/ Composite, Nandhera Khurd",SAHARANPUR,29.637284,77.56033,35.5,35.6,28.85,1.4083333333333334,34.2,33.0,32.8,1.42
"Primary School/ Composite, Nunabadi",SAHARANPUR,29.71187,77.572868,36.766666666666666,35.13333333333333,28.116666666666667,1.4083333333333334,34.8,33.8,31.4,1.42
"Primary School/ Composite, Peepalhera",MUZAFFARNAGAR,29.528774,77.480056,34.36666666666667,37.06666666666667,28.566666666666666,1.4116666666666664,31.3,35.2,33.5,1.42
"Primary School/ Composite, Rasulpur",MUZAFFARNAGAR,29.53586,77.635988,35.85,35.56666666666667,28.533333333333335,1.4033333333333333,34.2,34.6,31.2,1.4
"Primary School/ Composite, Sidki",SAHARANPUR,29.877706,77.63111,38.05,34.68333333333333,27.3,1.3683333333333332,37.8,34.5,27.7,1.36
"Primary School/ Composite, Nasrullahgarh",SAHARANPUR,29.935848,77.253626,34.86666666666667,35.71666666666667,29.416666666666668,1.4183333333333332,35.1,36.6,28.3,1.43
"Primary School/ Composite, Pawti",MUZAFFARNAGAR,29.592243,77.633976,37.03333333333333,34.416666666666664,28.516666666666666,1.39,34.7,34.5,30.8,1.42
"Primary School/ Composite, Tandheda",MUZAFFARNAGAR,29.372459,77.931921,34.516666666666666,37.05,28.45,1.37,32.5,36.4,31.1,1.36
Prmary School Rajpura,VARANASI,25.256981,82.774457,28.666666666666668,40.11666666666667,31.183333333333334,1.46,26.4,38.4,35.2,1.54
Punchayat Bhawan Bhaluwani,DEORIA,26.371332,83.761583,29.566666666666666,41.06666666666667,29.35,1.38,27.2,38.7,34.1,1.45
Punchayat Bhawan Vijaypur,MIRZAPUR,25.133254,82.39177,32.61666666666667,33.2,34.18333333333333,1.4849999999999999,31.5,33.6,35.0,1.55
"Purv Madh Vidhyalaya, Doomradeeh",SONBHADRA,24.1967011,83.2116726,18.833333333333332,41.71666666666667,39.483333333333334,1.6516666666666666,17.9,36.1,46.0,1.73
"Purv Madhyamik Vidhyalaya, Doriya",SONBHADRA,24.7278197,83.3711203,20.483333333333334,36.233333333333334,43.3,1.6283333333333334,20.3,35.3,44.4,1.68
"Purv Madh Vidhyalaya, Shivpur",SONBHADRA,24.7140575,83.2296165,21.833333333333332,35.95,42.21666666666667,1.6033333333333333,21.6,35.0,43.4,1.64
"Purv Madhyamik Vidhyalaya, Mahooli",SONBHADRA,24.2319299,83.2964576,21.0,38.833333333333336,40.166666666666664,1.6366666666666665,19.9,34.0,46.2,1.72
"Purv Madhyamik Vidyalaya, Mujehra",MIRZAPUR,25.2190414,82.5386282,28.6,36.4,35.0,1.5016666666666665,27.2,35.0,37.9,1.55
"Purv Madhyamik Vidyalaya, Ranibari",MIRZAPUR,25.1397805,82.5265216,28.3,36.38333333333333,35.3,1.5233333333333334,27.4,36.7,36.0,1.57
"Purv Madhyamik Vidyalaya,Bharpura",MIRZAPUR,25.081998,82.702502,28.783333333333335,36.85,34.4,1.5066666666666668,29.4,38.5,32.2,1.56
Purva Madhyamik Vidhyalaya Baroda Dang,LALITPUR,24.949716,78.538933,30.433333333333334,43.78333333333333,25.783333333333335,1.48,27.5,42.7,29.8,1.53
Purva Madhyamik Vidhyalaya Achausa,JHANSI,25.635476,79.043694,48.233333333333334,30.0,21.85,1.4383333333333332,46.6,27.8,25.6,1.5
Purva Madhyamik Vidhyalaya Bhitaura,JHANSI,25.336319,78.938194,41.46666666666667,33.333333333333336,25.2,1.4683333333333333,38.4,34.5,27.1,1.52
Purva Madhyamik Vidhyalaya Ladwari,LALITPUR,24.907563,78.610635,32.78333333333333,37.583333333333336,29.633333333333333,1.4633333333333334,29.8,37.4,32.8,1.54
Purva Madhyamik Vidhyalaya Sihari,JALAUN,26.249551,79.217094,37.31666666666667,38.766666666666666,23.916666666666668,1.3866666666666667,33.8,37.3,28.9,1.48
Purva Madhyamik Vidhyalaya Piphara,ETAH,27.494227,78.519052,47.7,29.116666666666667,23.166666666666668,1.4416666666666667,44.3,28.6,27.1,1.53
"Purva Madhyamik Vidhyalaya, Chackwara",AZAMGARH,25.923232,83.163587,25.166666666666668,46.05,28.783333333333335,1.4,22.6,42.9,34.5,1.43
"Purva Madhyamik Vidhyalaya, Chandapur",VARANASI,25.410499,82.987667,30.266666666666666,39.31666666666667,30.366666666666667,1.4466666666666665,27.7,38.1,34.2,1.52
Pv. Compiergang,GORAKHPUR,27.025,83.281944,29.95,44.333333333333336,25.75,1.3883333333333332,29.0,43.1,27.9,1.49
Purva Madhyamik Vidyalaya Chalakpur,SAHARANPUR,30.048452,77.454106,37.916666666666664,36.61666666666667,25.466666666666665,1.3366666666666667,36.7,36.3,27.0,1.27
R.R.C. Center Aata,JALAUN,26.046656,79.601251,36.516666666666666,36.85,26.633333333333333,1.3933333333333333,33.6,38.0,28.4,1.49
"Purv Madhyamik Vidhyalaya, Fattupur",SANT RAVIDAS NAGAR,25.4040161,82.5393989,31.366666666666667,40.06666666666667,28.583333333333332,1.5050000000000001,28.7,38.3,33.0,1.53
RASULPUR BARGAON RAJKIYA UCHTTAR PRATHAMIK VIDYALAYA,KAUSHAMBI,25.370944,81.419864,34.5,39.766666666666666,25.716666666666665,1.4733333333333334,31.4,37.1,31.5,1.52
Rajkia High School Pakhrauli,BANDA,25.566353,80.783332,32.766666666666666,42.28333333333333,24.966666666666665,1.4349999999999998,28.4,41.3,30.3,1.5
Rajapur Sikraur,AZAMGARH,26.0,82.939167,26.916666666666668,40.21666666666667,32.916666666666664,1.39,25.9,38.8,35.3,1.43
Ramchhitoni Sahawar (UP-011),KANSIRAM NAGAR,27.75305556,78.90722222,41.71666666666667,34.88333333333333,23.433333333333334,1.3916666666666666,38.2,33.7,28.1,1.51
Ranipur_2,CHITRAKOOT,25.19449505,80.82972965,38.06666666666667,36.36666666666667,25.616666666666667,1.465,37.0,36.6,26.4,1.55
Rajkia Balika Inter College Kamasin,BANDA,25.522948,80.911552,33.65,40.8,25.633333333333333,1.4366666666666668,31.5,39.4,29.1,1.48
"Rajkiya High School, Atali",MUZAFFARNAGAR,29.212539,77.516103,37.65,38.766666666666666,23.616666666666667,1.4283333333333335,35.0,37.9,27.1,1.48
Rohari,HAMIRPUR,25.750852,80.057661,36.43333333333333,35.833333333333336,27.733333333333334,1.4566666666666668,34.1,36.8,29.1,1.5
SARAHARI PRATHMIK VIDYALAYA,GORAKHPUR,26.92272,83.349066,29.233333333333334,41.6,29.183333333333334,1.3366666666666667,29.5,40.9,29.5,1.45
Rasin_2,CHITRAKOOT,25.185,80.705,42.31666666666667,33.483333333333334,24.233333333333334,1.4733333333333334,39.9,33.7,26.4,1.56
Saint Ravidas Nagar Abholi Abholi,MIRZAPUR,25.446551,82.368655,27.183333333333334,43.11666666666667,29.7,1.45,25.1,42.3,32.6,1.56
Saint Ravidas Nagar Abholi Gangarampur,MIRZAPUR,25.458174,82.364247,29.216666666666665,42.35,28.4,1.4549999999999998,26.7,41.2,32.2,1.56
Saint Ravidas Nagar Aurai Ugapur,MIRZAPUR,25.3992,82.434861,29.233333333333334,42.56666666666667,28.15,1.4516666666666667,26.4,41.2,32.4,1.56
Saint Ravidas Nagar Deegh  Deegh,MIRZAPUR,25.297279,82.304502,29.366666666666667,41.61666666666667,29.016666666666666,1.4516666666666667,27.7,40.9,31.4,1.53
Saint Ravidas Nagar Deegh Velahua,MIRZAPUR,25.347588,82.350868,29.1,43.266666666666666,27.633333333333333,1.445,26.3,42.2,31.5,1.55
Saint Ravidas Nagar Bhadohi Munshi,MIRZAPUR,25.375199,82.534945,29.383333333333333,40.483333333333334,30.066666666666666,1.5,27.5,39.0,33.5,1.55
Saint Ravidas Nagar Gyanpur Kansapur,MIRZAPUR,25.342994,82.49052,30.316666666666666,39.18333333333333,30.5,1.51,27.0,38.3,34.6,1.56
Saint Ravidas Nagar Aurai Uprauth,MIRZAPUR,25.277409,82.569482,27.366666666666667,41.666666666666664,30.916666666666668,1.4816666666666665,25.6,40.9,33.5,1.52
Saint Ravidas Nagar Gyanpur Samhai,MIRZAPUR,25.355367,82.508795,29.566666666666666,40.36666666666667,30.016666666666666,1.4966666666666666,27.2,39.3,33.6,1.54
Saint Ravidas Nagar Suriyawan Chhapariya,MIRZAPUR,25.456331,82.438271,31.166666666666668,39.78333333333333,29.016666666666666,1.475,28.9,39.4,31.7,1.55
Saital,GORAKHPUR,26.556111,83.378889,31.8,42.13333333333333,26.066666666666666,1.3599999999999999,28.9,38.7,32.5,1.46
"Samaj Sevak Junir High School, Bhaura Kalan",MUZAFFARNAGAR,29.378216,77.449939,36.78333333333333,38.35,24.85,1.3933333333333333,34.1,37.5,28.4,1.41
Saint Ravidas Nagar Suriyawan Mond,MIRZAPUR,25.428869,82.48589,32.6,38.36666666666667,29.033333333333335,1.5083333333333333,29.6,37.3,33.1,1.55
Sanjhak,MUZAFFARNAGAR,29.435278,77.631389,34.15,38.3,27.55,1.4183333333333332,32.3,36.0,31.6,1.44
Semara_1,CHITRAKOOT,25.149208,81.467994,33.4,36.56666666666667,29.966666666666665,1.5083333333333333,34.1,37.9,28.0,1.59
Shahjahanpur Bhawal Kheda Chak Bhitara,BAREILLY,27.845415,79.999868,32.483333333333334,42.75,24.766666666666666,1.345,30.9,39.2,29.9,1.41
Shahjahanpur Bhawal Kheda Bhawal Kheda,BAREILLY,27.895952,79.984973,34.38333333333333,41.833333333333336,23.833333333333332,1.3283333333333334,32.5,39.1,28.4,1.41
Shahjahanpur Bhawal Kheda Chaudhera,BAREILLY,27.818291,79.924457,35.86666666666667,40.53333333333333,23.616666666666667,1.3333333333333333,33.4,38.4,28.1,1.49
Shahjahanpur Bhawal Kheda Ladhauli,BAREILLY,27.941568,79.95473,36.36666666666667,38.78333333333333,24.85,1.3566666666666667,33.3,36.3,30.4,1.47
Shahjahanpur Dadraul Banthara,BAREILLY,27.91887,79.819144,35.983333333333334,42.016666666666666,22.05,1.31,32.8,38.6,28.6,1.39
Shahjahanpur Puvayan  Badagaon Pratham,BAREILLY,28.05027,80.07123,33.71666666666667,39.93333333333333,26.333333333333332,1.3599999999999999,32.8,38.4,28.8,1.45
Shahjahanpur Puvayan Bhilawan,BAREILLY,28.100451,80.097023,35.333333333333336,39.833333333333336,24.816666666666666,1.3566666666666667,33.5,38.0,28.4,1.44
Shahjahanpur Bhawal Kheda Sutnera,BAREILLY,27.90977,80.03193,32.233333333333334,43.516666666666666,24.25,1.3116666666666668,30.9,40.0,29.1,1.41
Shahjahanpur Puvayan Mahua Pathak,BAREILLY,28.025949,80.039412,32.86666666666667,38.2,28.9,1.3316666666666668,32.4,37.4,30.3,1.36
Shahjahanpur Sidhauli Korokuiyan,BAREILLY,28.017453,80.028498,31.716666666666665,38.8,29.483333333333334,1.3266666666666669,31.2,38.7,30.1,1.38
Shahjahanpur Puvayan Nahil,BAREILLY,28.12588,80.04257,36.11666666666667,36.36666666666667,27.516666666666666,1.3516666666666666,34.6,34.2,31.2,1.44
Shahjahanpur Sidhauli Sidhauli,BAREILLY,27.965402,79.967845,36.96666666666667,36.46666666666667,26.616666666666667,1.35,34.6,34.2,31.2,1.46
Shahjahanpur Bhawal Kheda Shahbaj Pur,BAREILLY,27.813481,79.906993,32.583333333333336,43.916666666666664,23.466666666666665,1.3616666666666668,29.2,40.4,30.5,1.46
Sikhula Pz._1,BANDA,25.827644,80.312119,36.083333333333336,38.05,25.916666666666668,1.4333333333333333,33.5,37.8,28.6,1.53
Singhara Pr. Vid.,AZAMGARH,25.92111111,82.98083333,26.233333333333334,40.45,33.31666666666667,1.3933333333333333,24.7,38.0,37.3,1.46
Sitapur Mafi,CHITRAKOOT,25.189291,80.869885,34.333333333333336,39.483333333333334,26.133333333333333,1.525,34.0,39.2,26.8,1.58
Sonbhadra Babhani Bhawar,MIRZAPUR,25.149966,82.509871,27.516666666666666,35.583333333333336,36.86666666666667,1.5316666666666667,26.3,36.2,37.5,1.59
Shahjahanpur Sidhauli Mahanand Pur,BAREILLY,28.007942,80.013319,32.3,40.53333333333333,27.166666666666668,1.34,31.0,38.3,30.7,1.37
Sonbhadra Chopan Khairatiya,MIRZAPUR,24.486905,82.988388,19.733333333333334,41.166666666666664,39.03333333333333,1.6716666666666664,19.0,36.3,44.7,1.73
Sonbhadra Duddhi Mahuli,MIRZAPUR,24.235831,83.303241,20.9,39.233333333333334,39.9,1.5933333333333335,19.3,34.1,46.6,1.69
Srikantpur Pr. Vid.,AZAMGARH,25.76527778,82.93416667,23.8,43.833333333333336,32.35,1.3966666666666667,22.1,41.5,36.5,1.48
Shitalpur_1,CHITRAKOOT,25.182206,81.021946,38.15,36.016666666666666,25.883333333333333,1.4916666666666667,38.8,35.9,25.3,1.58
Sonbhadra Myorpur Agartola,MIRZAPUR,24.098713,83.094693,17.916666666666668,42.15,39.9,1.6483333333333332,19.0,38.0,43.0,1.74
Sujanpura Badhyapar,GORAKHPUR,26.55,83.216111,30.966666666666665,42.96666666666667,26.033333333333335,1.3433333333333335,28.5,41.0,30.5,1.46
Terha_1,HAMIRPUR,25.830618,80.240971,37.65,36.28333333333333,26.05,1.4183333333333332,34.2,37.1,28.7,1.52
"Swarg Dham, Hardua",JHANSI,25.711111,79.09725,35.65,34.75,29.583333333333332,1.4149999999999998,34.5,34.6,30.9,1.49
Uccha Prathmik Vidhyalaya Deaval,CHITRAKOOT,25.387362,80.943182,40.666666666666664,34.31666666666667,25.1,1.4683333333333333,37.4,32.9,29.7,1.52
Sukwan,JHANSI,25.21438,78.53791,44.233333333333334,30.366666666666667,25.45,1.4766666666666666,40.3,31.1,28.6,1.52
Uccha Prathmik Vidhyalaya Odera,HAMIRPUR,25.561162,79.560182,39.35,37.1,23.55,1.4516666666666667,35.9,37.1,27.0,1.48
"Thana Prisar, Lalganj",MIRZAPUR,25.0189937,82.3612535,31.066666666666666,36.31666666666667,32.68333333333333,1.5416666666666667,31.3,35.6,33.1,1.61
Uccha Prathmik Vidhyalaya Devaratha,BANDA,25.542005,80.607435,35.1,35.55,29.383333333333333,1.4233333333333333,32.4,35.6,32.0,1.49
"Uccha Prathmik Vidhyalaya, Chero",DEORIA,26.3037,83.859915,29.833333333333332,41.5,28.666666666666668,1.3916666666666666,27.8,40.2,32.1,1.5
Uccha Prathmik Vidhyalaya Uldan,JHANSI,25.391496,79.01559,42.483333333333334,33.233333333333334,24.283333333333335,1.4466666666666665,39.9,33.6,26.6,1.49
"Uccha Prathmik Vidhyalaya, Hasanpur Kadim",MEERUT,28.938962,77.786322,36.516666666666666,39.083333333333336,24.416666666666668,1.4283333333333335,32.8,36.6,30.6,1.46
"Uccha Prathmik Vidhyalaya, Gangapur",FATEHPUR,25.980371,80.338543,29.45,45.666666666666664,24.916666666666668,1.375,25.8,42.9,31.3,1.48
"Uccha Prathmik Vidhyalaya, Kapsarh",MEERUT,29.197728,77.680634,34.68333333333333,41.43333333333333,23.85,1.4316666666666669,31.0,39.8,29.2,1.42
"Uccha Prathmik Vidhyalaya, Lohra (Pampawan)",SONBHADRA,24.883932,83.042117,21.816666666666666,34.2,43.93333333333333,1.6083333333333334,22.7,34.9,42.4,1.7
"Uccha Prathmik Vidhyalaya, Pathouli",MEERUT,29.084634,77.555724,36.016666666666666,38.15,25.833333333333332,1.4266666666666665,33.8,36.3,29.9,1.44
"Uccha Prathmik Vidhyalaya, Simra",JHANSI,25.543998,78.444637,38.71666666666667,33.61666666666667,27.7,1.4733333333333334,35.7,35.1,29.2,1.54
"Uccha Prathmik Vidhyalaya, Semra Bhav Nagar",LALITPUR,24.797724,78.599031,32.7,37.8,29.483333333333334,1.4683333333333333,28.9,37.6,33.6,1.54
Upper Primary Kasampur,MUZAFFARNAGAR,29.550843,77.804216,35.06666666666667,36.35,28.583333333333332,1.3866666666666667,33.4,35.4,31.2,1.41
"Upper Primary School Eng Medium, Hariyabans",SAHARANPUR,29.958322,77.67493,40.65,34.05,25.3,1.346666666666667,37.8,35.2,27.0,1.31
"Uccha Prathmik Vidhyalaya, Sonpur",MIRZAPUR,25.04768,82.993337,26.816666666666666,37.2,35.983333333333334,1.55,28.8,37.9,33.3,1.58
Upper Primary School Pohalli,MEERUT,29.073078,77.642706,35.78333333333333,39.833333333333336,24.4,1.403333333333333,32.9,38.3,28.8,1.44
"Uchha Prathmik Vidhyala, Tadi Mustkil",CHITRAKOOT,25.327113,81.379815,35.016666666666666,38.63333333333333,26.366666666666667,1.4733333333333334,32.4,36.6,30.9,1.53
Upper Primary School Sarahan Bujurg,FATEHPUR,25.994991,80.300108,31.516666666666666,42.03333333333333,26.483333333333334,1.3933333333333333,27.0,40.4,32.6,1.49
Upper Primary School Urouliya,BUDAUN,27.886435,79.208052,42.46666666666667,34.81666666666667,22.75,1.3683333333333332,38.3,32.7,29.1,1.49
Upper Primary School Lehra,ETAH,27.555176,78.460752,48.083333333333336,28.666666666666668,23.25,1.43,45.2,28.6,26.2,1.53
Varansi Badagaon Gajapur,VARANASI,25.393313,82.753267,30.8,39.96666666666667,29.25,1.4683333333333333,28.9,39.7,31.4,1.56
Varansi Chirai Gaon  Gathiya Jairampur,VARANASI,25.446852,83.098802,27.066666666666666,41.93333333333333,30.966666666666665,1.4616666666666667,23.8,39.7,36.5,1.54
Varansi Chirai Gaon Chhahi,VARANASI,25.408162,83.038612,29.083333333333332,40.733333333333334,30.183333333333334,1.44,25.2,39.0,35.7,1.54
Upper Primary School Rijaula,BUDAUN,27.829764,79.271286,42.36666666666667,35.766666666666666,21.866666666666667,1.355,39.1,34.5,26.4,1.44
"Upper Primary School, Khadui",SONBHADRA,24.677459,83.2618895,21.283333333333335,35.85,42.86666666666667,1.6183333333333332,20.7,34.7,44.6,1.67
Varansi Harahua Bhaithauli,VARANASI,25.460597,82.970217,27.55,42.0,30.466666666666665,1.475,24.2,39.7,36.1,1.56
Varansi Harahua Gurwat,VARANASI,25.457824,82.980965,28.983333333333334,42.2,28.833333333333332,1.46,25.7,40.7,33.5,1.55
Varansi Harahua Kakalpur,VARANASI,25.316392,82.832559,29.883333333333333,39.95,30.166666666666668,1.4816666666666665,28.2,39.0,32.8,1.57
Varansi Cholapur Chaubepur,VARANASI,25.446828,83.098698,27.066666666666666,41.93333333333333,30.966666666666665,1.4616666666666667,23.8,39.7,36.5,1.54
Varansi Harahua Shivrampur,VARANASI,25.426629,83.073133,28.05,41.766666666666666,30.183333333333334,1.4466666666666665,24.7,39.1,36.2,1.53
Varansi Harahua Sulemapur,VARANASI,25.451127,83.001113,29.266666666666666,41.25,29.483333333333334,1.4549999999999998,26.7,39.9,33.5,1.55
Varansi Cholapur Munari,VARANASI,25.449407,83.048723,27.85,41.86666666666667,30.25,1.4549999999999998,25.2,39.8,35.0,1.55
Varansi Pindara Gajendra,VARANASI,25.47852,82.896599,28.133333333333333,41.083333333333336,30.75,1.4916666666666667,25.5,38.8,35.7,1.58
"Vikash Khand Parisar, Itwa",SIDDHARTHNAGAR,27.3219006,82.6936559,30.883333333333333,43.55,25.533333333333335,1.365,28.9,43.9,27.1,1.46
Varansi Pindara Molanapur,VARANASI,25.471412,83.132893,27.116666666666667,42.733333333333334,30.15,1.3266666666666669,24.1,40.0,35.9,1.47
primary school jalalpura,SAHARANPUR,29.936939,77.393186,37.78333333333333,34.18333333333333,28.033333333333335,1.3816666666666668,37.3,33.9,28.8,1.43
primary school Chaura khurd,SAHARANPUR,29.95975,77.728576,40.46666666666667,36.13333333333333,23.4,1.3233333333333335,37.6,35.5,26.8,1.29
primary school kapasi,SAHARANPUR,29.913094,77.618469,39.35,34.266666666666666,26.383333333333333,1.3666666666666667,37.4,34.2,28.4,1.36
