gwl_station,src_station,dist_km
"Adarsh Primary School, Dubar Kalan",SIRSI RB Canal,15.240406552914132
"Anganwadi Kedra, Baini",Dhandhraul Canal,19.912099994964517
Aryavart Madhyamik Vidhyalaya Sindhora,Dhekwan RB Canal,12.149738307303199
Aswaniya Pr. Vid.,Jirgo Dam Gate -1,83.78150653349621
Azamgarh Lalganj Lalganj,Jirgo Dam Gate -1,84.03698297317065
Azamgarh Palhana Balahi Lahucha,Garai RB Canal,79.64879468878162
Azamgarh Palhana Jamui Bhatauli,Garai RB Canal,80.60774240761683
Azamgarh Thekama Bardah,Jirgo Dam Gate -1,84.62633764191344
"Community Center, Ghorawal",Dhekwan RB Canal,27.6749645760355
Comosite School Campus Badalganj,Latifshah LB canal,95.10713515723162
Composite School Sagarpur,Lower Khajuri LB Canal,15.052923656157791
"Composite School, Ghamhapur",Lower Khajuri LB Canal,13.14394645226899
"Composite School, Mungari",Lower Khajuri LB Canal,41.77917052608154
"Composite School, Pathraha",Dhekwan LB Canal,10.011696608064698
Grampunchayat Sachiwalaya Deori,Dhandhraul Canal,5.959661535503152
"Irrigation Department, Amawar",Dhandhraul Canal,56.40169036989625
Jaunpur Dobhi Bagerwa,Jirgo Canal 1800,61.16880677756708
Jaunpur Dobhi Bankati,Jirgo Canal 1800,62.97607424746377
Jaunpur Dobhi Kachhawan,Jirgo Dam Gate -1,64.47627483406838
Jaunpur Dobhi Kakarapar,Jirgo Canal 1800,60.69271923488009
Jaunpur Jalalpur Katuwani,Jirgo Dam Gate -1,61.96059242991678
Jaunpur Jalalpur Vanpurwa,Lower Khajuri RB Canal,61.45012169598672
Jaunpur Jalalpur Vind,Jirgo Dam Gate -1,59.66692137873355
Jaunpur Kerakat  Kharg Senpur,Jirgo Dam Gate -1,61.27548467096651
Jaunpur Kerakat Barbaspur (Sohani),Jirgo Dam Gate -1,61.27370088892155
Jaunpur Kerakat Mahali,Jirgo Dam Gate -1,58.74819180779042
Jaunpur Kerakat Nihalapur,Jirgo Dam Gate -1,59.96243848841969
Jaunpur Rampur Kamaruddin,Lower Khajuri RB Canal,41.059545781476
Jaunpur Rampur Kaseru Nonara,Lower Khajuri LB Canal,44.19663429929286
Jaunpur Rampur Kathwatiya,Lower Khajuri RB Canal,41.30777648582896
Jaunpur Rampur Sultanpur,Lower Khajuri LB Canal,42.590145153268615
"Madhyamik Vidhyalaya, Dulha Daul",Dhekwan RB Canal,7.249470745473451
"Mahadeva Temple, Mahadeva",Lower Khajuri LB Canal,44.25778540070807
Mankuwar,Sukhra Canal Inlet,99.95410747232015
"Nagar Palika Campus, Gyanpur",Lower Khajuri LB Canal,31.33356748863184
Navrasia,Garai RB Canal,82.25864553461513
"Office of Assistant Director, Resham",Dhandhraul Canal,17.67305242343433
"Panchayat Bhawan, Dohri",Garai RB Canal,14.829850579686067
"Panchayat Bhawan, Kul Doomri",Dhandhraul Canal,58.362679088034184
"Panchayat Bhwan, Kon",Dhandhraul Canal,37.13334920511273
Prathmik Vidhyalaya Mahugarh,Sukhra Canal Inlet,5.053668334802338
Priamry School Mukasim,Ahraura Canal,27.623965850010034
"Primary  School, Nawada Kalan",Lower Khajuri LB Canal,39.82618759375174
Primary School  Bihasara,Lower Khajuri LB Canal,27.246220667884543
Primary School  Biraura,Lower Khajuri LB Canal,21.710330795848446
Primary School Ashadh,Lower Khajuri RB Canal,26.570754545469725
Primary School Babura,Lower Khajuri LB Canal,21.80655672497033
Primary School Campus Aurangabad,Lower Khajuri RB Canal,96.25236038913836
Primary School Campus Sikraura,Jirgo Dam Gate -1,77.68090923057528
Primary School Charkonwa,Dhandhraul Canal,15.618558438979267
Primary School Harinahpur,Lower Khajuri RB Canal,7.368896377357052
Primary School Jamunia,Lower Khajuri LB Canal,17.86515640376192
"Primary School,  Todarpur",Jirgo Dam Gate -1,24.464162460468064
"Primary School, Baghpokhar",Dhekwan RB Canal,24.428002963726577
"Primary School, Jhaaro Kalan",Dhandhraul Canal,48.80097921179428
"Primary School, Kantit",Lower Khajuri LB Canal,12.270595005006982
"Primary School, Kevtam",Dhandhraul Canal,17.757193179532255
"Primary School, Kodai",Lower Khajuri RB Canal,38.86779109510285
"Primary School, Koilar",Lower Khajuri RB Canal,38.55165808495124
"Primary School, Narokhar",Dhandhraul Canal,1.316550192592642
"Primary School, Narouiya Daamar",Dhandhraul Canal,38.70534967092149
"Primary School, Pakarhut",Dhandhraul Canal,16.60979230185144
"Primary School, Shivpur",Jirgo Dam Gate -1,7.5398853909180525
"Primary School, Sirasi",Dhandhraul Canal,13.96695486357546
Prmary School Rajpura,Lower Khajuri RB Canal,25.917389700128712
Punchayat Bhawan Vijaypur,Lower Khajuri LB Canal,22.171121621578674
"Purv Madh Vidhyalaya, Doomradeeh",Dhandhraul Canal,47.34048642426314
"Purv Madh Vidhyalaya, Shivpur",Dhandhraul Canal,12.320423368733286
"Purv Madhyamik Vidhyalaya, Doriya",Dhandhraul Canal,24.04452279242054
"Purv Madhyamik Vidhyalaya, Fattupur",Lower Khajuri LB Canal,36.66467020309725
"Purv Madhyamik Vidhyalaya, Mahooli",Dhandhraul Canal,45.19770800697597
"Purv Madhyamik Vidyalaya, Mujehra",Lower Khajuri LB Canal,16.84915262986903
"Purv Madhyamik Vidyalaya, Ranibari",Lower Khajuri LB Canal,10.272222407061161
"Purv Madhyamik Vidyalaya,Bharpura",Lower Khajuri RB Canal,9.504877057358678
"Purva Madhyamik Vidhyalaya, Chackwara",Garai RB Canal,98.6300414149189
"Purva Madhyamik Vidhyalaya, Chandapur",Jirgo Canal 1800,40.27970121092886
"Roadways Bus Stand, Robertsganj",Dhandhraul Canal,12.555755992921714
Saint Ravidas Nagar Abholi Abholi,Lower Khajuri LB Canal,47.17226542481396
Saint Ravidas Nagar Abholi Gangarampur,Lower Khajuri LB Canal,48.512924164569604
Saint Ravidas Nagar Aurai Ugapur,Lower Khajuri LB Canal,39.404316037568634
Saint Ravidas Nagar Aurai Uprauth,Lower Khajuri LB Canal,22.27919389246928
Saint Ravidas Nagar Bhadohi Munshi,Lower Khajuri LB Canal,33.605156399395305
Saint Ravidas Nagar Deegh  Deegh,Lower Khajuri LB Canal,38.64643901114473
Saint Ravidas Nagar Deegh Velahua,Lower Khajuri LB Canal,39.19570176899095
Saint Ravidas Nagar Gyanpur Kansapur,Lower Khajuri LB Canal,31.440750976399276
Saint Ravidas Nagar Gyanpur Samhai,Lower Khajuri LB Canal,32.13268862315478
Saint Ravidas Nagar Suriyawan Chhapariya,Lower Khajuri LB Canal,45.0898463397211
Saint Ravidas Nagar Suriyawan Mond,Lower Khajuri LB Canal,40.62079605517256
Semara_1,Sukhra Canal Inlet,90.21662222281091
Singhara Pr. Vid.,Jirgo Dam Gate -1,96.84361334807454
Sonbhadra Babhani Bhawar,Lower Khajuri LB Canal,12.283520298017692
Sonbhadra Chopan Khairatiya,Dhandhraul Canal,23.191251237112116
Sonbhadra Duddhi Mahuli,Dhandhraul Canal,44.99276667553199
Sonbhadra Myorpur Agartola,Dhandhraul Canal,58.427897628548294
Srikantpur Pr. Vid.,Jirgo Dam Gate -1,79.4219005935661
"Thana Prisar, Lalganj",SIRSI RB Canal,22.155841852619112
"Uccha Prathmik Vidhyalaya, Lohra (Pampawan)",Ahraura Canal,13.223191464706627
"Uccha Prathmik Vidhyalaya, Sonpur",Jirgo Canal 2700,3.203905200562393
"Upper Primary School, Khadui",Dhandhraul Canal,11.702932982774856
Varansi Badagaon Gajapur,Lower Khajuri RB Canal,37.87489747624747
Varansi Chirai Gaon  Gathiya Jairampur,Garai RB Canal,45.29903460067961
Varansi Chirai Gaon Chhahi,Jirgo Canal 1800,40.7942853633539
Varansi Cholapur Chaubepur,Garai RB Canal,45.29567168628222
Varansi Cholapur Munari,Jirgo Canal 1800,45.49154746502996
Varansi Harahua Bhaithauli,Jirgo Dam Gate -1,45.656020063006345
Varansi Harahua Gurwat,Jirgo Dam Gate -1,45.43812965666142
Varansi Harahua Kakalpur,Jirgo Dam Gate -1,31.361550596681266
Varansi Harahua Shivrampur,Garai RB Canal,42.950794461175306
Varansi Harahua Sulemapur,Jirgo Canal 1800,44.90860193549305
Varansi Pindara Gajendra,Jirgo Dam Gate -1,47.71810866461677
Varansi Pindara Molanapur,Garai RB Canal,48.36218305517738
