Station,District,Tehsil,Block,Latitude,Longitude,n_2026_months,n_2026_records,first_2026,last_record,full26
ASHADHA PRATHMIK VIDYALAYA,KAUSHAMBI,-,-,25.441184,81.392245,9,822,2026-01-01 00:00:00,2026-09-05 18:00:00,True
Aagan Wadi Kendra Chandni,JALAUN,-,-,25.929918,79.141493,9,900,2026-01-02 00:00:00,2026-09-05 18:00:00,True
Aaganwadi Kendra Pakri Bazaar,DEORIA,-,-,26.402128,83.682103,9,902,2026-01-01 00:00:00,2026-09-05 18:00:00,True
"Adarsh Primary School, Dubar Kalan",MIRZAPUR,-,-,24.969207,82.40254,9,821,2026-01-01 00:00:00,2026-09-05 12:00:00,True
Agan Wadi Kendra Kuchendu,BANDA,-,-,25.517708,80.72346,9,900,2026-01-01 00:00:00,2026-09-05 18:00:00,True
Alakchandra Inter college Bhinga,SHRAWASTI,-,-,27.70074,81.93912,9,807,2026-01-01 00:00:00,2026-09-05 12:00:00,True
Aligarh Chandaus  Somana,AGRA,-,-,28.051907,77.940847,8,826,2026-01-01 00:00:00,2026-08-24 00:00:00,True
Aligarh Chandaus Maharajpur,AGRA,-,-,28.036628,77.935134,8,884,2026-01-01 00:00:00,2026-08-29 00:00:00,True
Aligarh Jawa Bahadurpur Kota,AGRA,-,-,28.028578,78.035291,9,796,2026-01-01 00:00:00,2026-09-05 18:00:00,True
Aligarh Jawa Jamalpur Siya,AGRA,-,-,27.980335,78.0421724,9,750,2026-01-01 00:00:00,2026-09-05 18:00:00,True
Aligarh Jawa Sogera,AGRA,-,-,28.082428,78.045757,9,837,2026-01-01 06:00:00,2026-09-05 18:00:00,True
Aligarh Khair Arrana,AGRA,-,-,27.931641,77.885149,9,913,2026-01-01 00:00:00,2026-09-05 18:00:00,True
Aligarh Khair Utwara,AGRA,-,-,27.975292,77.905854,8,794,2026-01-01 00:00:00,2026-08-29 00:00:00,True
Aligarh Lodha Aisi Kol,AGRA,-,-,27.819827,78.05289,9,849,2026-01-01 00:00:00,2026-09-05 18:00:00,True
Aligarh Lodha Mahrawalpur Nagariya,AGRA,-,-,27.930579,78.028279,9,861,2026-01-01 00:00:00,2026-09-05 18:00:00,True
Amchurnirua,CHITRAKOOT,-,-,25.024236,80.949377,8,653,2026-01-01 00:00:00,2026-09-05 18:00:00,True
Amlour,BANDA,-,-,25.73234167,80.37475,8,678,2026-01-01 18:00:00,2026-09-05 18:00:00,True
"Anganwadi Kedra, Baini",SONBHADRA,-,-,24.723333,83.325833,9,805,2026-01-01 00:00:00,2026-09-05 12:00:00,True
Aryavart Madhyamik Vidhyalaya Sindhora,MIRZAPUR,-,-,25.098525,82.805053,9,813,2026-01-01 00:00:00,2026-09-05 12:00:00,True
Aswaniya Pr. Vid.,AZAMGARH,DHEKMA,DHEKMA,25.80388889,82.90472222,9,815,2026-01-01 00:00:00,2026-09-05 12:00:00,True
Awagarh (UP-005),ETAH,Etah,-,27.449722,78.483889,9,806,2026-01-01 00:00:00,2026-09-05 00:00:00,True
Azamgarh Ahiraula Bahera,AZAMGARH,-,-,26.208262,82.89867,9,931,2026-01-01 00:00:00,2026-09-03 10:05:00,True
Azamgarh Ahiraula Kandara,AZAMGARH,-,-,26.141442,82.844798,9,922,2026-01-01 00:00:00,2026-09-01 18:00:00,True
Azamgarh Atrauliya Atrauliya,AZAMGARH,-,-,26.345894,82.924121,9,832,2026-01-01 00:00:00,2026-09-05 18:00:00,True
Azamgarh Jahanganj Godhaura,AZAMGARH,-,-,25.981226,83.241639,9,923,2026-01-01 00:00:00,2026-09-05 18:00:00,True
Azamgarh Lalganj Lalganj,AZAMGARH,-,-,25.802837,83.023635,9,917,2026-01-01 00:00:00,2026-09-05 00:00:00,True
Azamgarh Palhana Balahi Lahucha,AZAMGARH,-,-,25.756585,83.08177,9,813,2026-01-01 06:00:00,2026-09-05 18:00:00,True
Azamgarh Palhana Jamui Bhatauli,AZAMGARH,-,-,25.764525,83.105885,9,815,2026-01-01 00:00:00,2026-09-01 00:00:00,True
Azamgarh Pavai Velasiya,AZAMGARH,-,-,26.08387,82.77718,9,937,2026-01-01 00:00:00,2026-09-05 18:00:00,True
Azamgarh Sathiyavn Gajahada,AZAMGARH,-,-,26.066121,83.279559,9,849,2026-01-01 00:00:00,2026-09-05 18:00:00,True
Azamgarh Thekama Bardah,AZAMGARH,-,-,25.808029,82.851187,9,934,2026-01-01 00:00:00,2026-09-05 18:00:00,True
B.D.O Office Bhatini,DEORIA,-,-,26.3795695,83.9241858,9,811,2026-01-01 00:00:00,2026-09-05 12:00:00,True
B.D.O. Office Lar,DEORIA,-,-,26.217608,83.964194,9,900,2026-01-01 00:00:00,2026-09-05 18:00:00,True
"B.D.O. Office, Binauli",BAGHPAT,-,-,29.093959,77.399455,9,834,2026-01-01 00:00:00,2026-09-05 12:00:00,True
BADHANI PRATHMIK VIDYALAYA,GORAKHPUR,-,-,26.652848,83.249116,9,826,2026-01-01 00:00:00,2026-09-05 12:00:00,True
BANI KHAS C.V. VIDYALAYA,KAUSHAMBI,-,-,25.371537,81.365493,9,802,2026-01-01 00:00:00,2026-09-05 18:00:00,True
BANSGAON PRATHMIK VIDYALAYA,GORAKHPUR,-,-,26.554779,83.344517,9,835,2026-01-01 00:00:00,2026-09-05 12:00:00,True
Babina Rular,JHANSI,-,-,25.23668,78.48107,8,693,2026-01-01 00:00:00,2026-09-05 18:00:00,True
Badaun Salarpur BDO Office,BAREILLY,-,-,28.069433,79.13294,9,799,2026-01-01 00:00:00,2026-09-05 18:00:00,True
Badaun Ujhani Sports Stadium,BAREILLY,-,-,28.029062,79.098363,9,843,2026-01-01 00:00:00,2026-09-05 18:00:00,True
Badaun Usawan BDO Office,BAREILLY,-,-,27.810859,79.348935,9,812,2026-01-01 00:00:00,2026-09-05 18:00:00,True
Badhai Khurd Pr. Vid.,MUZAFFARNAGAR,CHARTHAWAL,CHARTHAWAL,29.54611111,77.65583333,9,807,2026-01-01 00:00:00,2026-09-05 12:00:00,True
Badhouli,HAMIRPUR,-,-,25.83808,79.57949,8,681,2026-01-01 00:00:00,2026-09-05 18:00:00,True
Baghora_1,MAHOBA,-,-,25.151588,79.405231,8,649,2026-01-01 00:00:00,2026-09-05 18:00:00,True
Baghpat Meerut Kheda Balrampur Itiyara,MEERUT,-,-,28.890512,77.67112,9,922,2026-01-01 00:00:00,2026-09-05 12:00:00,True
Banda Baberu Anvan,CHITRAKOOT,-,-,25.571618,80.72094,9,786,2026-01-01 00:00:00,2026-09-05 18:00:00,True
Banda Baberu Umrehani,CHITRAKOOT,-,-,25.534149,80.755587,9,864,2026-01-01 06:00:00,2026-09-04 00:00:00,True
Banda Badokhar Khurd Chatgan,CHITRAKOOT,-,-,25.574309,80.303325,9,875,2026-01-01 00:00:00,2026-09-05 18:00:00,True
Banda Bisndha Mrooli,CHITRAKOOT,-,-,25.420368,80.721114,9,839,2026-01-01 00:00:00,2026-09-05 18:00:00,True
Banda Kamasin Tilowsa,CHITRAKOOT,-,-,25.504452,80.834118,9,814,2026-01-01 00:00:00,2026-09-05 18:00:00,True
Banda Tindwari Bhindowra,CHITRAKOOT,-,-,25.651513,80.492621,9,829,2026-01-01 00:00:00,2026-09-05 18:00:00,True
Bdo Office Campus Pipraich,GORAKHPUR,-,-,26.819999,83.519995,9,827,2026-01-01 00:00:00,2026-09-05 12:00:00,True
Bhadarwara  P_1,JHANSI,-,-,25.21805556,79.18027778,8,676,2026-01-01 00:00:00,2026-09-05 18:00:00,True
Bhitari_2,CHITRAKOOT,-,-,25.22511,81.384666,8,692,2026-01-01 06:00:00,2026-09-05 18:00:00,True
Bijijauri_1,MAHOBA,-,-,25.113551,79.448837,8,679,2026-01-01 00:00:00,2026-09-05 18:00:00,True
Birdha /Poorabirdha,LALITPUR,-,-,25.1202,78.56495,8,647,2026-01-01 00:00:00,2026-09-05 18:00:00,True
Block Deoria Campus Deoria Sadar,DEORIA,Deoria,-,26.4768311,83.7782245,9,832,2026-01-01 18:00:00,2026-09-05 12:00:00,True
Block Development Office-Khekra-Shallow,BAGHPAT,-,-,28.86972222,77.28805556,9,906,2026-01-01 00:00:00,2026-09-05 00:00:00,True
"Block Office, Kurara",HAMIRPUR,-,-,25.978748,79.984396,9,840,2026-01-01 00:00:00,2026-09-05 18:00:00,True
"Block office, Gursarai",JHANSI,Jhansi,-,25.613486,79.186343,9,837,2026-01-01 00:00:00,2026-09-04 00:00:00,True
Budh Sainy_1,BAGHPAT,-,-,28.995556,77.427222,8,670,2026-01-01 06:00:00,2026-09-05 18:00:00,True
Chakara  P_1,JHANSI,-,-,25.218333,79.26,8,672,2026-01-01 00:00:00,2026-09-05 18:00:00,True
Chandi Kalan,HAMIRPUR,-,-,25.600441,80.224573,8,680,2026-01-01 06:00:00,2026-09-05 18:00:00,True
Chhibaw_1,BANDA,-,-,25.363698,80.491501,8,662,2026-01-01 00:00:00,2026-09-05 18:00:00,True
Chirautha,BANDA,-,-,25.66132542,80.4762682,8,597,2026-01-11 18:00:00,2026-09-05 18:00:00,True
Chitrakoot Karvi Khoha,CHITRAKOOT,Chitrakoot,-,25.20894,80.96,9,853,2026-01-01 00:00:00,2026-09-05 18:00:00,True
Chitrakoot Karvi Shivrampur,CHITRAKOOT,Chitrakoot,-,25.217005,80.837699,9,905,2026-01-01 00:00:00,2026-09-05 18:00:00,True
Chitrakoot Manikpur Agarhudha,CHITRAKOOT,Chitrakoot,-,25.211035,81.113057,9,857,2026-01-01 00:00:00,2026-09-05 18:00:00,True
Chitrakoot Manikpur Sardar Patel,CHITRAKOOT,Chitrakoot,-,25.23231,81.139761,9,534,2026-01-01 00:00:00,2026-09-02 06:00:00,True
Chorwa Bhari Prathmik Vidyalaya,SHRAWASTI,-,-,27.63231,81.977,9,811,2026-01-01 00:00:00,2026-09-05 12:00:00,True
"Community Center, Ghorawal",SONBHADRA,-,-,24.7523638,82.7808874,9,801,2026-01-01 00:00:00,2026-09-05 12:00:00,True
Comosite School Campus Badalganj,AZAMGARH,-,-,25.875983,83.310721,9,892,2026-01-01 00:00:00,2026-09-05 18:00:00,True
Composite Girls Primary School Mai,JALAUN,-,-,26.385551,79.191725,9,912,2026-01-01 00:00:00,2026-09-05 18:00:00,True
Composite School Basantpur Saitali-1,GHAZIABAD,-,-,28.750761,77.48058,8,688,2026-01-01 00:00:00,2026-08-15 18:00:00,True
Composite School Biralsi,MUZAFFARNAGAR,-,-,29.567471,77.513423,8,864,2026-01-01 00:00:00,2026-08-27 18:00:00,True
Composite School Kilhora,GHAZIABAD,-,-,28.776402,77.673884,9,900,2026-01-02 00:00:00,2026-09-05 18:00:00,True
Composite School Nagla Bair,GHAZIABAD,-,-,28.786482,77.584175,8,808,2026-01-01 00:00:00,2026-08-09 18:00:00,True
Composite School Sagarpur,MIRZAPUR,-,-,25.202642,82.541757,9,900,2026-01-01 00:00:00,2026-09-05 18:00:00,True
Composite School Sanjarpur,MIRZAPUR,Mirzapur,-,26.00904,82.971338,9,888,2026-01-01 00:00:00,2026-09-05 18:00:00,True
Composite School katar,AZAMGARH,-,-,26.070408,82.708924,9,896,2026-01-01 00:00:00,2026-09-05 18:00:00,True
"Composite School, Dhamna Khurd",FATEHPUR,-,-,26.046995,80.274238,8,684,2026-01-01 00:00:00,2026-08-15 18:00:00,True
"Composite School, Ghamhapur",MIRZAPUR,-,-,25.151821,82.500563,9,904,2026-01-01 00:00:00,2026-09-05 18:00:00,True
"Composite School, Mungari",SANT RAVIDAS NAGAR,-,-,25.3578684,82.3248958,9,801,2026-01-01 00:00:00,2026-09-05 12:00:00,True
"Composite School, Pathraha",MIRZAPUR,-,-,25.0898964,82.7618449,9,821,2026-01-01 00:00:00,2026-09-05 12:00:00,True
"Composite Uccha Prathmik Vidhyalaya, Paltadevi",SIDDHARTHNAGAR,-,-,27.402635,83.024077,9,896,2026-01-01 00:00:00,2026-09-05 18:00:00,True
Composite Upper Primary School Sajania,SIDDHARTHNAGAR,-,-,27.250044,83.044202,9,920,2026-01-01 00:00:00,2026-09-05 18:00:00,True
DEOCHALI C.V. VIDYALAYA,FATEHPUR,-,-,26.005258,80.340634,9,818,2026-01-01 00:00:00,2026-09-05 18:00:00,True
Datt Naga_1,BAGHPAT,-,-,28.920261,77.401781,8,674,2026-01-01 00:00:00,2026-09-05 18:00:00,True
Deoria Bhaluwani Markna,GORAKHPUR,-,-,26.328658,83.796855,9,842,2026-01-01 00:00:00,2026-09-05 18:00:00,True
Deoria Bhatani Mishrauli Dichit,GORAKHPUR,-,-,26.395355,83.950282,8,666,2026-01-01 00:00:00,2026-09-05 18:00:00,True
Deoria Bhatpar Rani Dharkwan,GORAKHPUR,-,-,26.281971,83.98506,9,836,2026-01-01 00:00:00,2026-09-05 18:00:00,True
Deoria Salempur Manihari,GORAKHPUR,-,-,26.324727,83.895237,9,793,2026-01-01 00:00:00,2026-09-05 18:00:00,True
Deoria Tarkulwa Tarkulwa,GORAKHPUR,-,-,26.627487,83.890943,9,873,2026-01-01 00:00:00,2026-09-05 18:00:00,True
Devrar_1,BANDA,-,-,25.263486,80.427572,8,659,2026-01-01 00:00:00,2026-09-05 18:00:00,True
Dhikauli,JHANSI,-,-,25.4936,78.45125,8,669,2026-01-01 00:00:00,2026-09-05 18:00:00,True
Etah Aavagarh Badhawali,AGRA,-,-,27.527159,78.372312,9,805,2026-01-01 00:00:00,2026-09-05 18:00:00,True
Etah Jalesar Hasangarh,AGRA,-,-,27.492,78.351,9,839,2026-01-01 00:00:00,2026-09-05 18:00:00,True
Etah Jalesar Sakrauli,AGRA,-,-,27.39305,78.30936,9,856,2026-01-01 00:00:00,2026-09-05 18:00:00,True
FAREDUPUR PRATHMIK VIDYALAYA,PRATAPGARH,-,-,25.728768,81.50885,9,802,2026-01-01 00:00:00,2026-09-05 18:00:00,True
Firozabad Madanpur Rudhawali,AGRA,-,-,27.038936,78.7711659,8,606,2026-01-01 00:00:00,2026-09-05 18:00:00,True
Fugana_1,MUZAFFARNAGAR,-,-,29.334112,77.388351,8,687,2026-01-01 00:00:00,2026-09-05 18:00:00,True
GOVINDPUR BILARI PRATHMIK VIDYALAYA,FATEHPUR,-,-,25.963732,80.341446,9,798,2026-01-01 00:00:00,2026-09-05 18:00:00,True
Gadhela Panchayat Bhawan,JALAUN,-,-,26.233524,79.416822,9,892,2026-01-01 00:00:00,2026-09-05 18:00:00,True
Gloragundera/Gewara,LALITPUR,-,-,25.15888,78.51844,8,682,2026-01-01 00:00:00,2026-09-05 18:00:00,True
Gorakhpur Barahalganj Bhatpar (Saukhor),GORAKHPUR,Gorakhpur,-,26.332518,83.486744,9,839,2026-01-01 06:00:00,2026-09-05 18:00:00,True
Gorakhpur Barahalganj Ojhauli,GORAKHPUR,Gorakhpur,-,26.290279,83.477789,9,904,2026-01-01 00:00:00,2026-09-05 00:00:00,True
Gorakhpur Belghat Belghat,GORAKHPUR,Gorakhpur,-,26.432863,83.16397,9,836,2026-01-01 00:00:00,2026-09-04 00:00:00,True
Gorakhpur Belghat Murarpur,GORAKHPUR,Gorakhpur,-,26.416214,83.260961,9,790,2026-01-01 00:00:00,2026-09-05 00:00:00,True
Gorakhpur Chargaon Beniganj,GORAKHPUR,Gorakhpur,-,26.851039,83.411243,9,873,2026-01-01 00:00:00,2026-09-05 18:00:00,True
Gorakhpur Gagaha Gagaha,GORAKHPUR,Gorakhpur,-,26.448899,83.437416,9,831,2026-01-01 00:00:00,2026-09-05 18:00:00,True
Gorakhpur Gola Dhakwarchak,GORAKHPUR,Gorakhpur,-,26.405964,83.35375,9,844,2026-01-01 00:00:00,2026-09-05 18:00:00,True
Gorakhpur Gola Gopalpur Patham,GORAKHPUR,Gorakhpur,-,26.370555,83.321349,9,845,2026-01-01 00:00:00,2026-09-05 18:00:00,True
Gorakhpur Gola Turkwaliya,GORAKHPUR,Gorakhpur,-,26.877581,83.255728,9,881,2026-01-01 00:00:00,2026-09-05 18:00:00,True
Gorakhpur Kauriram Dhausa,GORAKHPUR,Gorakhpur,-,26.502734,83.395847,9,884,2026-01-01 00:00:00,2026-09-05 00:00:00,True
Gorakhpur Kauriram Jagdispur Bhaluwan 2Nd,GORAKHPUR,Gorakhpur,-,26.442209,83.437771,9,843,2026-01-01 00:00:00,2026-09-05 18:00:00,True
Gorakhpur Pali Dumari Niwas,GORAKHPUR,Gorakhpur,-,26.850334,83.145914,9,880,2026-01-01 00:00:00,2026-09-05 00:00:00,True
Gorakhpur Pali Pali,GORAKHPUR,Gorakhpur,-,26.820966,83.199014,9,870,2026-01-01 00:00:00,2026-09-05 18:00:00,True
Gorakhpur Sahjanwa Kasrol,GORAKHPUR,Gorakhpur,-,26.757395,83.15174,9,890,2026-01-01 00:00:00,2026-09-04 12:41:00,True
Gorakhpur Sardarnagr Awadpur,GORAKHPUR,Gorakhpur,-,26.673028,83.538627,9,849,2026-01-01 00:00:00,2026-09-05 18:00:00,True
Gorakhpur Urwa Malhanpar,GORAKHPUR,Gorakhpur,-,26.54411,83.288612,9,896,2026-01-01 00:00:00,2026-09-05 00:00:00,True
Goshala Bada Gaon,BANDA,-,-,25.507743,80.645981,9,896,2026-01-01 00:00:00,2026-09-05 18:00:00,True
Goshala Bankat,BANDA,-,-,25.557483,80.948938,9,888,2026-01-01 00:00:00,2026-09-05 18:00:00,True
Goshala Basela,HAMIRPUR,-,-,25.533503,79.50998,9,892,2026-01-01 00:00:00,2026-09-05 18:00:00,True
Goshala Bhadehdu,BANDA,-,-,25.462597,80.706021,9,900,2026-01-01 00:00:00,2026-09-05 18:00:00,True
Goshala Churaha,HAMIRPUR,-,-,25.731688,79.494467,9,752,2026-01-01 00:00:00,2026-09-05 18:00:00,True
Goshala Ghuri,BANDA,-,-,25.427643,80.564512,9,900,2026-01-01 00:00:00,2026-09-05 18:00:00,True
Goshala Pachhahan,BANDA,-,-,25.532277,80.927357,9,888,2026-01-02 00:00:00,2026-09-05 18:00:00,True
Goyla,MUZAFFARNAGAR,MUZAFFARNAGAR,-,29.305,77.5925,9,831,2026-01-01 00:00:00,2026-09-05 12:00:00,True
"Gram Panchayat Sachiwalaya / D.B.R. Ambedkar Samudayak Bhawan, Durkhuroo",JHANSI,-,-,25.604794,79.305284,9,884,2026-01-01 00:00:00,2026-09-05 18:00:00,True
Grampunchayat Sachiwalaya Deori,SONBHADRA,-,-,24.671632,83.147754,9,892,2026-01-01 00:00:00,2026-09-05 18:00:00,True
Gundaha,HAMIRPUR,-,-,25.6046,80.162658,8,618,2026-01-01 00:00:00,2026-09-05 18:00:00,True
Gyana Majra Pr. Vid.,MUZAFFARNAGAR,CHARTHAWAL,CHARTHAWAL,29.58694444,77.49777778,9,823,2026-01-01 00:00:00,2026-09-05 12:00:00,True
HARNHAPUR PRATHAMIK VIDYALAYA,PRATAPGARH,-,-,25.829221,81.995258,9,790,2026-01-01 00:00:00,2026-09-05 18:00:00,True
HOLAGARH PURV MADHYAMIK VIDYALAYA,PRATAPGARH,-,-,25.641014,81.774224,9,802,2026-01-01 00:00:00,2026-09-05 18:00:00,True
Halwana,SAHARANPUR,Saharanpur,-,30.054007,77.717608,9,823,2026-01-01 00:00:00,2026-09-05 12:00:00,True
Hamirpur Kurara Damar,CHITRAKOOT,-,-,25.983688,79.960714,9,836,2026-01-01 00:00:00,2026-09-05 18:00:00,True
Hamirpur Kurara Jalokhar,CHITRAKOOT,-,-,25.965865,80.021851,9,794,2026-01-01 00:00:00,2026-09-05 18:00:00,True
Hamirpur Sarila Purani,CHITRAKOOT,-,-,25.755058,79.771884,9,907,2026-01-01 02:50:00,2026-09-05 18:00:00,True
Hamirpur Sumerpur Etara,CHITRAKOOT,-,-,25.778761,80.1550852,9,844,2026-01-01 00:00:00,2026-09-05 18:00:00,True
Hamirpur Sumerpur Para,CHITRAKOOT,-,-,25.807394,80.194179,9,844,2026-01-01 00:00:00,2026-09-05 18:00:00,True
Hathras Hathras Hathras,AGRA,-,-,27.627038,78.136311,9,946,2026-01-01 00:00:00,2026-09-05 18:00:00,True
Hathras Mursan Chandapa Sandh,AGRA,-,-,27.520875,78.04112,9,906,2026-01-02 18:00:00,2026-09-05 00:00:00,True
High School & Inter College Boroda,MUZAFFARNAGAR,-,-,29.248289,77.433039,8,679,2026-01-01 00:00:00,2026-09-05 18:00:00,True
"ITI Campus, ITI Campus Area",MUZAFFARNAGAR,-,-,29.441185,77.700481,9,781,2026-01-01 00:00:00,2026-09-05 18:00:00,True
Inter Collage Khampar,DEORIA,-,-,26.355798,84.059758,9,904,2026-01-01 00:00:00,2026-09-05 18:00:00,True
"Inter College, Sarv Hitakari",BAGHPAT,-,-,28.953525,78.291638,9,811,2026-01-01 00:00:00,2026-09-05 18:00:00,True
"Inter college, Tindwara",BANDA,Banda,-,25.420436,80.363969,8,891,2026-01-05 12:00:00,2026-08-29 00:00:00,True
"Irrigation Department, Amawar",SONBHADRA,-,-,24.1269591,83.294159,9,817,2026-01-01 00:00:00,2026-09-05 12:00:00,True
Jamalpur_2,LALITPUR,-,-,24.92512,78.48457,8,679,2026-01-01 00:00:00,2026-09-05 18:00:00,True
"Janata Inter College, Lachheda",MUZAFFARNAGAR,-,-,29.410389,77.658445,9,931,2026-01-01 00:00:00,2026-09-05 18:00:00,True
Jauharpur,BANDA,-,-,25.708463,80.56846,8,687,2026-01-01 00:00:00,2026-09-05 18:00:00,True
Jaunpur Dobhi Bagerwa,VARANASI,-,-,25.596996,83.013419,8,792,2026-01-01 00:00:00,2026-08-27 16:38:00,True
Jaunpur Dobhi Bankati,VARANASI,-,-,25.613383,83.012806,9,481,2026-01-01 00:00:00,2026-09-05 18:00:00,True
Jaunpur Dobhi Kachhawan,VARANASI,-,-,25.62784,83.003728,9,457,2026-01-01 00:00:00,2026-09-05 18:00:00,True
Jaunpur Dobhi Kakarapar,VARANASI,-,-,25.589937,83.038319,9,485,2026-01-01 00:00:00,2026-09-05 18:00:00,True
Jaunpur Jalalpur Katuwani,VARANASI,-,-,25.602903,82.852917,9,832,2026-01-01 00:00:00,2026-09-05 18:00:00,True
Jaunpur Jalalpur Vanpurwa,VARANASI,-,-,25.598358,82.817138,9,827,2026-01-01 00:00:00,2026-09-05 18:00:00,True
Jaunpur Jalalpur Vind,VARANASI,-,-,25.581071,82.845642,9,814,2026-01-01 06:00:00,2026-09-05 18:00:00,True
Jaunpur Kerakat  Kharg Senpur,VARANASI,-,-,25.598953,82.873162,9,879,2026-01-01 00:00:00,2026-09-05 18:00:00,True
Jaunpur Kerakat Barbaspur (Sohani),VARANASI,-,-,25.598945,82.873246,9,850,2026-01-01 00:00:00,2026-09-04 00:00:00,True
Jaunpur Kerakat Mahali,VARANASI,-,-,25.579298,82.947359,9,853,2026-01-01 00:00:00,2026-09-05 18:00:00,True
Jaunpur Kerakat Nihalapur,VARANASI,-,-,25.58865,82.891742,9,858,2026-01-01 00:00:00,2026-09-05 18:00:00,True
Jaunpur Rampur Kamaruddin,VARANASI,-,-,25.435949,82.712692,9,830,2026-01-01 06:00:00,2026-09-05 18:00:00,True
Jaunpur Rampur Kaseru Nonara,VARANASI,-,-,25.476637,82.620935,9,489,2026-01-01 00:00:00,2026-09-05 18:00:00,True
Jaunpur Rampur Kathwatiya,VARANASI,-,-,25.441039,82.700215,9,853,2026-01-01 00:00:00,2026-09-05 18:00:00,True
Jaunpur Rampur Sultanpur,VARANASI,-,-,25.461207,82.638461,9,836,2026-01-01 00:00:00,2026-09-05 18:00:00,True
Jaurahi_1,BANDA,-,-,25.482499,80.438701,8,644,2026-01-09 12:00:00,2026-09-05 18:00:00,True
"Jr. High School, Purwa Tarouha",CHITRAKOOT,-,-,25.2842,81.2466,8,654,2026-01-01 00:00:00,2026-09-05 00:00:00,True
Junior High School Sihiriya,JHANSI,-,-,25.244208,78.522504,9,908,2026-01-01 00:00:00,2026-09-05 06:00:00,True
KOSHAK IMAM PRATHMIK VIDYALAYA,KAUSHAMBI,-,-,25.355687,81.389265,9,682,2026-01-01 00:00:00,2026-09-05 18:00:00,True
Kamhariya_1,HAMIRPUR,-,-,25.70844,80.03506,8,675,2026-01-01 00:00:00,2026-09-05 18:00:00,True
Kandhari Kala,LALITPUR,-,-,25.18166,78.56607,8,682,2026-01-01 06:00:00,2026-09-05 18:00:00,True
Khedki_1,BAGHPAT,-,-,29.038889,77.237337,8,681,2026-01-01 00:00:00,2026-09-05 18:00:00,True
Khojapur,AZAMGARH,Azamgarh,-,26.068889,83.238889,9,827,2026-01-01 00:00:00,2026-09-05 12:00:00,True
Khursropur,MUZAFFARNAGAR,MUZAFFARNAGAR,-,29.513333,77.576389,9,823,2026-01-01 00:00:00,2026-09-05 12:00:00,True
Kukwa Khaas,BANDA,-,-,25.73427,80.40697157,8,673,2026-01-01 00:00:00,2026-09-05 18:00:00,True
Kusarma,MAHOBA,-,-,25.474473,79.705984,8,663,2026-01-01 00:00:00,2026-09-05 18:00:00,True
Kushinagar Captanganj Captanganj,GORAKHPUR,-,-,26.929571,83.722809,9,840,2026-01-01 00:00:00,2026-09-05 18:00:00,True
Kushinagar Captanganj Senduriya Vishunpur,GORAKHPUR,-,-,26.853547,83.570716,9,896,2026-01-01 00:00:00,2026-09-05 00:00:00,True
Kushinagar Dudhai Dudhai,GORAKHPUR,-,-,26.797767,84.156572,9,818,2026-01-01 00:00:00,2026-09-05 00:00:00,True
Kushinagar Dudhai Gorariya,GORAKHPUR,-,-,26.842403,84.1513214,9,860,2026-01-01 00:00:00,2026-09-05 18:00:00,True
Kushinagar Dudhai Lala Chhapra,GORAKHPUR,-,-,26.816625,84.087488,9,856,2026-01-01 00:00:00,2026-09-05 18:00:00,True
Kushinagar Fazilnagar  Belwakala,GORAKHPUR,-,-,26.641525,84.032483,9,870,2026-01-01 00:00:00,2026-09-05 18:00:00,True
Kushinagar Fazilnagar Jokwa Bujurg,GORAKHPUR,-,-,26.69364,84.013048,9,846,2026-01-01 00:00:00,2026-09-05 18:00:00,True
Kushinagar Fazilnagar Narayanpur Khoti,GORAKHPUR,-,-,26.585795,84.010243,9,862,2026-01-01 00:00:00,2026-09-05 18:00:00,True
Kushinagar Khadda Basdila,GORAKHPUR,-,-,27.17613,83.885634,9,830,2026-01-01 00:00:00,2026-09-05 18:00:00,True
Kushinagar Khadda Khadda,GORAKHPUR,-,-,26.863188,83.958825,9,925,2026-01-01 00:00:00,2026-09-05 18:00:00,True
Kushinagar Motichak Mathauli Bazar,GORAKHPUR,-,-,26.857247,83.748407,9,817,2026-01-01 00:00:00,2026-09-04 00:00:00,True
Kushinagar Motichak Motichak,GORAKHPUR,-,-,26.788696,83.716851,9,877,2026-01-01 00:00:00,2026-09-05 00:00:00,True
Kushinagar Sewarhi  Rampur Bagra N0.2,GORAKHPUR,-,-,26.615684,84.3281556,9,850,2026-01-01 00:00:00,2026-09-05 18:00:00,True
Kushinagar Sewarhi Sewarhi,GORAKHPUR,-,-,26.724761,84.216518,9,857,2026-01-01 00:00:00,2026-09-05 18:00:00,True
Kushinagar Tamkuhi Rajwatiya,GORAKHPUR,-,-,26.689937,84.115806,9,896,2026-01-01 00:00:00,2026-09-05 00:00:00,True
Kushinagar Tamkuhi Tamkuhi,GORAKHPUR,-,-,26.88383,84.012076,9,842,2026-01-01 00:00:00,2026-09-05 18:00:00,True
Ladaka Purwa,BANDA,-,-,25.50235471,80.35637947,8,692,2026-01-01 00:00:00,2026-09-05 18:00:00,True
Lagdi Gullar Prathmik Vidyalaya,SHRAWASTI,-,-,27.596,81.7717,9,824,2026-01-01 00:00:00,2026-09-05 18:00:00,True
Luktra,BANDA,-,-,25.610073,80.320509,8,592,2026-01-01 00:00:00,2026-09-05 18:00:00,True
MANDHATA PURV MADHYAMIK VIDYALAYA,PRATAPGARH,-,-,25.794536,81.88136,9,802,2026-01-01 00:00:00,2026-09-05 18:00:00,True
Madarpur_1,HAMIRPUR,-,-,25.64685518,80.1016,8,660,2026-01-01 00:00:00,2026-09-05 18:00:00,True
"Madhyamik Vidhyalaya, Dulha Daul",MIRZAPUR,-,-,25.0510555,82.7976881,9,805,2026-01-01 00:00:00,2026-09-05 12:00:00,True
"Mahadeva Temple, Mahadeva",SANT RAVIDAS NAGAR,-,-,25.2583663,82.210953,9,825,2026-01-01 00:00:00,2026-09-05 12:00:00,True
Maharajganj Dhani Nausagar,GORAKHPUR,-,-,27.170024,83.18968,9,751,2026-01-01 00:00:00,2026-09-05 18:00:00,True
Maharajganj Mithaura Bhagatar,GORAKHPUR,-,-,27.219543,83.661949,9,773,2026-01-01 00:00:00,2026-09-05 18:00:00,True
Maharajganj Mithaura Madanpura,GORAKHPUR,-,-,27.284935,83.691957,9,842,2026-01-01 00:00:00,2026-09-05 18:00:00,True
Maharajganj Nautanwa Purniha,GORAKHPUR,-,-,27.37898,83.710192,9,761,2026-01-01 00:00:00,2026-09-05 18:00:00,True
Maharajganj Nautanwa Sampatiha,GORAKHPUR,-,-,27.349231,83.374206,9,821,2026-01-01 00:00:00,2026-09-05 18:00:00,True
Maharajganj Nichlaul Balaekhor,GORAKHPUR,-,-,27.23984,83.750953,9,879,2026-01-01 00:00:00,2026-09-05 18:00:00,True
Maharajganj Nichlaul Garaura,GORAKHPUR,-,-,27.428224,83.448121,8,864,2026-01-01 00:00:00,2026-08-31 12:00:00,True
Maharajganj Siswa Siswa,GORAKHPUR,-,-,27.141974,83.767362,9,838,2026-01-01 00:00:00,2026-09-05 18:00:00,True
Mahgaon (UP-031),KAUSHAMBI,Kaushambi,-,25.508611,81.6138994,9,857,2026-01-01 00:00:00,2026-09-04 00:00:00,True
Mahoba Charkhari Kuaan,CHITRAKOOT,-,-,25.547944,79.880034,9,902,2026-01-01 00:00:00,2026-09-05 18:00:00,True
Mahoba Charkhari Natara,CHITRAKOOT,-,-,25.463484,79.828343,9,912,2026-01-01 00:00:00,2026-09-05 18:00:00,True
Mahoba Charkhari Padha,CHITRAKOOT,-,-,25.486655,79.879987,9,835,2026-01-01 00:00:00,2026-09-03 00:00:00,True
Mahoba Jaitpur saguniyamaph,CHITRAKOOT,-,-,25.175313,79.466089,9,873,2026-01-01 00:00:00,2026-09-05 18:00:00,True
Mahoba Kabrai Karaha,CHITRAKOOT,-,-,25.48727,80.086818,9,882,2026-01-01 00:00:00,2026-09-05 18:00:00,True
Mahoba Kabrai Sisri Kala,CHITRAKOOT,-,-,25.464895,80.093568,9,844,2026-01-01 00:00:00,2026-09-05 18:00:00,True
Mahoba Panwari Didvara,CHITRAKOOT,-,-,25.381003,79.45285,9,848,2026-01-01 00:00:00,2026-09-05 18:00:00,True
Mainpuri Karhal  Rajpur,AGRA,-,-,26.997657,78.939961,9,691,2026-01-01 00:00:00,2026-09-01 00:00:00,True
Mainpuri Karhal Mohabbatpur,AGRA,-,-,26.961816,79.017749,8,904,2026-01-01 00:00:00,2026-08-30 12:00:00,True
Mainpuri Karhal Naglamdari,AGRA,-,-,27.101155,78.986265,9,848,2026-01-01 00:00:00,2026-09-05 18:00:00,True
Mainpuri Karhal Takhrau,AGRA,-,-,28.994016,78.995099,9,952,2026-01-01 00:00:00,2026-09-05 00:00:00,True
Mainpuri Karhal Timrakh,AGRA,-,-,27.069532,79.096808,8,919,2026-01-01 00:00:00,2026-08-29 00:00:00,True
Mandi Samiti-Muzaffar Nagar-Medium,MUZAFFARNAGAR,-,-,29.486809,77.686751,9,829,2026-01-01 00:00:00,2026-09-04 00:00:00,True
Mankuwar,CHITRAKOOT,-,-,25.24603172,81.41526157,8,664,2026-01-01 00:00:00,2026-09-05 18:00:00,True
Mathura Baldeo  Khanpur,AGRA,-,-,27.431282,77.785794,9,822,2026-01-01 00:00:00,2026-09-05 18:00:00,True
Mathura Chaumuha Navagaon-11,AGRA,-,-,27.706068,77.605101,9,830,2026-01-01 00:00:00,2026-09-05 18:00:00,True
Mathura Chhata Chandauri,AGRA,-,-,27.771346,77.50228,9,775,2026-01-01 00:00:00,2026-09-04 00:00:00,True
Mathura Chhata Sher Nagar,AGRA,-,-,27.860366,77.534875,9,850,2026-01-01 06:00:00,2026-09-05 18:00:00,True
Mathura Nandgaon Nandgaon Dehat,AGRA,-,-,27.716469,77.385499,9,825,2026-01-01 00:00:00,2026-09-05 18:00:00,True
Mathura Nandgaon Vathainkala,AGRA,-,-,27.777899,77.38627,9,814,2026-01-01 00:00:00,2026-09-05 00:00:00,True
Mathura Naujheel Badharra,AGRA,-,-,27.871051,77.687433,9,871,2026-01-01 00:00:00,2026-09-05 18:00:00,True
Mathura Pharah Nagala Medhaki,AGRA,-,-,27.35226,77.72607,9,903,2026-01-01 00:00:00,2026-09-05 00:00:00,True
Mathura Rayan Kharaba,AGRA,-,-,27.573159,77.793496,9,899,2026-01-01 00:00:00,2026-09-05 18:00:00,True
Meerut Janikhurd Afjalpur Pavati,MEERUT,-,-,28.981737,77.610493,9,856,2026-01-01 00:00:00,2026-09-05 18:00:00,True
Meerut Janikhurd Satvai,MEERUT,-,-,29.010587,77.545764,9,845,2026-01-01 00:00:00,2026-09-05 18:00:00,True
Meerut Sardhana Chhabariya,MEERUT,-,-,29.156717,77.577927,8,740,2026-01-01 00:00:00,2026-09-05 18:00:00,True
Murwa_1,BANDA,-,-,25.29273,80.40833,8,668,2026-01-01 00:00:00,2026-09-05 18:00:00,True
"Nagar Palika Campus, Gyanpur",SANT RAVIDAS NAGAR,-,-,25.3332077,82.4683371,9,817,2026-01-01 00:00:00,2026-09-05 12:00:00,True
Naglakabu_1,MEERUT,-,-,28.897382,77.800233,8,692,2026-01-01 00:00:00,2026-09-05 18:00:00,True
Narajit,BANDA,-,-,25.81312,80.29355,8,639,2026-01-02 18:00:00,2026-09-05 18:00:00,True
Navrasia,AZAMGARH,Azamgarh,-,25.7725,83.186111,9,835,2026-01-01 00:00:00,2026-09-05 12:00:00,True
Niwabhari Prathmik Vidyalaya,SHRAWASTI,-,-,27.7121,81.80311,9,832,2026-01-01 00:00:00,2026-09-05 18:00:00,True
"Office of Assistant Director, Resham",SONBHADRA,Sonbhadra,-,24.70463,83.016432,9,900,2026-01-01 00:00:00,2026-09-04 18:00:00,True
"Office of the Development Officer, Dakore",JALAUN,-,-,25.875155,79.424354,9,885,2026-01-01 00:00:00,2026-09-05 18:00:00,True
P.S Engohata,HAMIRPUR,-,-,25.754925,80.11454,8,666,2026-01-01 00:00:00,2026-09-05 18:00:00,True
PAHARPUR BARIGAWA PRATHMIK VIDYALAYA,FATEHPUR,-,-,25.961711,80.363301,9,810,2026-01-01 00:00:00,2026-09-05 18:00:00,True
PRIMARY SCHOOL BAKAR GANJ,KAUSHAMBI,-,-,25.387514,81.305159,9,810,2026-01-01 00:00:00,2026-09-05 18:00:00,True
PRIMARY SCHOOL RAMUGHAT,GORAKHPUR,-,-,26.89764,83.29065,9,818,2026-01-01 00:00:00,2026-09-05 12:00:00,True
Paderi,BANDA,-,-,25.80037425,80.44327684,8,661,2026-01-01 00:00:00,2026-09-05 18:00:00,True
Pahara_2,CHITRAKOOT,-,-,25.228827,80.786165,8,670,2026-01-01 06:00:00,2026-09-05 18:00:00,True
Palhari_1,BANDA,-,-,25.47025,80.364346,8,637,2026-01-09 12:00:00,2026-09-05 18:00:00,True
Panchayat Bhawan  Suhel,CHITRAKOOT,-,-,25.325606,81.308109,9,815,2026-01-01 01:17:00,2026-09-04 13:17:00,True
"Panchayat Bhawan , Jafarabad Nagla",BAGHPAT,-,-,29.0172,77.308,9,796,2026-01-01 00:00:00,2026-09-04 18:00:00,True
Panchayat Bhawan Kuda Nar Singhpur,BUDAUN,-,-,28.005664,78.98789,9,877,2026-01-01 00:00:00,2026-09-05 18:00:00,True
Panchayat Bhawan Usmanpur,BUDAUN,-,-,28.121016,78.671116,9,909,2026-01-01 00:00:00,2026-09-05 18:00:00,True
"Panchayat Bhawan, Dohri",MIRZAPUR,-,-,25.1685239,83.1094358,9,825,2026-01-01 00:00:00,2026-09-05 12:00:00,True
"Panchayat Bhawan, Kul Doomri",SONBHADRA,-,-,24.2102896,82.8047791,9,821,2026-01-01 00:00:00,2026-09-05 12:00:00,True
"Panchayat Bhwan, Kon",SONBHADRA,-,-,24.3397623,83.3637455,9,821,2026-01-01 00:00:00,2026-09-05 12:00:00,True
Patanpur_1,HAMIRPUR,-,-,25.755958,80.054172,8,691,2026-01-01 00:00:00,2026-09-05 18:00:00,True
Pathrodi,CHITRAKOOT,-,-,25.21556,80.83345,8,670,2026-01-01 00:00:00,2026-09-05 18:00:00,True
Perthivipur Nayakh,JHANSI,-,-,25.204661,78.49704,8,495,2026-01-01 00:00:00,2026-09-05 18:00:00,True
Piparaond,CHITRAKOOT,-,-,25.279,81.303,8,658,2026-01-01 00:00:00,2026-09-05 18:00:00,True
Pipraundha,HAMIRPUR,-,-,25.72944441,80.06851122,8,673,2026-01-01 18:00:00,2026-09-02 18:00:00,True
Poorv Madhamik Vidhyalaya Kaseti,ETAH,-,-,27.583061,78.649359,9,895,2026-01-01 00:00:00,2026-09-05 18:00:00,True
"Prathmik Vidhyala, Riawali Nagla",MUZAFFARNAGAR,-,-,29.246667,77.527235,9,792,2026-01-01 04:33:00,2026-09-04 16:33:00,True
Prathmik Vidhyalaya Bant,LALITPUR,-,-,24.495771,78.370748,9,908,2026-01-01 00:00:00,2026-09-05 18:00:00,True
Prathmik Vidhyalaya Barha,JALAUN,-,-,26.104594,79.108455,9,899,2026-01-02 00:00:00,2026-09-05 18:00:00,True
Prathmik Vidhyalaya Mahugarh,MIRZAPUR,-,-,24.838229,82.263095,9,798,2026-01-01 18:00:00,2026-09-05 12:00:00,True
Prathmik Vidhyalaya Manohari,JALAUN,-,-,25.990895,79.252945,9,892,2026-01-01 00:00:00,2026-09-05 18:00:00,True
Prathmik Vidhyalaya Pahalgaon,JHANSI,-,-,25.543517,78.636492,9,896,2026-01-03 00:00:00,2026-09-05 18:00:00,True
Prathmik Vidhyalaya Pipra Sarvan,DEORIA,-,-,26.219622,83.901575,9,908,2026-01-01 00:00:00,2026-09-05 18:00:00,True
Prathmik Vidhyalaya Sirasiya Pawar,DEORIA,-,-,26.365128,84.155879,9,908,2026-01-01 00:00:00,2026-09-05 18:00:00,True
Prathmik Vidhyalaya Takuli (Durahi Maafi),BANDA,-,-,25.367995,80.523181,9,904,2026-01-01 00:00:00,2026-09-05 18:00:00,True
"Prathmik Vidhyalaya, AhmadShahPur Padra",BAGHPAT,-,-,28.983832,77.301215,9,891,2026-01-01 00:00:00,2026-09-05 00:00:00,True
"Prathmik Vidhyalaya, Bali",BAGHPAT,-,-,28.969875,77.284814,9,811,2026-01-01 05:15:00,2026-09-04 17:15:00,True
"Prathmik Vidhyalaya, Bichpari Kamali",BAGHPAT,-,-,29.018045,77.297872,9,854,2026-01-01 03:54:00,2026-09-04 09:54:00,True
"Prathmik Vidhyalaya, Biharipur",BAGHPAT,-,-,29.041019,77.21419,9,807,2026-01-01 00:12:00,2026-09-04 12:00:00,True
"Prathmik Vidhyalaya, Didhora  Sadullapur",BAGHPAT,-,-,29.032115,77.296782,9,804,2026-01-01 00:00:00,2026-09-04 12:00:00,True
"Prathmik Vidhyalaya, Doula",BAGHPAT,-,-,28.95697,77.336225,9,881,2026-01-01 02:17:00,2026-09-01 14:17:00,True
"Prathmik Vidhyalaya, Gwalikhera",BAGHPAT,-,-,29.015218,77.340526,9,800,2026-01-01 02:01:00,2026-09-04 14:01:00,True
"Prathmik Vidhyalaya, Katiliaha",FATEHPUR,-,-,25.947553,80.538464,9,904,2026-01-01 00:00:00,2026-09-05 18:00:00,True
"Prathmik Vidhyalaya, Khampur",BAGHPAT,-,-,29.060907,77.189343,9,801,2026-01-01 00:00:00,2026-09-04 12:00:00,True
"Prathmik Vidhyalaya, Khera Islampur",BAGHPAT,-,-,29.04786,77.24112,9,799,2026-01-01 11:20:00,2026-09-04 11:20:00,True
"Prathmik Vidhyalaya, Makarndpur",FATEHPUR,-,-,25.971392,80.327558,9,900,2026-01-01 00:00:00,2026-09-05 18:00:00,True
"Prathmik Vidhyalaya, Medpur",MEERUT,-,-,28.969047,77.80315,9,878,2026-01-01 03:50:00,2026-09-04 09:50:00,True
"Prathmik Vidhyalaya, Nehlawa",SIDDHARTHNAGAR,-,-,27.220485,82.895274,9,884,2026-01-01 00:00:00,2026-09-05 18:00:00,True
"Prathmik Vidhyalaya, Phaprana",GHAZIABAD,-,-,28.833155,77.553142,9,904,2026-01-01 00:00:00,2026-09-05 18:00:00,True
"Prathmik Vidhyalaya, Ramnagar",BAGHPAT,-,-,29.021858,77.382751,9,804,2026-01-01 00:00:00,2026-09-04 12:00:00,True
"Prathmik Vidhyalaya, Shahjahanpur_1",GHAZIABAD,-,-,28.839868,77.620735,9,888,2026-01-02 00:00:00,2026-09-05 18:00:00,True
"Prathmik Vidhyalaya, Sikhera_1",BAGHPAT,-,-,28.918155,77.368565,9,886,2026-01-01 00:00:00,2026-09-05 00:00:00,True
"Prathmik Vidhyalaya, Taizullahpur",BAGHPAT,-,-,29.02142,77.204972,8,782,2026-01-01 00:00:00,2026-09-04 12:00:00,True
"Prathmik Vidhyalaya, Thavai",FATEHPUR,-,-,25.858831,80.592363,9,758,2026-01-01 00:00:00,2026-09-05 18:00:00,True
"Prathmik Vidhyalaya, vilodhpura",BAGHPAT,-,-,29.005606,77.335548,9,794,2026-01-01 00:00:00,2026-09-04 12:00:00,True
"Pratmik Vidhyalaya, Kakaruwa",LALITPUR,-,-,24.469372,78.630085,9,916,2026-01-01 00:00:00,2026-09-05 18:00:00,True
Priamry School Mukasim,SONBHADRA,-,-,24.770778,82.926456,9,916,2026-01-01 00:00:00,2026-09-05 18:00:00,True
"Primary  School, Nawada Kalan",SANT RAVIDAS NAGAR,-,-,25.4286191,82.5155066,9,797,2026-01-01 00:00:00,2026-09-05 12:00:00,True
"Primary / Composite School, Banwaripur",BAGHPAT,-,-,29.055191,77.522527,8,908,2026-01-01 00:00:00,2026-08-27 13:31:00,True
"Primary / Composite School, Chiraudi",MEERUT,-,-,29.150527,77.679529,9,710,2026-01-01 00:00:00,2026-09-05 18:00:00,True
"Primary / Composite School, Jainpur",BAGHPAT,-,-,29.130855,77.514345,9,820,2026-01-01 06:00:00,2026-09-01 00:00:00,True
"Primary / Composite School, Jasad",BAGHPAT,-,-,29.143684,77.520926,9,657,2026-01-01 00:00:00,2026-09-05 18:00:00,True
"Primary / Composite School, Mahalaka",MEERUT,-,-,29.151556,77.777042,9,775,2026-01-01 00:00:00,2026-09-04 00:00:00,True
"Primary / Composite School, Mohaddinpur",BAGHPAT,-,-,28.888823,77.618969,9,863,2026-01-01 00:00:00,2026-09-05 18:00:00,True
"Primary / Composite School, Pepala",BAGHPAT,-,-,28.991386,77.614937,9,867,2026-01-01 00:00:00,2026-09-05 18:00:00,True
"Primary / Composite School, Saradhana Block Office",BAGHPAT,-,-,29.143504,77.608033,9,855,2026-01-01 00:00:00,2026-09-05 18:00:00,True
Primary School  Bihasara,MIRZAPUR,-,-,25.14932,82.344415,9,797,2026-01-01 00:00:00,2026-09-05 12:00:00,True
Primary School  Biraura,MIRZAPUR,-,-,25.215747,82.449342,9,805,2026-01-01 00:00:00,2026-09-05 12:00:00,True
Primary School  Maharaji,GORAKHPUR,-,-,26.769306,83.467169,9,842,2026-01-01 00:00:00,2026-09-05 12:00:00,True
Primary School Ashadh,VARANASI,-,-,25.257645,82.783523,9,916,2026-01-01 00:00:00,2026-09-05 18:00:00,True
Primary School Babura,MIRZAPUR,-,-,25.2154433,82.4476865,9,809,2026-01-01 00:00:00,2026-09-05 12:00:00,True
Primary School Baijnathpur,GORAKHPUR,-,-,26.849192,83.36995,9,872,2026-01-01 00:00:00,2026-09-05 18:00:00,True
Primary School Bargdhi,GORAKHPUR,-,-,26.873247,83.465318,8,728,2026-01-02 00:00:00,2026-08-15 18:00:00,True
Primary School Bhata Diha,GORAKHPUR,-,-,26.461038,83.192317,9,888,2026-01-01 00:00:00,2026-09-05 18:00:00,True
Primary School Bilona,FATEHPUR,-,-,25.950892,80.585982,9,892,2026-01-01 00:00:00,2026-09-05 18:00:00,True
Primary School Campus Aurangabad,AZAMGARH,-,-,25.918269,82.842979,9,892,2026-01-01 00:00:00,2026-09-05 18:00:00,True
Primary School Campus Powai,AZAMGARH,-,-,26.17301,82.724903,9,896,2026-01-01 00:00:00,2026-09-05 18:00:00,True
Primary School Campus Sikraura,AZAMGARH,-,-,25.749317,82.96128,9,908,2026-01-01 00:00:00,2026-09-05 18:00:00,True
Primary School Chandrapur Bichpuri,BAREILLY,-,-,28.375688,79.469907,9,877,2026-01-01 00:00:00,2026-09-05 18:00:00,True
Primary School Charkonwa,SONBHADRA,-,-,24.70805,83.285343,9,892,2026-01-01 00:00:00,2026-09-05 18:00:00,True
Primary School Chobla,MEERUT,-,-,28.990055,77.525258,9,904,2026-01-01 00:00:00,2026-09-05 18:00:00,True
Primary School Cholahe,SHRAWASTI,-,-,27.785702,82.021451,9,863,2026-01-01 00:00:00,2026-09-05 18:00:00,True
Primary School Didhai,SIDDHARTHNAGAR,-,-,27.07485,82.836878,9,883,2026-01-01 00:00:00,2026-09-05 18:00:00,True
Primary School Dohriya,GORAKHPUR,-,-,26.790972,83.276767,9,916,2026-01-01 00:00:00,2026-09-05 18:00:00,True
Primary School English Medium Qutubpur Labdauna,SAHARANPUR,-,-,29.863856,77.582519,9,900,2026-01-02 00:00:00,2026-09-05 18:00:00,True
Primary School Gudha,LALITPUR,-,-,24.576391,78.83249,9,916,2026-01-01 00:00:00,2026-09-05 18:00:00,True
Primary School Harinahpur,MIRZAPUR,-,-,25.144713,82.617596,9,809,2026-01-01 00:00:00,2026-09-05 12:00:00,True
Primary School Harivanshpur,SIDDHARTHNAGAR,-,-,27.354405,83.262064,9,896,2026-01-01 00:00:00,2026-09-05 18:00:00,True
Primary School Jagannathpur,BAREILLY,-,-,28.391064,79.106635,9,901,2026-01-01 00:00:00,2026-09-05 18:00:00,True
Primary School Jagdishpur Pratham,GORAKHPUR,-,-,26.908421,83.369819,9,916,2026-01-01 00:00:00,2026-09-05 18:00:00,True
Primary School Jainpur,GORAKHPUR,-,-,26.901924,83.431349,9,835,2026-01-01 00:00:00,2026-09-05 12:00:00,True
Primary School Jairampur,JALAUN,-,-,26.073342,79.736915,9,896,2026-01-01 00:00:00,2026-09-05 18:00:00,True
Primary School Jamunia,MIRZAPUR,-,-,25.051105,82.429218,9,900,2026-01-01 00:00:00,2026-09-05 18:00:00,True
Primary School Jatmujheda,MUZAFFARNAGAR,-,-,29.467576,77.812204,9,888,2026-01-01 00:00:00,2026-09-05 18:00:00,True
Primary School Karwal,GORAKHPUR,-,-,26.4079892,83.4524448,9,838,2026-01-01 00:00:00,2026-09-05 12:00:00,True
Primary School Keshawpur Pratham,GORAKHPUR,-,-,26.762616,83.247742,9,817,2026-01-01 00:00:00,2026-09-05 12:00:00,True
Primary School Kucharam,CHITRAKOOT,-,-,25.355584,80.937801,8,876,2026-01-01 00:00:00,2026-08-26 18:00:00,True
Primary School Kurdi,BAGHPAT,-,-,29.242923,77.158297,9,888,2026-01-01 00:00:00,2026-09-05 18:00:00,True
Primary School Madari,FATEHPUR,-,-,26.001147,80.32093,9,784,2026-01-01 00:00:00,2026-09-04 18:00:00,True
Primary School Mainhe hardo,SIDDHARTHNAGAR,-,-,27.169413,82.741091,9,916,2026-01-01 00:00:00,2026-09-05 18:00:00,True
Primary School Masuri,GHAZIABAD,-,-,28.689048,77.546232,9,908,2026-01-01 00:00:00,2026-09-05 18:00:00,True
Primary School Mohammadpur Gurjar,SAHARANPUR,-,-,29.713612,77.301148,9,912,2026-01-01 00:00:00,2026-09-05 18:00:00,True
Primary School Nandapur,FATEHPUR,-,-,26.046211,80.522639,9,880,2026-01-01 00:00:00,2026-09-01 18:00:00,True
Primary School No. 1 Barawad,BAGHPAT,-,-,29.075979,77.326252,9,900,2026-01-01 00:00:00,2026-09-05 18:00:00,True
"Primary School No.1, Bitaoda",MUZAFFARNAGAR,-,-,29.249461,77.462947,9,791,2026-01-02 09:17:00,2026-09-04 09:17:00,True
Primary School Odaraha,VARANASI,-,-,26.375212,82.747088,9,912,2026-01-01 00:00:00,2026-09-05 18:00:00,True
Primary School Pahara,ETAH,-,-,27.54868,79.129681,9,924,2026-01-01 00:00:00,2026-09-05 18:00:00,True
Primary School Pinna,MUZAFFARNAGAR,-,-,29.465265,77.637349,9,892,2026-01-01 00:00:00,2026-09-05 18:00:00,True
Primary School Radnool Azizpur,BUDAUN,-,-,28.175687,78.640889,9,849,2026-01-01 00:00:00,2026-09-05 18:00:00,True
Primary School Rathoda,BAGHPAT,-,-,29.206348,77.211355,9,876,2026-01-02 00:00:00,2026-09-05 18:00:00,True
"Primary School Sahjanwa , Pratham Pipra",GORAKHPUR,-,-,26.751279,83.208295,9,839,2026-01-01 00:00:00,2026-09-05 12:00:00,True
Primary School Sahori,ETAH,-,-,27.594107,79.006204,9,900,2026-01-01 00:00:00,2026-09-05 18:00:00,True
Primary School Salawa,MEERUT,-,-,29.227554,77.661928,9,900,2026-01-01 00:00:00,2026-09-05 18:00:00,True
Primary School Sanda-Sanee,BANDA,-,-,25.501033,80.878924,9,892,2026-01-01 00:00:00,2026-09-05 18:00:00,True
Primary School Shekhpuri,MEERUT,-,-,28.997029,77.591019,8,768,2026-01-01 00:00:00,2026-08-15 18:00:00,True
Primary School Sonda,GHAZIABAD,-,-,28.838694,77.523594,9,900,2026-01-02 00:00:00,2026-09-05 18:00:00,True
Primary School Vamanpura,BUDAUN,-,-,27.849259,79.32002,9,907,2026-01-01 00:00:00,2026-09-05 18:00:00,True
Primary School chandsina,MUZAFFARNAGAR,-,-,29.290644,77.666145,9,793,2026-01-01 00:00:00,2026-09-05 18:00:00,True
Primary School kakrehwa,SIDDHARTHNAGAR,-,-,27.409922,83.214324,9,757,2026-01-01 00:00:00,2026-09-05 18:00:00,True
"Primary School,  Todarpur",VARANASI,-,-,25.2604258,82.8635575,9,798,2026-01-01 18:00:00,2026-09-05 12:00:00,True
"Primary School, Anrabali",MEERUT,-,-,29.022015,77.608379,8,357,2026-01-01 00:00:00,2026-08-21 18:00:00,True
"Primary School, Asara Bighawati",BAGHPAT,-,-,29.245882,77.315409,9,868,2026-01-01 00:00:00,2026-09-05 18:00:00,True
"Primary School, Badagaon bharati form",JHANSI,Jhansi,-,25.52784,78.573978,9,824,2026-01-01 00:00:00,2026-09-02 12:00:00,True
"Primary School, Baghpokhar",SONBHADRA,-,-,24.7949281,82.839969,9,821,2026-01-01 00:00:00,2026-09-05 12:00:00,True
"Primary School, Bamhauri",JHANSI,-,-,25.327954,79.22213,8,688,2026-01-01 18:00:00,2026-09-05 18:00:00,True
"Primary School, Bamhoori Khurd",MAHOBA,Mahoba,-,25.317413,79.679107,8,921,2026-01-01 00:00:00,2026-08-29 00:00:00,True
"Primary School, Bandpur",BAGHPAT,-,-,28.901758,77.266898,9,811,2026-01-01 00:00:00,2026-09-04 00:00:00,True
"Primary School, Bartha Lala",DEORIA,-,-,26.2619457,83.8599194,9,823,2026-01-01 00:00:00,2026-09-05 12:00:00,True
"Primary School, Basti",JALAUN,-,-,26.056467,79.183745,9,845,2026-01-01 00:00:00,2026-09-05 18:00:00,True
"Primary School, Belatal",MAHOBA,Mahoba,-,25.276829,79.551523,9,792,2026-01-01 00:00:00,2026-09-01 00:00:00,True
"Primary School, Belaukh",SIDDHARTHNAGAR,-,-,27.0728875,82.9882,9,802,2026-01-01 00:00:00,2026-09-05 18:00:00,True
"Primary School, Bgra khisani bujurg",JHANSI,Jhansi,-,25.277158,78.832417,9,861,2026-01-01 00:00:00,2026-09-04 00:00:00,True
"Primary School, Bhadauda",MEERUT,-,-,29.040462,77.513905,9,850,2026-01-01 00:00:00,2026-09-05 18:00:00,True
"Primary School, Bhagwanpur",BAGHPAT,-,-,29.183441,77.339036,9,829,2026-01-01 00:00:00,2026-09-05 18:00:00,True
"Primary School, Bhalsona",MEERUT,-,-,29.14366,77.520861,9,901,2026-01-01 00:00:00,2026-09-03 00:00:00,True
"Primary School, Bhartpura",LALITPUR,-,-,24.767445,78.303356,9,861,2026-01-02 06:00:00,2026-09-05 18:00:00,True
"Primary School, Bilata",LALITPUR,-,-,24.784226,78.706471,9,840,2026-01-01 00:00:00,2026-09-05 18:00:00,True
"Primary School, Block Office",BAGHPAT,-,-,28.869728,77.288321,9,837,2026-01-01 00:00:00,2026-09-05 18:00:00,True
"Primary School, Bodha",BAGHPAT,-,-,29.284083,77.166521,8,900,2026-01-01 00:00:00,2026-08-29 00:00:00,True
"Primary School, Bohra",JALAUN,-,-,26.260482,79.253268,8,919,2026-01-01 00:00:00,2026-08-29 00:00:00,True
"Primary School, Brahmpur",GORAKHPUR,-,-,26.5810775,83.5814486,9,815,2026-01-01 00:00:00,2026-09-05 12:00:00,True
"Primary School, Chariya Bujrag",DEORIA,Deoria,-,26.638454,83.7077951,9,843,2026-01-02 18:00:00,2026-09-05 12:00:00,True
"Primary School, Chiplatha",JHANSI,Jhansi,-,25.354984,78.764937,9,838,2026-01-01 06:00:00,2026-09-05 18:00:00,True
"Primary School, Dagarpur Tigadi",BAGHPAT,-,-,28.811386,77.322459,8,919,2026-01-01 00:00:00,2026-08-29 00:00:00,True
"Primary School, Dera Devra bujurg",JHANSI,Jhansi,-,25.744136,79.156663,8,881,2026-01-01 00:00:00,2026-08-26 06:00:00,True
"Primary School, Dewari",JALAUN,-,-,26.105777,79.289254,8,919,2026-01-01 00:00:00,2026-08-29 00:00:00,True
"Primary School, Dhanaura",JHANSI,Jhansi,-,25.726924,79.289829,8,856,2026-01-01 00:00:00,2026-08-29 00:00:00,True
"Primary School, Dhanaura Tikari",BAGHPAT,-,-,29.217309,77.451665,9,931,2026-01-01 00:00:00,2026-09-05 18:00:00,True
"Primary School, Dhankharpur",SIDDHARTHNAGAR,-,-,27.159064,82.579381,9,810,2026-01-01 00:00:00,2026-09-05 18:00:00,True
"Primary School, Dhikana",BAGHPAT,-,-,29.08345,77.218858,9,802,2026-01-01 00:00:00,2026-09-01 00:00:00,True
"Primary School, Evani",JHANSI,Jhansi,-,25.43777,79.229519,9,844,2026-01-01 00:00:00,2026-09-04 00:00:00,True
"Primary School, Gaidaira",LALITPUR,-,-,24.877889,78.607136,8,704,2026-01-01 00:00:00,2026-08-29 00:00:00,True
"Primary School, Garher",JALAUN,-,-,26.017751,79.382879,9,828,2026-01-01 00:00:00,2026-09-05 18:00:00,True
"Primary School, Gauripur Javahar Nagar",BAGHPAT,-,-,28.991657,77.222013,9,833,2026-01-01 00:00:00,2026-09-05 18:00:00,True
"Primary School, Gotaka",MEERUT,-,-,29.158535,77.518594,9,768,2026-01-01 06:00:00,2026-09-05 18:00:00,True
"Primary School, Gursarai tahrauli tahshil",JHANSI,Jhansi,-,25.533412,78.986807,8,918,2026-01-01 00:00:00,2026-08-29 00:00:00,True
"Primary School, Jhaaro Kalan",SONBHADRA,-,-,24.1816022,83.1503771,9,813,2026-01-01 00:00:00,2026-09-05 12:00:00,True
"Primary School, Jogehthi",MEERUT,-,-,29.047064,77.642502,9,862,2026-01-01 00:00:00,2026-09-05 18:00:00,True
"Primary School, Jogiya Khera",MUZAFFARNAGAR,-,-,29.294358,77.382058,9,898,2026-01-01 06:00:00,2026-09-05 06:00:00,True
"Primary School, Johadi",BAGHPAT,-,-,29.103029,77.340707,9,854,2026-01-01 00:00:00,2026-09-05 18:00:00,True
"Primary School, Kailgwan",LALITPUR,-,-,24.841849,78.760632,9,850,2026-01-01 00:00:00,2026-09-05 18:00:00,True
"Primary School, Kakadipur",BAGHPAT,-,-,29.253637,77.280787,9,842,2026-01-01 00:00:00,2026-09-05 18:00:00,True
"Primary School, Kakaurkala",BAGHPAT,-,-,29.173352,77.15018,9,822,2026-01-01 00:00:00,2026-09-05 18:00:00,True
"Primary School, Kalan Bar Devran",LALITPUR,-,-,24.818359,78.50096,9,706,2026-01-01 00:00:00,2026-09-05 18:00:00,True
"Primary School, Kalani Khurad",GORAKHPUR,-,-,26.690605,83.347525,9,827,2026-01-01 00:00:00,2026-09-05 12:00:00,True
"Primary School, Kantit",MIRZAPUR,Mirzapur,-,25.146835,82.5072723,9,805,2026-01-01 00:00:00,2026-09-05 12:00:00,True
"Primary School, Kaparwar",DEORIA,-,-,26.3054039,83.674568,9,807,2026-01-01 00:00:00,2026-09-05 12:00:00,True
"Primary School, Karasdev Mandir",LALITPUR,-,-,25.133382,78.556367,9,788,2026-01-01 00:00:00,2026-09-05 14:51:00,True
"Primary School, Kevtam",SONBHADRA,-,-,24.6300111,83.340011,9,797,2026-01-01 00:00:00,2026-09-05 12:00:00,True
"Primary School, Khandeura",BANDA,Banda,-,25.100075,80.576999,8,840,2026-01-01 06:00:00,2026-08-31 12:00:00,True
"Primary School, Khiriya",JHANSI,Jhansi,-,25.683912,78.9886,9,844,2026-01-01 00:00:00,2026-09-05 18:00:00,True
"Primary School, Khujurahokhurd",JHANSI,Jhansi,-,26.017751,79.382879,9,849,2026-01-01 00:00:00,2026-09-05 18:00:00,True
"Primary School, Kodai",VARANASI,-,-,25.4061837,82.7441688,9,799,2026-01-01 00:00:00,2026-09-05 18:00:00,True
"Primary School, Koilar",VARANASI,-,-,25.4097142,82.723222,9,801,2026-01-01 00:00:00,2026-09-05 12:00:00,True
"Primary School, Kritikhand",FATEHPUR,-,-,25.857666,80.580818,9,909,2026-01-01 00:00:00,2026-09-05 18:00:00,True
"Primary School, Leharthkurpura",JHANSI,Jhansi,-,25.242715,78.54858,9,853,2026-01-01 00:00:00,2026-09-05 18:00:00,True
"Primary School, Manupura",LALITPUR,-,-,24.839105,78.5107,8,782,2026-01-01 00:00:00,2026-08-15 00:00:00,True
"Primary School, Marry",JHANSI,Jhansi,-,25.476462,78.602875,9,849,2026-01-01 00:00:00,2026-09-05 18:00:00,True
"Primary School, Masaurakhurd",LALITPUR,-,-,24.652554,78.451204,9,848,2026-01-01 00:00:00,2026-09-05 18:00:00,True
"Primary School, Mithabel",GORAKHPUR,-,-,26.554835,83.588628,9,848,2026-01-01 18:00:00,2026-09-05 12:00:00,True
"Primary School, Motiyari, Mahuaa, Banda_1",BANDA,-,-,25.190927,80.504354,9,842,2026-01-01 00:00:00,2026-09-05 18:00:00,True
"Primary School, Narokhar",SONBHADRA,-,-,24.6313441,83.1693236,9,802,2026-01-01 18:00:00,2026-09-05 12:00:00,True
"Primary School, Narouiya Daamar",SONBHADRA,-,-,24.3269571,83.370573,9,821,2026-01-01 00:00:00,2026-09-05 12:00:00,True
"Primary School, Nota",JHANSI,Jhansi,-,25.472743,78.951012,9,854,2026-01-01 00:00:00,2026-09-05 18:00:00,True
"Primary School, Pachar",JHANSI,Jhansi,-,25.557226,78.746914,9,839,2026-01-01 06:00:00,2026-09-05 18:00:00,True
"Primary School, Padra",JHANSI,Jhansi,-,25.181223,78.887911,8,621,2026-01-01 00:00:00,2026-08-22 12:00:00,True
"Primary School, Pakarhut",SONBHADRA,-,-,24.7199225,83.2871358,9,801,2026-01-01 00:00:00,2026-09-05 12:00:00,True
"Primary School, Pali",MEERUT,-,-,29.121439,77.98385,9,900,2026-01-01 00:00:00,2026-09-05 18:00:00,True
"Primary School, Paraon",LALITPUR,-,-,24.937571,78.577925,9,824,2026-01-01 00:00:00,2026-09-01 00:00:00,True
"Primary School, Pashu palan Vibhag Masuri",MEERUT,-,-,29.069387,77.824426,8,917,2026-01-01 00:00:00,2026-08-29 00:00:00,True
"Primary School, Purakalan, Talbehat, Lalitpur_1",LALITPUR,-,-,25.05684,78.612092,9,823,2026-01-01 00:00:00,2026-09-05 18:00:00,True
"Primary School, R.K.Inter college",BAGHPAT,-,-,29.148995,77.168007,9,845,2026-01-01 00:00:00,2026-09-05 18:00:00,True
"Primary School, Radhana",MEERUT,-,-,28.909146,77.941918,9,861,2026-01-01 00:00:00,2026-09-05 18:00:00,True
"Primary School, Safpuram Chandpur",MEERUT,-,-,29.131818,77.986433,9,852,2026-01-01 00:00:00,2026-09-05 18:00:00,True
"Primary School, Saina",HAMIRPUR,-,-,25.624833,79.539118,8,784,2026-01-01 00:00:00,2026-08-16 00:00:00,True
"Primary School, Salarpur Jalalpur",MEERUT,-,-,29.010694,77.78043,9,795,2026-01-02 12:00:00,2026-09-04 12:00:00,True
"Primary School, Salhepur",FATEHPUR,-,-,25.968726,80.375526,9,888,2026-01-01 00:00:00,2026-09-05 18:00:00,True
"Primary School, Sangholi taga",BAGHPAT,-,-,28.83171,78.380654,9,805,2026-01-01 00:00:00,2026-09-05 18:00:00,True
"Primary School, Sanori",LALITPUR,-,-,25.044874,78.510011,9,854,2026-01-01 00:00:00,2026-09-05 18:00:00,True
"Primary School, Sarwa",JHANSI,Jhansi,-,25.305553,78.436288,9,839,2026-01-01 00:00:00,2026-09-05 18:00:00,True
"Primary School, Shekhar",JHANSI,Jhansi,-,25.182275,78.497391,8,855,2026-01-01 00:00:00,2026-08-29 00:00:00,True
"Primary School, Shivpur",MIRZAPUR,-,-,25.074478,82.867906,9,794,2026-01-01 18:00:00,2026-09-05 12:00:00,True
"Primary School, Silana",BAGHPAT,-,-,29.192123,77.220546,9,904,2026-01-01 00:00:00,2026-09-05 18:00:00,True
"Primary School, Sindhan Kalan",BANDA,-,-,25.776833,80.444739,8,671,2026-01-01 06:00:00,2026-09-05 18:00:00,True
"Primary School, Sirasi",SONBHADRA,-,-,24.6577646,83.2965612,9,805,2026-01-01 00:00:00,2026-09-05 12:00:00,True
"Primary School, Sirjam",DEORIA,Deoria,-,26.51297467,83.7784338,9,831,2026-01-01 00:00:00,2026-09-05 12:00:00,True
"Primary School, Sultanpur_1",MUZAFFARNAGAR,-,-,29.323405,77.506124,8,790,2026-01-01 03:03:00,2026-09-04 15:03:00,True
"Primary School, Surikalan",LALITPUR,-,-,24.770929,78.684209,9,860,2026-01-01 00:00:00,2026-09-05 18:00:00,True
"Primary School, Tewalagarhi",BAGHPAT,-,-,29.202959,77.454399,9,846,2026-01-01 00:00:00,2026-09-05 18:00:00,True
"Primary School, Tilaura",SIDDHARTHNAGAR,-,-,27.1813917,82.87247,9,826,2026-01-01 00:00:00,2026-09-05 18:00:00,True
"Primary School, Vansha Gram Panchayt",LALITPUR,-,-,24.627583,78.357904,9,874,2026-01-01 00:00:00,2026-09-05 18:00:00,True
"Primary School, Vijaypura",LALITPUR,-,-,24.565236,78.447389,9,777,2026-01-01 00:00:00,2026-09-01 00:00:00,True
"Primary School/ Composite, Alampur",SAHARANPUR,Saharanpur,-,29.77928,77.219398,9,827,2026-01-01 00:00:00,2026-09-05 18:00:00,True
"Primary School/ Composite, Bhojpur Taga",SAHARANPUR,Saharanpur,-,30.07703,77.541013,8,741,2026-01-01 00:00:00,2026-08-24 17:00:00,True
"Primary School/ Composite, Chaappar",SAHARANPUR,Saharanpur,-,29.871599,77.285221,9,809,2026-01-01 00:00:00,2026-09-05 18:00:00,True
"Primary School/ Composite, Chittora",MUZAFFARNAGAR,-,-,29.357824,77.81001,9,921,2026-01-01 00:00:00,2026-09-05 18:00:00,True
"Primary School/ Composite, Dadheru Kaian",MUZAFFARNAGAR,-,-,29.490602,77.619424,9,832,2026-01-01 00:00:00,2026-09-05 18:00:00,True
"Primary School/ Composite, Dholla Majra",SAHARANPUR,Saharanpur,-,29.884476,77.266198,9,823,2026-01-01 00:00:00,2026-09-05 18:00:00,True
"Primary School/ Composite, Fakreda",SAHARANPUR,Saharanpur,-,29.893904,77.728096,8,845,2026-01-02 15:57:00,2026-08-25 14:24:00,True
"Primary School/ Composite, Ghumawati",MUZAFFARNAGAR,-,-,29.578258,77.855488,9,931,2026-01-01 00:00:00,2026-09-04 13:32:00,True
"Primary School/ Composite, Haibatpur",MUZAFFARNAGAR,-,-,29.51064,77.605369,9,872,2026-01-01 00:00:00,2026-09-05 18:00:00,True
"Primary School/ Composite, Harsauli",MUZAFFARNAGAR,-,-,29.398522,77.600445,9,854,2026-01-01 00:00:00,2026-09-05 18:00:00,True
"Primary School/ Composite, Jaula Dindauli",SAHARANPUR,Saharanpur,-,29.853954,77.659518,9,875,2026-01-01 00:00:00,2026-09-05 18:00:00,True
"Primary School/ Composite, Jeevna",MUZAFFARNAGAR,-,-,29.2929,77.666319,9,821,2026-01-01 00:00:00,2026-09-05 18:00:00,True
"Primary School/ Composite, Jhabiran",SAHARANPUR,Saharanpur,-,29.966511,77.400802,9,945,2026-01-01 00:00:00,2026-09-04 00:00:00,True
"Primary School/ Composite, Jukhedi",SAHARANPUR,Saharanpur,-,29.802393,77.308486,9,906,2026-01-01 00:00:00,2026-09-05 18:00:00,True
"Primary School/ Composite, Katla Naveen",SAHARANPUR,Saharanpur,-,30.044453,77.49411,9,769,2026-01-01 06:00:00,2026-09-05 18:00:00,True
"Primary School/ Composite, Landhoura Junardar",SAHARANPUR,Saharanpur,-,29.974588,77.57002,8,881,2026-01-01 00:00:00,2026-08-31 18:03:00,True
"Primary School/ Composite, Mandawali Khadar",MUZAFFARNAGAR,-,-,29.270732,77.58438,9,846,2026-01-02 12:00:00,2026-09-05 18:00:00,True
"Primary School/ Composite, Manganpur",MUZAFFARNAGAR,-,-,29.544295,77.485792,9,924,2026-01-01 00:00:00,2026-09-03 17:08:00,True
"Primary School/ Composite, Manoharpur",SAHARANPUR,Saharanpur,-,30.019681,77.502639,9,811,2026-01-01 00:00:00,2026-09-05 18:00:00,True
"Primary School/ Composite, Manpur Qadeem",SAHARANPUR,Saharanpur,-,29.75828,77.144628,9,929,2026-01-01 00:00:00,2026-09-02 12:00:00,True
"Primary School/ Composite, Mehmoodpur",SAHARANPUR,Saharanpur,-,29.81469,77.737876,9,758,2026-01-01 00:00:00,2026-09-05 18:00:00,True
"Primary School/ Composite, Mundi Kheri",SAHARANPUR,Saharanpur,-,29.817502,77.485792,9,785,2026-01-01 00:00:00,2026-09-01 15:59:00,True
"Primary School/ Composite, Nagla Rajput",SAHARANPUR,Saharanpur,-,29.81232,77.194552,9,849,2026-01-01 00:00:00,2026-09-05 18:00:00,True
"Primary School/ Composite, Nandhera Khurd",SAHARANPUR,Saharanpur,-,29.637284,77.56033,9,806,2026-01-02 06:00:00,2026-09-03 15:33:00,True
"Primary School/ Composite, Nasrullahgarh",SAHARANPUR,Saharanpur,-,29.935848,77.253626,9,842,2026-01-01 00:00:00,2026-09-05 18:00:00,True
"Primary School/ Composite, Nunabadi",SAHARANPUR,Saharanpur,-,29.71187,77.572868,9,813,2026-01-01 00:00:00,2026-09-05 18:00:00,True
"Primary School/ Composite, Pawti",MUZAFFARNAGAR,-,-,29.592243,77.633976,9,799,2026-01-01 00:00:00,2026-09-05 18:00:00,True
"Primary School/ Composite, Peepalhera",MUZAFFARNAGAR,-,-,29.528774,77.480056,9,892,2026-01-01 00:00:00,2026-09-05 18:00:00,True
"Primary School/ Composite, Rasulpur",MUZAFFARNAGAR,-,-,29.53586,77.635988,9,840,2026-01-01 00:00:00,2026-09-05 18:00:00,True
"Primary School/ Composite, Sidki",SAHARANPUR,Saharanpur,-,29.877706,77.63111,9,845,2026-01-01 00:00:00,2026-09-05 18:00:00,True
"Primary School/ Composite, Tandheda",MUZAFFARNAGAR,-,-,29.372459,77.931921,9,838,2026-01-01 00:00:00,2026-09-05 18:00:00,True
Prmary School Rajpura,VARANASI,-,-,25.256981,82.774457,9,912,2026-01-01 00:00:00,2026-09-05 18:00:00,True
Punchayat Bhawan Bhaluwani,DEORIA,-,-,26.371332,83.761583,9,908,2026-01-01 00:00:00,2026-09-04 18:00:00,True
Punchayat Bhawan Vijaypur,MIRZAPUR,-,-,25.133254,82.39177,9,904,2026-01-01 00:00:00,2026-09-05 18:00:00,True
"Purv Madh Vidhyalaya, Doomradeeh",SONBHADRA,-,-,24.1967011,83.2116726,9,817,2026-01-01 00:00:00,2026-09-05 12:00:00,True
"Purv Madh Vidhyalaya, Shivpur",SONBHADRA,-,-,24.7140575,83.2296165,9,817,2026-01-01 00:00:00,2026-09-05 12:00:00,True
"Purv Madhyamik Vidhyalaya, Doriya",SONBHADRA,-,-,24.7278197,83.3711203,9,813,2026-01-01 00:00:00,2026-09-05 12:00:00,True
"Purv Madhyamik Vidhyalaya, Fattupur",SANT RAVIDAS NAGAR,-,-,25.4040161,82.5393989,9,817,2026-01-01 00:00:00,2026-09-05 12:00:00,True
"Purv Madhyamik Vidhyalaya, Mahooli",SONBHADRA,-,-,24.2319299,83.2964576,9,794,2026-01-01 00:00:00,2026-09-05 18:00:00,True
"Purv Madhyamik Vidyalaya, Mujehra",MIRZAPUR,-,-,25.2190414,82.5386282,9,813,2026-01-01 00:00:00,2026-09-05 12:00:00,True
"Purv Madhyamik Vidyalaya, Ranibari",MIRZAPUR,-,-,25.1397805,82.5265216,9,793,2026-01-01 00:00:00,2026-09-05 12:00:00,True
"Purv Madhyamik Vidyalaya,Bharpura",MIRZAPUR,-,-,25.081998,82.702502,9,797,2026-01-01 00:00:00,2026-09-05 12:00:00,True
Purva Madhyamik Vidhyalaya Achausa,JHANSI,-,-,25.635476,79.043694,9,892,2026-01-01 00:00:00,2026-09-05 18:00:00,True
Purva Madhyamik Vidhyalaya Baroda Dang,LALITPUR,-,-,24.949716,78.538933,9,894,2026-01-02 00:00:00,2026-09-05 18:00:00,True
Purva Madhyamik Vidhyalaya Bhitaura,JHANSI,-,-,25.336319,78.938194,9,904,2026-01-02 00:00:00,2026-09-05 18:00:00,True
Purva Madhyamik Vidhyalaya Ladwari,LALITPUR,-,-,24.907563,78.610635,9,906,2026-01-01 00:00:00,2026-09-05 18:00:00,True
Purva Madhyamik Vidhyalaya Piphara,ETAH,-,-,27.494227,78.519052,9,901,2026-01-01 00:00:00,2026-09-05 18:00:00,True
Purva Madhyamik Vidhyalaya Sihari,JALAUN,-,-,26.249551,79.217094,9,920,2026-01-01 00:00:00,2026-09-05 18:00:00,True
"Purva Madhyamik Vidhyalaya, Chackwara",AZAMGARH,-,-,25.923232,83.163587,9,902,2026-01-01 00:00:00,2026-09-05 18:00:00,True
"Purva Madhyamik Vidhyalaya, Chandapur",VARANASI,-,-,25.410499,82.987667,9,912,2026-01-01 00:00:00,2026-09-05 18:00:00,True
Purva Madhyamik Vidyalaya Chalakpur,SAHARANPUR,-,-,30.048452,77.454106,9,920,2026-01-01 00:00:00,2026-09-05 18:00:00,True
Pv. Compiergang,GORAKHPUR,Gorakhpur,-,27.025,83.281944,9,814,2026-01-01 00:00:00,2026-09-05 12:00:00,True
R.R.C. Center Aata,JALAUN,-,-,26.046656,79.601251,9,892,2026-01-01 00:00:00,2026-09-05 18:00:00,True
RASULPUR BARGAON RAJKIYA UCHTTAR PRATHAMIK VIDYALAYA,KAUSHAMBI,-,-,25.370944,81.419864,9,834,2026-01-01 00:00:00,2026-09-05 18:00:00,True
Rajapur Sikraur,AZAMGARH,Azamgarh,-,26.0,82.939167,9,811,2026-01-01 00:00:00,2026-09-05 12:00:00,True
Rajkia Balika Inter College Kamasin,BANDA,-,-,25.522948,80.911552,8,778,2026-01-01 00:00:00,2026-08-22 00:00:00,True
Rajkia High School Pakhrauli,BANDA,-,-,25.566353,80.783332,8,832,2026-01-01 00:00:00,2026-08-17 18:00:00,True
"Rajkiya High School, Atali",MUZAFFARNAGAR,-,-,29.212539,77.516103,8,781,2026-01-01 11:38:00,2026-09-04 11:38:00,True
Ramchhitoni Sahawar (UP-011),Kansiram Nagar,Kasganj,-,27.75305556,78.90722222,9,919,2026-01-01 00:00:00,2026-09-05 18:00:00,True
Ranipur_2,CHITRAKOOT,-,-,25.19449505,80.82972965,8,660,2026-01-01 00:00:00,2026-09-05 18:00:00,True
Rasin_2,CHITRAKOOT,-,-,25.185,80.705,8,681,2026-01-01 00:00:00,2026-09-05 18:00:00,True
"Roadways Bus Stand, Robertsganj",SONBHADRA,-,-,24.6867241,83.0642055,9,801,2026-01-01 00:00:00,2026-09-05 12:00:00,True
Rohari,HAMIRPUR,-,-,25.750852,80.057661,8,625,2026-01-02 18:00:00,2026-09-05 18:00:00,True
SARAHARI PRATHMIK VIDYALAYA,GORAKHPUR,-,-,26.92272,83.349066,9,822,2026-01-01 00:00:00,2026-09-05 12:00:00,True
SWASTH KENDR PIPIGANJ,GORAKHPUR,-,-,26.928612,83.294821,9,813,2026-01-01 00:00:00,2026-09-05 12:00:00,True
Saint Ravidas Nagar Abholi Abholi,MIRZAPUR,-,-,25.446551,82.368655,9,853,2026-01-01 00:00:00,2026-09-05 18:00:00,True
Saint Ravidas Nagar Abholi Gangarampur,MIRZAPUR,-,-,25.458174,82.364247,9,856,2026-01-01 00:00:00,2026-09-05 18:00:00,True
Saint Ravidas Nagar Aurai Ugapur,MIRZAPUR,-,-,25.3992,82.434861,9,903,2026-01-01 00:00:00,2026-09-05 18:00:00,True
Saint Ravidas Nagar Aurai Uprauth,MIRZAPUR,-,-,25.277409,82.569482,9,816,2026-01-01 00:00:00,2026-09-05 18:00:00,True
Saint Ravidas Nagar Bhadohi Munshi,MIRZAPUR,-,-,25.375199,82.534945,8,921,2026-01-01 00:00:00,2026-08-29 00:00:00,True
Saint Ravidas Nagar Deegh  Deegh,MIRZAPUR,-,-,25.297279,82.304502,9,853,2026-01-01 00:00:00,2026-09-05 18:00:00,True
Saint Ravidas Nagar Deegh Velahua,MIRZAPUR,-,-,25.347588,82.350868,9,874,2026-01-01 00:00:00,2026-09-05 18:00:00,True
Saint Ravidas Nagar Gyanpur Kansapur,MIRZAPUR,-,-,25.342994,82.49052,9,941,2026-01-01 00:00:00,2026-09-05 18:00:00,True
Saint Ravidas Nagar Gyanpur Samhai,MIRZAPUR,-,-,25.355367,82.508795,9,840,2026-01-01 00:00:00,2026-09-05 18:00:00,True
Saint Ravidas Nagar Suriyawan Chhapariya,MIRZAPUR,-,-,25.456331,82.438271,9,829,2026-01-01 00:00:00,2026-09-05 18:00:00,True
Saint Ravidas Nagar Suriyawan Mond,MIRZAPUR,-,-,25.428869,82.48589,9,931,2026-01-01 00:00:00,2026-09-05 18:00:00,True
Saital,GORAKHPUR,Gorakhpur,-,26.556111,83.378889,9,806,2026-01-01 00:00:00,2026-09-05 12:00:00,True
Salhakheri,MUZAFFARNAGAR,MUZAFFARNAGAR,-,29.463889,77.455556,9,839,2026-01-01 00:00:00,2026-09-05 12:00:00,True
"Samaj Sevak Junir High School, Bhaura Kalan",MUZAFFARNAGAR,-,-,29.378216,77.449939,9,859,2026-01-01 00:00:00,2026-09-05 18:00:00,True
Sanjhak,MUZAFFARNAGAR,MUZAFFARNAGAR,-,29.435278,77.631389,9,827,2026-01-01 00:00:00,2026-09-05 12:00:00,True
Satti Chau Prathmik Vidyalaya,SHRAWASTI,-,-,27.69907,81.93443,9,832,2026-01-01 00:00:00,2026-09-05 18:00:00,True
Semara_1,CHITRAKOOT,-,-,25.149208,81.467994,8,694,2026-01-01 00:00:00,2026-09-05 18:00:00,True
"Shahid Chandra Shekhar Kanya P.M.V., Mallupura",MUZAFFARNAGAR,-,-,29.479795,77.702103,9,859,2026-01-01 00:00:00,2026-09-05 18:00:00,True
Shahjahanpur Bhawal Kheda Bhawal Kheda,BAREILLY,-,-,27.895952,79.984973,9,856,2026-01-01 00:00:00,2026-09-05 18:00:00,True
Shahjahanpur Bhawal Kheda Chak Bhitara,BAREILLY,-,-,27.845415,79.999868,9,891,2026-01-01 00:00:00,2026-09-05 18:00:00,True
Shahjahanpur Bhawal Kheda Chaudhera,BAREILLY,-,-,27.818291,79.924457,8,603,2026-01-01 12:00:00,2026-09-05 18:00:00,True
Shahjahanpur Bhawal Kheda Ladhauli,BAREILLY,-,-,27.941568,79.95473,9,898,2026-01-01 00:00:00,2026-09-05 00:00:00,True
Shahjahanpur Bhawal Kheda Shahbaj Pur,BAREILLY,-,-,27.813481,79.906993,8,589,2026-01-01 12:00:00,2026-09-04 00:00:00,True
Shahjahanpur Bhawal Kheda Sutnera,BAREILLY,-,-,27.90977,80.03193,9,818,2026-01-01 00:00:00,2026-09-05 18:00:00,True
Shahjahanpur Dadraul Banthara,BAREILLY,-,-,27.91887,79.819144,9,835,2026-01-01 06:00:00,2026-09-05 18:00:00,True
Shahjahanpur Dadraul Saraura (East),BAREILLY,-,-,27.799064,79.899495,8,581,2026-01-01 00:00:00,2026-09-04 00:00:00,True
Shahjahanpur Puvayan  Badagaon Pratham,BAREILLY,-,-,28.05027,80.07123,9,834,2026-01-01 00:00:00,2026-09-05 18:00:00,True
Shahjahanpur Puvayan Bhilawan,BAREILLY,-,-,28.100451,80.097023,9,814,2026-01-01 00:00:00,2026-09-05 18:00:00,True
Shahjahanpur Puvayan Mahua Pathak,BAREILLY,-,-,28.025949,80.039412,9,725,2026-01-01 00:00:00,2026-09-05 18:00:00,True
Shahjahanpur Puvayan Nahil,BAREILLY,-,-,28.12588,80.04257,9,835,2026-01-01 00:00:00,2026-09-05 18:00:00,True
Shahjahanpur Sidhauli Korokuiyan,BAREILLY,-,-,28.017453,80.028498,9,825,2026-01-01 00:00:00,2026-09-05 18:00:00,True
Shahjahanpur Sidhauli Mahanand Pur,BAREILLY,-,-,28.007942,80.013319,8,789,2026-01-01 00:00:00,2026-08-23 18:00:00,True
Shahjahanpur Sidhauli Sidhauli,BAREILLY,-,-,27.965402,79.967845,9,851,2026-01-01 00:00:00,2026-09-05 18:00:00,True
Shitalpur_1,CHITRAKOOT,-,-,25.182206,81.021946,8,673,2026-01-01 00:00:00,2026-09-05 18:00:00,True
Sikhula Pz._1,BANDA,-,-,25.827644,80.312119,8,671,2026-01-01 18:00:00,2026-09-05 18:00:00,True
Singhara Pr. Vid.,AZAMGARH,MOHAMMADPUR,MOHAMMADPUR,25.92111111,82.98083333,9,819,2026-01-01 00:00:00,2026-09-05 12:00:00,True
Sitapur Mafi,CHITRAKOOT,-,-,25.189291,80.869885,8,667,2026-01-01 00:00:00,2026-09-05 18:00:00,True
Sonbhadra Babhani Bhawar,MIRZAPUR,-,-,25.149966,82.509871,8,915,2026-01-01 00:00:00,2026-08-23 18:00:00,True
Sonbhadra Chopan Khairatiya,MIRZAPUR,-,-,24.486905,82.988388,9,867,2026-01-01 00:00:00,2026-09-05 18:00:00,True
Sonbhadra Duddhi Mahuli,MIRZAPUR,-,-,24.235831,83.303241,9,865,2026-01-01 00:00:00,2026-09-05 18:00:00,True
Sonbhadra Myorpur Agartola,MIRZAPUR,-,-,24.098713,83.094693,9,855,2026-01-01 00:00:00,2026-09-05 18:00:00,True
Srikantpur Pr. Vid.,AZAMGARH,LALGANJ,LALGANJ,25.76527778,82.93416667,9,815,2026-01-01 00:00:00,2026-09-05 12:00:00,True
Sujanpura Badhyapar,GORAKHPUR,Gorakhpur,-,26.55,83.216111,9,844,2026-01-01 00:00:00,2026-09-05 18:00:00,True
Sukwan,JHANSI,-,-,25.21438,78.53791,8,650,2026-01-01 06:00:00,2026-09-05 18:00:00,True
"Swarg Dham, Hardua",JHANSI,-,-,25.711111,79.09725,9,896,2026-01-01 00:00:00,2026-09-05 18:00:00,True
Terha_1,HAMIRPUR,-,-,25.830618,80.240971,8,677,2026-01-01 00:00:00,2026-09-05 18:00:00,True
"Thana Prisar, Lalganj",MIRZAPUR,-,-,25.0189937,82.3612535,9,826,2026-01-01 18:00:00,2026-09-05 12:00:00,True
Uccha Prathmik Vidhyalaya Deaval,CHITRAKOOT,-,-,25.387362,80.943182,8,780,2026-01-02 00:00:00,2026-08-04 18:00:00,True
Uccha Prathmik Vidhyalaya Devaratha,BANDA,-,-,25.542005,80.607435,9,892,2026-01-01 00:00:00,2026-09-05 18:00:00,True
Uccha Prathmik Vidhyalaya Odera,HAMIRPUR,-,-,25.561162,79.560182,9,843,2026-01-01 00:00:00,2026-09-05 18:00:00,True
Uccha Prathmik Vidhyalaya Uldan,JHANSI,-,-,25.391496,79.01559,9,900,2026-01-01 00:00:00,2026-09-05 18:00:00,True
"Uccha Prathmik Vidhyalaya, Chero",DEORIA,-,-,26.3037,83.859915,9,904,2026-01-01 00:00:00,2026-09-05 18:00:00,True
"Uccha Prathmik Vidhyalaya, Gangapur",FATEHPUR,-,-,25.980371,80.338543,9,908,2026-01-01 00:00:00,2026-09-05 18:00:00,True
"Uccha Prathmik Vidhyalaya, Hasanpur Kadim",MEERUT,-,-,28.938962,77.786322,8,794,2026-01-01 04:17:00,2026-09-04 10:17:00,True
"Uccha Prathmik Vidhyalaya, Kapsarh",MEERUT,-,-,29.197728,77.680634,9,920,2026-01-01 00:00:00,2026-09-05 18:00:00,True
"Uccha Prathmik Vidhyalaya, Lohra (Pampawan)",SONBHADRA,-,-,24.883932,83.042117,9,928,2026-01-01 00:00:00,2026-09-05 18:00:00,True
"Uccha Prathmik Vidhyalaya, Pathouli",MEERUT,-,-,29.084634,77.555724,9,896,2026-01-01 00:00:00,2026-09-05 18:00:00,True
"Uccha Prathmik Vidhyalaya, Semra Bhav Nagar",LALITPUR,-,-,24.797724,78.599031,9,884,2026-01-01 00:00:00,2026-09-05 18:00:00,True
"Uccha Prathmik Vidhyalaya, Simra",JHANSI,-,-,25.543998,78.444637,9,836,2026-01-02 00:00:00,2026-09-03 18:00:00,True
"Uccha Prathmik Vidhyalaya, Sonpur",MIRZAPUR,-,-,25.04768,82.993337,9,736,2026-01-13 18:00:00,2026-09-05 18:00:00,True
"Uchha Prathmik Vidhyala, Tadi Mustkil",CHITRAKOOT,-,-,25.327113,81.379815,9,804,2026-01-01 00:00:00,2026-09-05 06:00:00,True
Upper Primary Kasampur,MUZAFFARNAGAR,-,-,29.550843,77.804216,9,924,2026-01-01 00:00:00,2026-09-05 18:00:00,True
"Upper Primary School Eng Medium, Hariyabans",SAHARANPUR,Saharanpur,-,29.958322,77.67493,9,837,2026-01-01 00:00:00,2026-09-05 18:00:00,True
Upper Primary School Lehra,ETAH,-,-,27.555176,78.460752,9,889,2026-01-01 00:00:00,2026-09-05 18:00:00,True
Upper Primary School Pohalli,MEERUT,-,-,29.073078,77.642706,9,888,2026-01-01 00:00:00,2026-09-05 18:00:00,True
Upper Primary School Rijaula,BUDAUN,-,-,27.829764,79.271286,9,909,2026-01-01 00:00:00,2026-09-05 18:00:00,True
Upper Primary School Sarahan Bujurg,FATEHPUR,-,-,25.994991,80.300108,9,920,2026-01-01 00:00:00,2026-09-05 18:00:00,True
Upper Primary School Urouliya,BUDAUN,-,-,27.886435,79.208052,9,910,2026-01-01 00:00:00,2026-09-05 18:00:00,True
"Upper Primary School, Khadui",SONBHADRA,-,-,24.677459,83.2618895,9,785,2026-01-01 00:00:00,2026-09-05 12:00:00,True
Varansi Badagaon Gajapur,VARANASI,-,-,25.393313,82.753267,9,401,2026-01-09 06:00:00,2026-09-05 18:00:00,True
Varansi Chirai Gaon  Gathiya Jairampur,VARANASI,-,-,25.446852,83.098802,9,532,2026-01-01 00:00:00,2026-09-05 18:00:00,True
Varansi Chirai Gaon Chhahi,VARANASI,-,-,25.408162,83.038612,8,535,2026-01-01 00:00:00,2026-08-21 18:00:00,True
Varansi Cholapur Chaubepur,VARANASI,-,-,25.446828,83.098698,9,849,2026-01-01 00:00:00,2026-09-05 18:00:00,True
Varansi Cholapur Munari,VARANASI,-,-,25.449407,83.048723,9,580,2026-01-01 00:00:00,2026-09-05 18:00:00,True
Varansi Harahua Bhaithauli,VARANASI,-,-,25.460597,82.970217,9,840,2026-01-01 00:00:00,2026-09-04 00:00:00,True
Varansi Harahua Gurwat,VARANASI,-,-,25.457824,82.980965,9,593,2026-01-14 18:00:00,2026-09-03 06:00:00,True
Varansi Harahua Kakalpur,VARANASI,-,-,25.316392,82.832559,8,655,2026-01-10 18:00:00,2026-08-24 00:00:00,True
Varansi Harahua Shivrampur,VARANASI,-,-,25.426629,83.073133,9,218,2026-01-01 18:00:00,2026-09-05 18:00:00,True
Varansi Harahua Sulemapur,VARANASI,-,-,25.451127,83.001113,9,829,2026-01-01 00:00:00,2026-09-05 18:00:00,True
Varansi Pindara Gajendra,VARANASI,-,-,25.47852,82.896599,9,470,2026-01-01 00:00:00,2026-09-05 18:00:00,True
Varansi Pindara Molanapur,VARANASI,-,-,25.471412,83.132893,8,204,2026-01-01 18:00:00,2026-08-27 18:00:00,True
Veterinary Hospital Shahjahanpur,MEERUT,-,-,28.855092,77.964625,9,904,2026-01-01 00:00:00,2026-09-05 18:00:00,True
"Vikash Khand Parisar, Itwa",SIDDHARTHNAGAR,-,-,27.3219006,82.6936559,9,801,2026-01-01 00:00:00,2026-09-05 12:00:00,True
primary school Chaura khurd,SAHARANPUR,-,-,29.95975,77.728576,9,909,2026-01-01 00:00:00,2026-09-05 18:00:00,True
primary school jalalpura,SAHARANPUR,-,-,29.936939,77.393186,9,898,2026-01-01 00:00:00,2026-09-05 18:00:00,True
primary school kapasi,SAHARANPUR,-,-,29.913094,77.618469,9,908,2026-01-01 00:00:00,2026-09-05 18:00:00,True
